:020000040800F2
:100000000000032079C40008910A0008930A000840
:10001000950A0008970A0008990A000800000000E5
:100020000000000000000000000000009B0A000823
:100030009D0A0008000000009F0A0008A10A0008AD
:10004000D1C40008D1C40008D1C40008A90A00081E
:10005000D1C40008B10A0008D1C40008D1C4000806
:10006000B30A0008D1C40008D1C40008BD0A0008C2
:10007000D1C40008D1C40008D1C40008D1C400080C
:10008000D1C40008D1C40008D1C40008D1C40008FC
:10009000CD0A0008D1C40008D1C40008D1C40008AA
:1000A000D1C40008DD0A0008D1C40008D1C400088A
:1000B000D1C40008D1C40008ED0A0008FD0A0008F8
:1000C000D1C40008D1C40008D1C40008D1C40008BC
:1000D000D1C400080D0B0008D1C40008D1C4000829
:1000E000D1C40008D1C40008D1C40008D1C400089C
:1000F0001D0B0008250B00082D0B0008D1C40008BB
:10010000D1C40008D1C40008350B0008D1C40008D0
:10011000D1C40008D1C40008D1C40008D1C400086B
:10012000D1C40008D1C40008D1C40008D1C400085B
:0C013000D1C40008D1C40008D1C40008EC
:10013C0010B5054C237833B9044B13B10448AFF315
:10014C0000800123237010BD6C0100200000000012
:10015C0048C5000808B5034B1BB103490348AFF36E
:10016C00008008BD000000007001002048C5000898
:10017C0053B94AB9002908BF00281CBF4FF0FF3102
:10018C004FF0FF3000F088B9ADF1080C6DE904CEEA
:10019C0000F006F8DDF804E0DDE9022304B0704756
:1001AC002DE9F047089D8E4604468846002B4AD11F
:1001BC008A42174662D9B2FA82F64EB1C6F12003D2
:1001CC0001FA06F820FA03F3B74043EA0808B440F2
:1001DC004FEA174E1FFA87FCB8FBFEF1230C0EFBFF
:1001EC00118843EA084301FB0CF29A4209D9FB1827
:1001FC0001F1FF3080F0EA809A4240F2E780023948
:10020C003B449A1AA3B2B2FBFEF00EFB102243EA57
:10021C00024300FB0CFC9C4509D9FB1800F1FF3292
:10022C0080F0D6809C4540F2D3803B44023840EAB3
:10023C000140A3EB0C0300211DB1F3400022C5E9E2
:10024C000032BDE8F0878B4205D90DB1C5E900013C
:10025C0000210846F5E7B3FA83F1002946D173452E
:10026C0002D3824200F20581841A6EEB0302012054
:10027C009046002DE5D0C5E90048E2E7002A00F0E1
:10028C009080B2FA82F6002E40F0A4808A1A030CF9
:10029C004FEA174E80B2BCB20121B2FBFEFC0EFB42
:1002AC001C2243EA024304FB0CF29A4207D9FB18C6
:1002BC000CF1FF3802D29A4200F2E080C4469B1A3D
:1002CC00B3FBFEF20EFB123340EA034302FB04F4D1
:1002DC009C4207D9FB1802F1FF3002D29C4200F27B
:1002EC00CA8002461B1B42EA0C40A5E7C1F120065E
:1002FC008B4022FA06F71F430EFA01F420FA06F39C
:10030C002EFA06FE4FEA1749234300FA01F81FFAAA
:10031C0087FCBEFBF9F01C0C09FB10EE44EA0E4402
:10032C0000FB0CFEA64502FA01F209D93C1900F1BA
:10033C00FF3A80F09C80A64540F2998002383C44FC
:10034C00A4EB0E041FFA83FEB4FBF9F309FB134470
:10035C004EEA044403FB0CFCA44508D93C1903F1F8
:10036C00FF3E80F08280A4457FD9023B3C4443EAA7
:10037C000040A4EB0C04A0FB02EC64457346E14680
:10038C0062D35FD05DB1B8EB030264EB090404FAED
:10039C0006F622FA01F31E43CC40C5E900640021A5
:1003AC004FE7B1FBF2FC010C41EA0E4180B240EA8E
:1003BC0001423B4638463C46B846BE462026B1FB79
:1003CC00F7F1A2EB080241EA0C4166E7014618E797
:1003DC0010462CE7C6F120022EFA02F3B740B140CA
:1003EC0020FA02F24FEA174E0A43B3FBFEF8BCB2F6
:1003FC000EFB1833110C41EA034108FB04F9B04021
:10040C0089454FEA104380B23ED9791808F1FF3C78
:10041C0001D289451FD8A1EB0901B1FBFEF909FBFB
:10042C0004F80EFB191192B242EA0142424529D25C
:10043C00BA1809F1FF31C4D24245C2D2A9F1020166
:10044C003A44BEE7F0459DD2BEEB02036CEB070CC1
:10045C000138E14696E7A7EB09094944A8F1020CDB
:10046C00B1FBFEF909FB04F8DBE773467FE7504666
:10047C0066E70846FDE63B44023A33E7ACF1020C72
:10048C003B441CE749469CE7A1EB0901C446B1FB80
:10049C00FEF909FB04F8C4E7704700BF30B589B01A
:1004AC000024039404940594069407944FF0B043ED
:1004BC00DA6C42F00402DA64DA6C02F004020292A2
:1004CC00029ADA6C42F00202DA64DA6C02F002028E
:1004DC000192019ADA6C42F00102DA64DB6C03F0EF
:1004EC0001030093009B124D22461321284601F074
:1004FC0049FE042303934FF488130493059403A932
:10050C00284601F065FD13230393012304930594FE
:10051C00069403A9284601F05BFD224608210846F3
:10052C0002F0DAF8082002F0E7F809B030BD00BF9D
:10053C000004004800B583B04FF0B0439A6C42F011
:10054C0004029A649A6C02F004020192019A9A6C69
:10055C0042F001029A649B6C03F001030093009B30
:10056C00002207210B2002F0B7F80B2002F0C4F890
:10057C0003B05DF804FB0000042800D07047064B64
:10058C001B78022B03D00133034A1370F6E7024B9E
:10059C0000221A70704700BF71040020044B834284
:1005AC0000D07047034A137801331370F9E700BF8A
:1005BC00880100207004002072B6FEE708B50448DC
:1005CC00044B036004F026FB00B908BDFFF7F4FFF1
:1005DC007C030020000C005808B51348134B036033
:1005EC00134B4360002383600122C26003614361AB
:1005FC008361C361036203F0B6FB70B900210A4842
:10060C0004F024F958B90021074804F04DF940B919
:10061C004FF4801004F074F908BDFFF7CDFFFFF71D
:10062C00CBFFFFF7C9FF00BFB80300200054004008
:10063C001C0B910008B50B480B4B03606423436003
:10064C00002383604FF4C852C2600361436183612D
:10065C0004F08EFA18B9034804F05AF908BDFFF7F4
:10066C00ABFF00BF880100200044014008B50E48D4
:10067C000E4B0360002343600F22826047F6FF722B
:10068C00C26003618361C361436104F035FB30B91F
:10069C0000221146044804F085FB10B908BDFFF791
:1006AC008BFFFFF789FF00BFD4010020002800401A
:1006BC0008B51548154B03604FF4164343600023EF
:1006CC008360C360036104224261836103624362FD
:1006DC00836207F05BFC70B900210B4807F062FDE8
:1006EC0058B90021084807F082FD40B9064807F0C8
:1006FC003AFD30B908BDFFF75FFFFFF75DFFFFF76D
:10070C005BFFFFF759FF00BFB002002000800040E4
:10071C0008B50A480A4B0360FF2343600423836037
:10072C000023C360192202614FF48072426183611D
:10073C0008F010F900B908BDFFF73EFF0C020020CD
:10074C00001000A000B587B0002300930193029322
:10075C000393049305931848184A0260436083601E
:10076C00C360036104224261037643760122C261B5
:10077C0080F820308362C36280F83030436380F8A5
:10078C0038300BF047FB90B90D4B009306230193C7
:10079C00002302937F22039204220492059369465C
:1007AC0005480BF023FC20B907B05DF804FBFFF7FC
:1007BC0003FFFFF701FF00BF0C04002000000450F2
:1007CC000100008008B50548054B03600023436019
:1007DC000BF022FE00B908BDFFF7EEFEF801002079
:1007EC000010005800B5A3B04822002110A80BF04F
:1007FC006AFE002309930A930B930C930D930E93AB
:10080C000F9303930493059306930793089301F0B6
:10081C00E5FE4FF0B042D2F8903023F0180343F0CD
:10082C001003C2F8903002F58062136823F4C063A1
:10083C0043F400731360136803F4C0630193019BCA
:10084C000F2310934FF480331193012312934FF421
:10085C0080731393402314930523159302231B9346
:10086C0003231C9310231D9308231E934FF4003372
:10087C001F934FF0005321934FF00073209310A857
:10088C0000F042FC00282CD16F23099303210A911C
:10089C0000230B930C930D9380220E920F9309A8B7
:1008AC0000F0BEFFF8B94FF0B0439A6D42F0807281
:1008BC009A659B6D03F080730293029B0023039354
:1008CC004FF00052049205934BF67F33069322238C
:1008DC0007932023089303A801F056FB23B05DF87F
:1008EC0004FBFFF769FEFFF767FE00B595B05022D9
:1008FC00002168460BF0E7FD4FF454530093062398
:10090C0001934FF4003302934FF0007303934FF0B5
:10091C00005304934FF0885305934FF080630D936D
:10092C004FF080530F934FF4804311931023139384
:10093C00684601F0B0F910B915B05DF804FBFFF78B
:10094C003BFE000000B583B001F036FF04F06EFBF7
:10095C00FFF748FFFFF7C9FFFFF730FEFFF79EFDDB
:10096C00FFF7E8FDFFF738FEFFF764FEFFF77EFEAA
:10097C00FFF79EFEFFF7CCFE0AF0B2F8FFF7E2FE9F
:10098C00FFF720FF02F03EF802F0B6FC04230193BF
:10099C0000230093032301220521022002F096F983
:1009AC0002F0E0FD02F06EFE02F08EFF02F046FB5C
:1009BC00052001F003FC04F053FB10E02C4C01214A
:1009CC00204601F0E4FB00221021204601F0DAFB66
:1009DC0000220221204601F0D5FB04F069FB254BD7
:1009EC001B78012B04D0022B24D0002BF5D1E5E78A
:1009FC00214B1B78002BF0D002F0C4FC1F4B1B7852
:100A0C009BB91B4C00221021204601F0BBFB00229D
:100A1C000121204601F0B6FB01220221204601F003
:100A2C00B1FB154B00221A70D7E702F081FA02F0E5
:100A3C00C1FAE6E705F0EAF998B9114B1B789BB9B6
:100A4C000B4C01221021204601F09CFB00220121BD
:100A5C00204601F097FB00220221204601F092FB78
:100A6C00BBE702F04BFBE8E702F07CFBE8E700BFDA
:100A7C00000400487104002070040020F9060020D6
:100A8C00CC330020FEE7FEE7FEE7FEE7FEE770470B
:100A9C007047704708B501F0A5FE08BD08B504F015
:100AAC008FFE08BD704708B5042001F079FB08BD26
:100ABC0008B5024801F02DFD08BD00BF5002002012
:100ACC0008B5024808F05FFD08BD00BF142C0020DB
:100ADC0008B5024803F052FF08BD00BF8801002092
:100AEC0008B5024803F050FB08BD00BFB803002056
:100AFC0008B5024803F068FE08BD00BFB80300202B
:100B0C0008B5024806F0DCFD08BD00BFB0020020AD
:100B1C0008B505F0BDFA08BD08B505F04DFA08BDDD
:100B2C0008B501F05DFB08BD08B5024807F0F0FD03
:100B3C0008BD00BF0C02002000B583B04FF0B043DD
:100B4C001A6D42F400221A651B6D03F40023019305
:100B5C00019B01F053FD00221146052001F0BCFD64
:100B6C00052001F0C9FD002211462E2001F0B4FD34
:100B7C002E2001F0C1FD03B05DF804FB0268094BA7
:100B8C009A4200D0704782B04FF0B043DA6C42F416
:100B9C000052DA64DB6C03F400530193019B02B046
:100BAC00704700BF0000045030B59DB004460021D2
:100BBC001791189119911A911B91502203A80BF0BF
:100BCC0082FC2268224B9A4201D01DB030BD042316
:100BDC0003934FF440330B9303A801F05CF8002807
:100BEC0033D14FF0B045EB6C43F00103EB64EB6C8D
:100BFC0003F001030293029B4FF4C063179312237B
:100C0C001893002419941A9404231B9317A94FF0DA
:100C1C00904001F0DDF9AB6D43F40013AB65AB6DA7
:100C2C0003F400130193019B224621461E2001F080
:100C3C0053FD1E2001F060FD224621461F2001F0CD
:100C4C004BFD1F2001F058FDBFE7FFF7B5FCC8E7CF
:100C5C00005400400268124B9A4200D0704700B515
:100C6C0083B04FF0B0431A6D42F480121A651B6DBD
:100C7C0003F480130193019B002211462C2001F0F8
:100C8C002BFD2C2001F038FD002211462D2001F007
:100C9C0023FD2D2001F030FD03B05DF804FB00BFF7
:100CAC00000C005870B59CB00446002117911891A7
:100CBC0019911A911B91502203A80BF004FC226885
:100CCC00284B9A4201D01CB070BD0223039303A899
:100CDC0000F0E1FF00283ED14FF0B043DA6D42F056
:100CEC000102DA65DA6D02F001020292029ADA6C04
:100CFC0042F00202DA64DB6C03F002030193019B05
:100D0C0020261796122318930025199501231A9360
:100D1C0008231B9317A9144801F05AF91348144BD4
:100D2C000360102343608560C560802303614561C7
:100D3C008561C661056201F0C3FA78B90B4BC4F842
:100D4C0080309C6200221146252001F0C5FC252034
:100D5C0001F0D2FCB7E7FFF72FFCBDE7FFF72CFC47
:100D6C00ECE700BF00800040000400485002002067
:100D7C000800024030B589B0002303930493059317
:100D8C00069307930268214B9A4201D009B030BDFB
:100D9C004FF0B0431A6D42F480721A651A6D02F46A
:100DAC0080720292029ADA6C42F00202DA64DA6C15
:100DBC0002F002020192019ADA6C42F00102DA644A
:100DCC00DB6C03F001030093009B4FF4407303931F
:100DDC00022404940A25079503A90D4801F0F8F89C
:100DEC000C230393049400240594069407950DEBAF
:100DFC0003014FF0904001F0EBF8224621463220DF
:100E0C0001F06AFC322001F077FCBFE7001000A073
:100E1C000004004810B596B004465022002102A8E8
:100E2C000BF051FB22680F4B9A4201D016B010BD4B
:100E3C004FF4007302934FF08043109302A800F01C
:100E4C002AFF58B94FF0B0431A6D42F480221A654C
:100E5C001B6D03F480230193019BE7E7FFF7ACFBC9
:100E6C00F0E700BF0010005810B596B004465022B1
:100E7C00002102A80BF027FB2268174B9A4201D0E5
:100E8C0016B010BD01F0AAFB4FF4006302934FF4AF
:100E9C000073129302A800F0FEFEC8B94FF0B043E5
:100EAC00D3F8902042F40042C3F890209A6D42F49B
:100EBC0080629A659B6D03F480630193019B002211
:100ECC001146032001F008FC032001F015FCD7E7C4
:100EDC00FFF772FBE2E700BF0028004002680E4BF0
:100EEC009A4200D0704700B583B04FF0B0431A6EF1
:100EFC0042F400321A661B6E03F400330193019B1B
:100F0C0000220F21192001F0E7FB192001F0F4FB5E
:100F1C0003B05DF804FB00BF0044014030B58DB058
:100F2C0005468E462B4C94E80F000DF1300C0CE965
:100F3C000F0005AB04F1100207CA83E807000DF19E
:100F4C00040C1C3494E80F008CE80F00BEF5007FF5
:100F5C0007D0002314E00CAA02EB830353F82C5C9B
:100F6C001EE00023032B08D80CAA02EB830252F8D4
:100F7C00102CAA42EFD20133F4E7002510E0013324
:100F8C00022B0CD80CAA02EB830252F81C2CAA429E
:100F9C00F5D30CAA02EB830353F82C5C00E000257C
:100FAC000D4A136823F007032B43136001F026FC52
:100FBC000446094B1B6803F00703AB4206D001F053
:100FCC001DFC001B0228F4D9032000E000200DB00A
:100FDC0030BD00BF60C500080040005810B5B028F7
:100FEC0016D90E4BDC6A4FF0B043D3F8083103F03E
:100FFC000F030B4A52F82330B4FBF3F401F0F6FA6A
:10100C000146084BA3FB0434A00CFFF787FF10BD6F
:10101C00C0F30310014B53F82040E4E7A8C50008C7
:10102C0008C6000883DE1B434FF0B0439B6813F0E7
:10103C000C030DD14FF0B0431B6803F0F003B02B41
:10104C0004D81B09254A52F823007047B023F8E74F
:10105C00042B3ED0082B10D04FF0B043DB6803F0CC
:10106C000303022B31D0032B0FD14FF0B0431B687D
:10107C0013F4801F2BD11A4812E04FF0B0431B68B9
:10108C0013F4801F27D0174870474FF0B0431B68EC
:10109C0003F0F003B02B16D81B09104A52F82300AA
:1010AC004FF0B042D368C3F3062303FB00F0D368C0
:1010BC00C3F302130133B0FBF3F0D3685B0F0133BE
:1010CC00B0FBF3F07047B023E6E70648E8E70548C5
:1010DC00E6E7044870470248704700BFA8C50008FF
:1010EC000048E8010024F40008B5FFF79DFF4FF01D
:1010FC00B0439B68C3F30313024A52F82330B0FB8E
:10110C00F3F008BD08C60008002800F0728338B55B
:10111C000446036813F0200F2DD04FF0B0429368B3
:10112C00D26802F0030213F00C0358D00C2B54D0ED
:10113C00E369002B00F0A0804FF0B042136843F03D
:10114C000103136001F05AFB05464FF0B0431B68D6
:10115C0013F0020F00F08880636A4FF0B042116800
:10116C0021F0F0010B431360216A536823F47F4391
:10117C0043EA01235360236813F0010F00F09A80B7
:10118C004FF0B042936803F00C03D26802F00302F4
:10119C00082B00F08B800C2B00F085806368B3F576
:1011AC00803F00F0B0804FF0B042136823F48033DE
:1011BC0013606368002B00F0AD8001F01FFB054647
:1011CC004FF0B0431B6813F4003F73D101F016FBD2
:1011DC00401B6428F4D9032016E3012AA8D1E36943
:1011EC00002B00F00883606A4FF0B0431B6803F0DB
:1011FC00F003B02B21D8984221D9FFF7EFFE00283D
:10120C0040F0FB82636A4FF0B042116821F0F001AC
:10121C000B431360216A536823F47F4343EA012391
:10122C005360FFF761FFBF4B1860BF4B186801F0AC
:10123C009BFA00289FD00120E6E2B023DBE74FF0B9
:10124C00B042136823F0F00318431060216A53680E
:10125C0023F47F4343EA01235360606AFFF7BEFE29
:10126C000028DED00120CFE201F0C8FA401B022892
:10127C007FF66BAF0320C7E24FF0B042136823F048
:10128C000103136001F0BAFA05464FF0B0431B6836
:10129C0013F0020F3FF46FAF01F0B0FA401B0228BD
:1012AC00F3D90320B0E2032A7FF478AF6368002BF4
:1012BC0000F0A582236813F0020F54D04FF0B04217
:1012CC00936803F00C03D26802F00302042B33D0B2
:1012DC000C2B2FD0E368002B71D04FF0B042136869
:1012EC0043F48073136001F089FA05464FF0B04364
:1012FC001B6813F4806F2DD101F080FA401B02287B
:10130C00F4D9032080E24FF0B042136843F48033E9
:10131C0013604EE701F072FA05464FF0B0431B68BC
:10132C0013F4003FC6D001F069FA401B6428F4D9CD
:10133C00032069E2022ACDD1E368002B00F0618220
:10134C0021694FF0B042536823F0FE4343EA016336
:10135C00536008E021694FF0B042536823F0FE431C
:10136C0043EA01635360236813F0180F00F0DE802A
:10137C006269002A00F0A38013F0100F70D04FF0B8
:10138C00B043D3F8943013F0020F2ED14FF0B0428B
:10139C00D2F8943043F00103C2F8943001F02EFAE5
:1013AC0005464FF0B043D3F8943013F0020F1CD124
:1013BC0001F024FA401B0228F3D9032024E24FF059
:1013CC00B042136823F48073136001F017FA0546DA
:1013DC004FF0B0431B6813F4806FC4D001F00EFAC9
:1013EC00401B0228F4D903200EE24FF0B042D2F891
:1013FC00943043F00403C2F8943001F0FFF9054631
:10140C004FF0B043D3F8943013F0080F06D101F02D
:10141C00F5F9401B0328F3D90320F5E1A1694FF03E
:10142C00B042D2F8943023F4706343EA0123C2F83B
:10143C009430D2F8943023F00103C2F8943001F0C8
:10144C00DDF905464FF0B043D3F8943013F0020F9A
:10145C006CD001F0D3F9401B0228F3D90320D3E15F
:10146C004FF0B042D2F8943043F00103C2F89430FC
:10147C0001F0C4F905464FF0B043D3F8943013F0A3
:10148C00020F06D101F0BAF9401B0228F3D9032050
:10149C00BAE14FF0B042D2F8943023F00403C2F812
:1014AC0094304FF0B043D3F8943013F0080F3DD084
:1014BC0001F0A4F9401B0328F3D90320A4E14FF059
:1014CC00B042D2F8943023F00403C2F8943001F007
:1014DC0095F905464FF0B043D3F8943013F0080F4C
:1014EC0018D14FF0B042D2F8943023F00103C2F877
:1014FC00943001F083F905464FF0B043D3F89430A3
:10150C0013F0020F12D001F079F9401B0228F3D925
:10151C00032079E101F072F9401B0328DAD903208A
:10152C0072E100BF100000200C000020236813F0B3
:10153C00040F68D0B74B1B6813F4807F27D0A368C7
:10154C00012B35D0052B3CD04FF0B043D3F8902075
:10155C0022F00102C3F89020D3F8902022F004026C
:10156C00C3F89020A368DBB301F048F905464FF0AF
:10157C00B043D3F8903013F0020F44D101F03EF990
:10158C00401B41F288339842F1D903203CE101F031
:10159C0025F801F033F905469E4B1B6813F4807F48
:1015AC00CDD101F02BF9401B0228F5D903202BE1FA
:1015BC004FF0B042D2F8903043F00103C2F89030B3
:1015CC00D0E74FF0B043D3F8902042F00402C3F8B8
:1015DC009020D3F8902042F00102C3F89020C1E78C
:1015EC0001F00CF905464FF0B043D3F8903013F0EE
:1015FC00020F08D001F002F9401B41F288339842E7
:10160C00F1D9032000E1236813F0400F33D0A36A13
:10161C00C3B14FF0B042D2F8983043F00103C2F896
:10162C00983001F0EBF805464FF0B043D3F8983002
:10163C0013F0020F1FD101F0E1F8401B0228F3D97F
:10164C000320E1E04FF0B042D2F8983023F00103D0
:10165C00C2F8983001F0D2F805464FF0B043D3F8F9
:10166C00983013F0020F06D001F0C8F8401B022886
:10167C00F3D90320C8E0E36A002B00F0C4804FF0DC
:10168C00B042916801F00C01D268022B19D00C29E0
:10169C0000F0BD804FF0B042136823F080731360EC
:1016AC0001F0ACF804464FF0B0431B6813F0007F18
:1016BC0000F0978001F0A2F8001B0228F3D9032058
:1016CC00A2E002F00303206B83420AD00C2900F045
:1016DC009C804FF0B0431B6813F0806F22D0012028
:1016EC0092E002F07003606B8342EFD1C2F30623E9
:1016FC00A06B8342EAD102F47813E06B8342E5D10C
:10170C0002F06063206C8342E0D102F06042636CB3
:10171C009A42DBD14FF0B0431B6813F0007F44D0EA
:10172C00002071E04FF0B042136823F08073136017
:10173C0001F064F805464FF0B0431B6813F0007FCE
:10174C0006D001F05BF8401B0228F4D903205BE0C3
:10175C004FF0B042D36830491940236B606B0343A0
:10176C00A06B43EA0023E06B0343206C0343606CE3
:10177C0003431943D160136843F080731360D3683B
:10178C0043F08053D36001F039F804464FF0B04376
:10179C001B6813F0007F06D101F030F8001B022803
:1017AC00F4D9032030E000202EE04FF0B0431A684B
:1017BC0042F080721A60DA6842F08052DA6001F00E
:1017CC001DF804464FF0B0431B6813F0007F06D1A0
:1017DC0001F014F8031B022BF4D9032014E00020B1
:1017EC0012E04FF0B042D1680C4B0B40D36000209C
:1017FC000AE001207047012006E0012004E00120EE
:10180C0002E0012000E0002038BD0120FCE70120AF
:10181C00FAE700BF000400588C80C111FCFFFEEEFB
:10182C00002800F0278170B50C460546934B1B68C9
:10183C0003F007038B422DD32B6813F0020F3FD11B
:10184C002B6813F0200F53D12B6813F0400F6AD183
:10185C002B6813F0040F40F083802B6813F0080FF3
:10186C0040F097802B6813F0010F00F0DE806B685E
:10187C00022B00F0A880032B00F0AD80002B40F071
:10188C00B2804FF0B042126812F0020F40F0B180FB
:10189C000120EEE0794A136823F007030B43136031
:1018AC0000F0ACFF0646754B1B6803F00703A34220
:1018BC00C2D000F0A3FF801B0228F4D90320D8E08B
:1018CC00AB684FF0B0418A6822F0F00213438B6092
:1018DC0000F094FF06464FF0B0439B6813F4803F32
:1018EC00AED100F08BFF801B0228F4D90320C0E09E
:1018FC006B694FF0B041D1F8082122F0F00213438C
:10190C00C1F8083100F07AFF06464FF0B043D3F827
:10191C00083113F4003F97D100F070FF801B0228B0
:10192C00F3D90320A5E0A9694FF0B042D2F80831F1
:10193C0023F00F0343EA1113C2F8083100F05EFFE5
:10194C0006464FF0B043D3F8083113F4803F7FF4D0
:10195C007FAF00F053FF801B0228F2D9032088E0F0
:10196C00EB684FF0B0418A6822F4E06213438B605D
:10197C0000F044FF06464FF0B0439B6813F4003F61
:10198C007FF46BAF00F03AFF801B0228F3D90320E1
:10199C006FE029694FF0B042936823F4605343EA37
:1019AC00C103936000F02AFF06464FF0B0439B68DA
:1019BC0013F4802F7FF456AF00F020FF801B022819
:1019CC00F3D9032055E04FF0B042126812F4003FF7
:1019DC000FD101204DE04FF0B042126812F0007FA1
:1019EC0007D1012045E04FF0B042126812F4806F2D
:1019FC0042D04FF0B0418A6822F0030213438B604F
:101A0C0000F0FCFE06464FF0B0439B6803F00C035D
:101A1C006A68B3EB820F08D000F0F0FE801B41F235
:101A2C0088339842EFD9032023E0144B1B6803F052
:101A3C000703A34215D9114A136823F00703234364
:101A4C00136000F0DBFE05460C4B1B6803F007032C
:101A5C00A34206D000F0D2FE401B0228F4D903208A
:101A6C0007E0FFF741FB064B186000F0CDFE00F0DD
:101A7C007BFE70BD012070470120FAE70040005842
:101A8C001000002008B5FFF72FFB4FF0B0439B6808
:101A9C00C3F30223034A52F8233003F01F03D84048
:101AAC0008BD00BFE8C5000808B5FFF71DFB4FF0E7
:101ABC00B0439B68C3F3C223034A52F8233003F0AC
:101ACC001F03D84008BD00BFE8C500084FF0B04167
:101ADC00D1F88830020902F47F2223EA02030001C4
:101AEC0000F47F200343C1F88830704770B5054679
:101AFC004FF0B042136823F08063136000F07EFE59
:101B0C0004464FF0B0431B6813F0006F06D000F092
:101B1C0075FE001B0228F4D9032400E000240CB14C
:101B2C00204670BD4FF0B0431A6922F4FE4229687A
:101B3C0042EA01221A611A6922F4781269680A438E
:101B4C001A611A6842F080621A6000F057FE06466D
:101B5C004FF0B0431B6813F0006F05D100F04EFE40
:101B6C00801B0228F4D90324002CD9D14FF0B042A9
:101B7C00136929690B431361D2E770B505464FF021
:101B8C00B042136823F08063136000F037FE044604
:101B9C004FF0B0431B6813F0006F06D000F02EFE20
:101BAC00001B0228F4D9032400E000240CB12046C9
:101BBC0070BD4FF0B0431A6922F4FE42296842EA24
:101BCC0001221A611A6922F06062A9680A431A613B
:101BDC001A6842F080621A6000F010FE06464FF060
:101BEC00B0431B6813F0006F05D100F007FE801B9B
:101BFC000228F4D90324002CD9D14FF0B042136938
:101C0C0029690B431361D2E770B505464FF0B0421A
:101C1C00136823F08063136000F0F0FD04464FF06E
:101C2C00B0431B6813F0006F06D000F0E7FD001BFB
:101C3C000228F4D9032400E000240CB1204670BD26
:101C4C004FF0B0431A6922F4FE42296842EA01229D
:101C5C001A611A6922F06042E9680A431A611A682B
:101C6C0042F080621A6000F0C9FD06464FF0B043A6
:101C7C001B6813F0006F05D100F0C0FD801B02281B
:101C8C00F4D90324002CD9D14FF0B042136929693F
:101C9C000B431361D2E770B50446036813F0400F91
:101CAC002FD0036BB3F5800F14D00AD833B904309E
:101CBC00FFF71CFF0646A0B1054624E001252E4681
:101CCC0021E0B3F5000F18D0B3F5400F17D0012564
:101CDC002E4618E04FF0B042D36843F48033D36003
:101CEC000026236B4FF0B041D1F8882022F440023B
:101CFC001343C1F88830002505E00026F1E70026E3
:101D0C00EFE700252E46236813F4006F0AD04FF03E
:101D1C00B043D3F8905005F44075236CAB4240F0BF
:101D2C00B7803546236813F0010F09D0A3694FF033
:101D3C00B041D1F8882022F003021343C1F8883057
:101D4C00236813F0020F09D0E3694FF0B041D1F8CA
:101D5C00882022F440621343C1F88830236813F0C2
:101D6C00100F0CD0A16A4FF0B042D2F88830080C9A
:101D7C00000423EA000343EA0143C2F888302368D5
:101D8C0013F0200F0CD0E16A4FF0B042D2F888303B
:101D9C00080C000423EA000343EA0143C2F888302C
:101DAC00236813F0040F40F0B480236813F0080F7D
:101DBC0040F0B380236813F4807F13D0636B4FF033
:101DCC00B041D1F8882022F040621343C1F888302A
:101DDC00636BB3F1006F00F0A480636BB3F1806FA1
:101DEC0000F0A480236813F4007F17D0A36BB3F129
:101DFC00804F05D0B3F1004F02D0002B40F09E80F5
:101E0C004FF0B041D1F8882022F040421343C1F882
:101E1C008830A36BB3F1C05F00F0A280236813F489
:101E2C00806F13D0E36B4FF0B041D1F8882022F0D3
:101E3C0040521343C1F88830E36BB3F1005F00F0FC
:101E4C009680E36BB3F1805F00F09680236813F407
:101E5C00805F09D0636C4FF0B041D1F8942022F42C
:101E6C0040421343C1F89430236813F4005F0DD043
:101E7C00E26C4FF0B043596A21F030010A435A62C8
:101E8C00A26C596A21F003010A435A62284670BDBC
:101E9C0000F0A4FB5DB9236C4FF0B041D1F8902059
:101EAC0022F440721343C1F8903035463AE74FF0B4
:101EBC00B043D3F89020D3F8901041F48031C3F89C
:101ECC009010D3F8901021F48031C3F8901022F4C4
:101EDC004072216C0A43C3F89020D3F8903013F071
:101EEC00010F12D000F08AFC05464FF0B043D3F836
:101EFC00903013F0020F0AD100F080FC401B41F22D
:101F0C0088339842F1D903250CE735460AE7354664
:101F1C0008E7206AFFF7DAFD47E7606AFFF7D6FDAE
:101F2C0048E7CB6843F08073CB6056E7201DFFF782
:101F3C0024FE00283FF456AF054653E723F08053A8
:101F4C004FF0B042D2F8881021F04041C2F888100E
:101F5C00D2F8881021F040610B43C2F8883058E762
:101F6C004FF0B042D36843F08073D36056E7CB6830
:101F7C0043F48033CB6064E7201DFFF745FE002857
:101F8C003FF464AF054661E74FF0B0439A6B42F003
:101F9C0080729A639A6B22F080729A63036842682B
:101FAC00134382681A43C3681343026943EA02422B
:101FBC00064B5A601A6822F47C52416942EA0122AB
:101FCC001A601A6842F060021A60704700600040A4
:101FDC00F0B5002366E085685E000324B44025EA72
:101FEC000405CC68B4402C438460456825EA0C0594
:101FFC004C68C4F300149C402C43446063E0DD083F
:10200C00083550F8254003F0070C4FEA8C0C4FF0C4
:10201C000F0E0EFA0CFE24EA0E0E0C6904FA0CF4E8
:10202C0044EA0E0440F8254064E0042400E0002457
:10203C0004FA0EF42C430CF1020C4F4D45F82C40D5
:10204C004E4C2568D44325EA02064F6817F4801FCE
:10205C0001D042EA0506494D2E606D6804EA05067A
:10206C004F6817F4001F01D042EA0506434D6E601D
:10207C00D5F8805004EA05064F6817F4803F01D06C
:10208C0042EA05063D4DC5F88060D5F884502C40D9
:10209C004E6816F4003F01D042EA0504374AC2F8F4
:1020AC00844001330A6832FA03F464D04FF0010C17
:1020BC000CFA03FC1CEA0202F3D04C6804F0030493
:1020CC00013C012C87D94C6804F00304032C0CD080
:1020DC00C4685D004FF0030C0CFA05FC24EA0C0CF0
:1020EC008C68AC4044EA0C04C4604C6804F00304F3
:1020FC00022C84D004684FEA430E4FF0030C0CFA08
:10210C000EFC24EA0C0C4C6804F0030404FA0EF4E4
:10211C0044EA0C0404604C6814F4403FC1D04FEA0C
:10212C00930C0CF10205144C54F8255003F0030EDB
:10213C004FEA8E0E0F2404FA0EF425EA0405B0F1D2
:10214C00904F3FF474AF0E4CA0420ED004F5806457
:10215C00A0420CD004F58064A0420AD004F580643F
:10216C00A0423FF462AF072462E7012460E7022437
:10217C005EE703245CE7F0BD000001400008005856
:10218C00000400480AB1816170478162704743695D
:10219C0001EA030221EA030141EA0241816170472D
:1021AC0008B5054BDB68034200D108BD024BD86073
:1021BC00FEF7E2F9F9E700BF000800582030054BA4
:1021CC0053F82020044B9A4201D001207047002084
:1021DC00704700BF001400580004008070470000D6
:1021EC0008B5054BD8681A6822EA00021A605860D4
:1021FC00FFF7F4FF08BD00BF0015005830B4C46CE5
:10220C00056D6560446D14B1846DC56D6560446C7D
:10221C0004F01C0C012404FA0CF4056C6C600468CA
:10222C0063608368102B05D0036899600368DA60DB
:10223C0030BC704703689A600368D960F8E7000007
:10224C000368104A934215D8426C22F0030202F143
:10225C00804202F502328264DBB2083B0A4AA2FBDE
:10226C0003230A4AC264C3F30413012202FA03F3E0
:10227C0003657047426C22F00301054A0A448264EC
:10228C00EAE700BF07040240CDCCCCCC800802406A
:10229C001C080240436803F03F03074A1A449200AB
:1022AC004265064A8265013B03F00303012202FAF0
:1022BC0003F3C365704700BF3F8200104009024022
:1022CC0000285BD010B5044602682D4B9A423DD8CD
:1022DC002C4B13442C49A1FB03131B099B00436497
:1022EC002A4B0364022384F8253011686FF30E1116
:1022FC00A368E06803432069034360690343A06952
:10230C000343E0690343206A03430B4313602046F5
:10231C00FFF796FFA368B3F5804F22D06368A26CD9
:10232C0003F03F031360E36C226D5A606368013B5A
:10233C00032B19D900236365A365E3650020E063D3
:10234C00012384F8253084F8240010BD104B13446D
:10235C000D49A1FB03131B099B0043640D4B036444
:10236C00C0E700236360D9E72046FFF793FF636D56
:10237C0000221A60A36DE26D5A60DFE701207047FE
:10238C0007040240F8FFFDBFCDCCCCCC00000240CE
:10239C00F8FBFDBF0004024038B5044690F8240059
:1023AC00012841D0012084F8240094F82500C0B203
:1023BC00012804D0002384F82430022038BD0220E8
:1023CC0084F825000020E0632568286820F00100CF
:1023DC0028602046FFF712FF236BD3B122681368E5
:1023EC0043F00E031360A36C1A6812F4803F03D001
:1023FC001A6842F480721A60636D1BB11A6842F459
:10240C0080721A602268136843F001031360002085
:10241C00D4E72268136823F004031360226813685E
:10242C0043F00A031360DEE70220C7E703460028E7
:10243C0034D090F82520D2B2022A06D00422C263EE
:10244C00002280F824200120704701680A6822F0DD
:10245C000E020A60816C0A6822F480720A600168BC
:10246C000A6822F001020A60426C02F01C01006C46
:10247C0001228A404260DA6C196D51605A6D32B19A
:10248C00116821F4807111609A6DD96D516001222F
:10249C0083F82520002083F8240070470120704722
:1024AC0008B590F82530DBB2022B03D00423C363AC
:1024BC00012008BD0268136823F00E031360026844
:1024CC00136823F001031360826C136823F4807388
:1024DC001360436C03F01C02016C012393404B60AE
:1024EC00C36C026D5A60436D33B11A6822F480726A
:1024FC001A60836DC26D5A60012380F82530002369
:10250C0080F82430836B13B198470020D1E700206A
:10251C00CFE738B5036C196804682568436C03F081
:10252C001C0304229A400A4215D015F0040F12D055
:10253C00236813F0200F03D1236823F004032360D6
:10254C00436C03F01C02016C042393404B60036B3F
:10255C0003B1984738BD02229A400A421CD015F0AC
:10256C00020F19D0236813F0200F06D1236823F033
:10257C000A032360012380F82530436C03F01C020E
:10258C00016C022393404B60002380F82430C36A13
:10259C00002BDFD09847DDE7082202FA03F30B4249
:1025AC00D8D015F0080FD5D0236823F00E03236084
:1025BC00436C03F01C03016C012202FA03F34B6021
:1025CC00C26380F82520002380F82430436B002B55
:1025DC00C0D09847BEE790F825007047024A1368B0
:1025EC0043F480731360704700040058024B186862
:1025FC0000F4C060704700BF00040058024A5368E2
:10260C0043F480635360704700040058002807DBD4
:10261C0000F01F02400901239340024A42F8203087
:10262C00704700BF00E100E000280CDB00F01F0247
:10263C004009012393402030034A42F82030BFF375
:10264C004F8FBFF36F8F704700E100E0002808DB6D
:10265C000901C9B200F1604000F5614080F8001337
:10266C00704700F00F000901C9B2014B19547047B3
:10267C0014ED00E000B500F00700C0F1070CBCF150
:10268C00040F28BF4FF0040C031D062B0FD9C31EDB
:10269C004FF0FF3E0EFA0CF021EA000199400EFAC1
:1026AC0003FE22EA0E0241EA02005DF804FB00235D
:1026BC00EEE70000074AD36823F4E0631B041B0C0D
:1026CC00000200F4E060034343F0BF6343F40033C3
:1026DC00D360704700ED00E010B50446054BD86898
:1026EC00C0F30220FFF7C6FF01462046FFF7AEFFFE
:1026FC0010BD00BF00ED00E008B5FFF787FF08BD77
:10270C0008B5FFF791FF08BD0138B0F1807F0BD2FF
:10271C004FF0E0235861054AF02182F82310002085
:10272C00986107221A6170470120704700ED00E0A4
:10273C00002808DB00F01F024009012393404030C1
:10274C00014A42F82030704700E100E0002808DB25
:10275C0000F01F024009012393406030014A42F807
:10276C002030704700E100E0114B1B780BB90120C1
:10277C00704710B50446FEF7B7FC0D4B1A784FF4B2
:10278C007A73B3FBF2F3B0FBF3F0FFF7BDFF68B95C
:10279C000F2C01D901200AE0002221464FF0FF3016
:1027AC00FFF79AFF034B1C60002000E0012010BDD6
:1027BC00080000200C00002010B5094A136843F4EF
:1027CC00807313600320FFF775FF0F20FFF7CCFF1A
:1027DC0010B10124204610BD0446FEF7ADF9F9E70F
:1027EC0000400058034B1B78034A11680B441360DC
:1027FC00704700BF0800002074040020014B1868CB
:10280C00704700BF74040020014B1868704700BF6C
:10281C000C000020014B1878704700BF0800002006
:10282C00164AD2F8883043F47003C2F888304FF05F
:10283C00B0431A6842F001021A604FF4E0229A6029
:10284C001968A2F1A262A2F205120A401A60D3F82A
:10285C00942022F00502C3F89420D3F8982022F09B
:10286C000102C3F89820064ADA601A611A6822F449
:10287C0080221A6000229A61704700BF00ED00E0D0
:10288C000010042200B585B002464FF47A7302930F
:10289C00012301930091D021044801F09DFB10B954
:1028AC0005B05DF804FB0120FAE700BFB803002077
:1028BC0030B587B000208DF816008DF815000DF19D
:1028CC001701FFF7DFFF002840F0938004469DF8C6
:1028DC001730242B03D00224204607B030BDB6237A
:1028EC008DF815304FF47A730293012301930DF197
:1028FC00150200927E22D021404801F098FA08B1CE
:10290C000124E9E70A2002F0B9FB00238DF8153009
:10291C004FF47A730293012301930DF11502009287
:10292C007C22D021354801F082FA08B10124D3E78A
:10293C00012002F0A3FB00238DF815304FF47A73BD
:10294C000293012301930DF1150200925922D0211B
:10295C002A4801F06CFA08B10124BDE7012002F00D
:10296C008DFB42F2107302934FF400530193244BEE
:10297C00009301235E22D021204801F058FA08B1BF
:10298C000124A9E7012002F079FB01238DF8153011
:10299C004FF47A72029201930DF1150200925922B2
:1029AC00D021164801F043FA08B1012494E7C8205D
:1029BC0002F064FB4FF47A75B5B14FF47A7302935D
:1029CC00012301930DF1160200922122D0210B4814
:1029DC0001F002FB78B99DF81630012B04D00520CC
:1029EC0002F04CFB013DE7E7002D7FF475AF0124AD
:1029FC0072E7012470E701246EE700BFB8030020E2
:102A0C0048C6000810B586B000238DF81730FFF7C4
:102A1C004FFF18B10124204606B010BD04460E230A
:102A2C008DF817304FF47A730293012301930DF153
:102A3C00170200927D22D021304801F0F8F908B13C
:102A4C000124E8E70A2002F019FBA8238DF81730BF
:102A5C004FF47A730293012301930DF11702009244
:102A6C004022D021254801F0E2F908B10124D2E737
:102A7C00012002F003FB01238DF817304FF47A721A
:102A8C00029201930DF1170200924122D0211B48B2
:102A9C0001F0CDF908B10124BDE7012002F0EEFAF6
:102AAC00A9238DF817304FF47A7302930123019305
:102ABC000DF1170200924222D021104801F0B7F913
:102ACC0008B10124A7E7012002F0D8FA02238DF8FF
:102ADC0017304FF47A730293012301930DF117020F
:102AEC0000927C22D021054801F0A1F908B1012403
:102AFC0091E7012002F0C2FA8DE700BFB803002075
:102B0C0000B585B04FF0FF3302930C220192009078
:102B1C000123D021024801F05FFA05B05DF804FBF7
:102B2C00B803002000B58DB04FF0FF33029319238A
:102B3C00019304AB009301238822EC21504801F04F
:102B4C004BFA18B101200DB05DF804FB4FF0FF33C8
:102B5C000293072301930DF1290300930123E12232
:102B6C00EC21474801F038FA002840F086809DF8A7
:102B7C0011209DF8103043EA0223424A13809DF83D
:102B8C0013209DF8123043EA02233F4A13809DF82C
:102B9C0015209DF8143043EA02233C4A13809DF81B
:102BAC0017209DF8163043EA0223394A13809DF80A
:102BBC0019209DF8183043EA0223364A13809DF8F9
:102BCC001B209DF81A3043EA0223334A13809DF8E8
:102BDC001D209DF81C3043EA0223304A13809DF8D7
:102BEC001F209DF81E3043EA02232D4A13809DF8C6
:102BFC0021209DF8203043EA02232A4A13809DF8B5
:102C0C0023209DF8223043EA0223274A13809DF8A3
:102C1C0025209DF8243043EA0223244A13809DF892
:102C2C0027209DF8263043EA0223214A13809DF881
:102C3C002820204B1A809DF82A209DF8293043EA41
:102C4C0002231D4A13809DF82B201C4B1A809DF8E3
:102C5C002C109DF82D3003F00F0242EA0112184996
:102C6C000A809DF82E201B0943EA0213154A138093
:102C7C009DF92F20144B1A8065E7022063E700BFF3
:102C8C00B80300209C04002094040020920400202F
:102C9C009A040020900400208E0400208C04002054
:102CAC008A0400208804002086040020840400206C
:102CBC008204002098040020800400209604002048
:102CCC007E0400207C0400207A0400202DE9F041D1
:102CDC0086B00746884616461D46FFF723FF20B1EF
:102CEC000124204606B0BDE8F081044600238DF88F
:102CFC0017308DF81630B6238DF817304FF47A73E1
:102D0C000293012301930DF117020092E022EC21B2
:102D1C004C4801F08CF8002840F08B80642002F0C5
:102D2C00ADF98DF817604FF47A7302930123019378
:102D3C000DF117020092F222EC21424801F077F8D3
:102D4C00002878D1642002F099F94FF47A73029339
:102D5C00012301930DF116020092F222EC21394865
:102D6C0001F03AF99DF816209DF817309A4201D0DF
:102D7C000424B6E79DF834309B009DF8302043EADC
:102D8C0042138DF817304FF47A7302930123019399
:102D9C000DF117020092F522EC212A4801F047F8B8
:102DAC0000284AD1642002F069F94FF47A73029337
:102DBC00012301930DF116020092F522EC2121481A
:102DCC0001F00AF99DF816209DF817309A4201D0AF
:102DDC00062486E74FEA880343EA47135BB22B438A
:102DEC008DF817304FF47A730293012301930DF190
:102DFC0017020092F422EC21124801F018F8F0B9F5
:102E0C00642002F03BF94FF47A730293012301938F
:102E1C000DF116020092F422EC210A4801F0DCF8C4
:102E2C009DF816209DF817309A423FF45AAF0824AB
:102E3C0057E7022455E7032453E7052451E70724F9
:102E4C004FE700BFB803002030B585B004464FF4FF
:102E5C007A730293012301930C4D0095D022EC213F
:102E6C000B4801F0B9F82B78602B01D005B030BDC0
:102E7C004FF0FF3302930823019300940123F722B0
:102E8C00EC21034801F0A8F8F0E700BF780400201B
:102E9C00B803002010B5104C2046FFF7D5FF0F4BA0
:102EAC004FF0AA0E9C460CF801EB224603CAC3F85D
:102EBC000100CCF804100A4C07CCC3F80900C3F885
:102ECC000D10C3F811202188A278A3F81510DA751B
:102EDC0083F818E010BD00BFE0060020B806002003
:102EEC00E806002008B50C4B1B780F2B12D90A4BA7
:102EFC0000221A70094A138801339BB2138043F6DF
:102F0C000752934202D9054B00221A80034B1888B2
:102F1C0000F078FB08BD00BFAE050020AC0500201A
:102F2C0008B5CAB20146002002F05EFF08BD0000E1
:102F3C00F8B51A4B1B783BB1194B1B78112B15D9D3
:102F4C00184B01221A70F8BDFFF7A4FF164C174D51
:102F5C000FCD0FC495E8070003C422700F4A1378F5
:102F6C00193313700E4B00221A70E5E7104C2046F3
:102F7C00FFF7C6FD094E35780B4F05EB070C2346C2
:102F8C0007CB7851CCF80410CCF808200C353570F0
:102F9C00034A137801331370D5E700BFB506002040
:102FAC00B4060020F7060020B4050020B806002067
:102FBC00D40600201A4B1B7803B9704770B5FFF785
:102FCC0091FF184D2B681A0E174C84F8FC201A0C24
:102FDC0084F8FD201A0A84F8FE2084F8FF30134B85
:102FEC001B88134E307800EB03104FF4807221468F
:102FFC00000200F073FA3378013333702B6801331D
:10300C002B6000230B4A13700B4A1370044A137085
:10301C004FF48072FF21204609F055FA70BD00BFB5
:10302C00F7060020B0050020B4050020AC050020F8
:10303C00AE050020B5060020B406002038B50025EA
:10304C00284B9D4243D8284C4FF4807221462802CD
:10305C0000F0A4FA94F8FC2094F8FD301B0443EA29
:10306C00026394F8FE2043EA022394F8FF201343F2
:10307C00B3F1FF3F01D00135E2E73DB900231B4A14
:10308C0013601B4A13701B4A138038BD681E164C04
:10309C004FF480722146000200F080FA94F8FC2074
:1030AC0094F8FD301B0443EA026394F8FE2043EAD3
:1030BC00022394F8FF20134301330C4A136005F0EC
:1030CC000F020B4B1A702D090A4B1D80DDE7074BC5
:1030DC00094A1A60064B00221A70064B43F6095235
:1030EC001A80D2E78FD00300AC040020B00500207A
:1030FC00AE050020AC05002090D0030008B5144BA1
:10310C001868144B1B68984218D2134B1B78B3B138
:10311C00114B1B78D3B911488021FFF701FF68B917
:10312C000D4A13780133DBB21370012B06D9134609
:10313C0000221A70064A13680133136008BD4FF45D
:10314C0080720649000200F029FAE1E70448E3E73F
:10315C00A8040020B0050020A4040020AC0400202A
:10316C002C0500200C4B18680C4B1B68984200D3A4
:10317C00704710B50A4C4FF480722146000200F0E3
:10318C000DFA4FF48071204607F0CEFD18B9024AB3
:10319C0013680133136010BDA0040020B00500209B
:1031AC00AC0400200378DBB2B52B00D07047437819
:1031BC00DBB2622BFAD18378DBB2012BF6D1C37868
:1031CC00DBB2072BF2D1464A01231370837AC17A02
:1031DC0043EA01231381037B9372437BD372837B7A
:1031EC001373C37B53738379C17943EA0123017A47
:1031FC0043EA0143417A43EA01635360427C12F093
:10320C00010F5AD0027C364B9A73827E344BDA73A0
:10321C00417FC9B21974D0F81E2007EE902AF8EE3F
:10322C00E77A9FED307A67EE877AC3ED057AD0F8AE
:10323C00222007EE902AF8EEE77A67EE877AC3ED44
:10324C00067AD0F8422007EE902AF8EEE77AC3ED22
:10325C000D7A90F84620D2B207EE902AF8EE677AF3
:10326C00C3ED0E7A022937D91F4B01221A70827ACC
:10327C001E4B1A70C27A5A70027B9A70427BDA70BB
:10328C00827B1A71C27B5A71027C9A71827FDA71CD
:10329C00C27F1A7290F820205A7290F821209A72EC
:1032AC0090F82220DA7290F823201A7390F82420D8
:1032BC005A7390F825209A7378E70D4AA2FB0323E2
:1032CC009B090C4AA2FB03125209C2EB0212A3EB9C
:1032DC008202034B9A7398E7034B00221A70C6E7DD
:1032EC00FC06002095BFD633F9060020E806002026
:1032FC00D34D62108988888810B50A4C204604F09A
:10330C0099FB64220849204604F0DEFE30B9074BD5
:10331C001A68136823F00403136010BDFDF74CF911
:10332C00F5E700BFB0020020440700205002002047
:10333C0008B5002300E00133622B0EDC074AD25C97
:10334C00D2B2B52AF7D15A1C04498A5CD2B2622A8D
:10335C00F1D108461844FFF725FF08BD44070020AB
:10336C0008B5064B834200D008BDFFF7E1FF64228D
:10337C000349024804F0A8FEF6E700BFB0020020A3
:10338C004407002030B583B0194B1B7813B1194A90
:10339C00127812B1B3B103B030BD0F2301931424D2
:1033AC0000942346144A00216B2000F059FA0021A6
:1033BC00009123467F226B2000F010FA0D4B012266
:1033CC001A70E8E705230193142500952B460A4A49
:1033DC0000216B2000F044FA002400942B467F223D
:1033EC0021466B2000F0FAF9024B1C70D3E700BFAA
:1033FC00F9060020F806002084F6000800B58FB00E
:10340C003422002101A809F05EF8062301934FF441
:10341C008073079341F2883201A9054805F02AF818
:10342C0010B90FB05DF804FBFDF7C6F8F9E700BF63
:10343C000C02002000B58FB03422002101A809F045
:10344C0042F8042301934FF48073079341F28832BE
:10345C0001A9054805F00EF810B90FB05DF804FB92
:10346C00FDF7AAF8F9E700BF0C02002000B58FB0F9
:10347C003422002101A809F026F800238DF803302E
:10348C00052301934FF4807307934FF080730A93D5
:10349C0001230B9341F2883201A90B4804F0EAFF97
:1034AC0060B941F288320DF10301074805F09AF832
:1034BC0038B99DF803000FB05DF804FBFDF77CF8FC
:1034CC00EFE7FDF779F8F4E70C02002008B5FFF7F9
:1034DC00CDFF10F0010FFAD108BD000070B58EB011
:1034EC0006460D4614463422002101A808F0EBFFD5
:1034FC00B4F5807F01D94FF48074FFF77FFF02236E
:10350C0001930296002303934FF4405204920593C7
:10351C0006934FF4807207924FF4806208920993DD
:10352C004FF080720A920B940C930D9341F28832F7
:10353C0001A90B4804F09EFF60B941F2883229467C
:10354C00074804F0E6FF40B9FFF7C0FFFFF772FF32
:10355C000EB070BDFDF730F8EFE7FDF72DF8F3E78F
:10356C000C02002000B58FB03422002101A808F015
:10357C00AAFFB72301934FF48073079341F288326B
:10358C0001A9054804F076FF10B90FB05DF804FBF3
:10359C00FDF712F8F9E700BF0C02002070B58EB0F1
:1035AC0006460C4615463422002101A808F08BFF74
:1035BC001323019302964FF4405304934FF48073FA
:1035CC0007934FF4806308934FF080730A930B9525
:1035DC0041F2883201A90A4804F04CFF50B941F27B
:1035EC0088322146064804F0FDFF30B9FFF76EFF24
:1035FC000EB070BDFCF7E0FFF1E7FCF7DDFFF5E77F
:10360C000C02002010B58EB00446FFF7F7FE240321
:10361C003422002101A808F056FF212301930294C3
:10362C004FF4405304934FF4807307934FF480632B
:10363C00089341F2883201A9064804F01BFF28B90F
:10364C00FFF744FFFFF7F6FE0EB010BDFCF7B4FF1A
:10365C00F6E700BF0C02002000B587B08DF817000C
:10366C004FF0FF330293012301930DF117020092E7
:10367C0000227A21024800F0DAFB07B05DF804FB67
:10368C00B803002008B5AE20FFF7E6FFA820FFF72F
:10369C00E3FF7F20FFF7E0FFA120FFF7DDFF002015
:1036AC00FFF7DAFFA220FFF7D7FF0020FFF7D4FFC8
:1036BC00A020FFF7D1FF5120FFF7CEFF8120FFF7AD
:1036CC00CBFF7F20FFF7C8FFB120FFF7C5FF2220FB
:1036DC00FFF7C2FFB320FFF7BFFF5020FFF7BCFF7F
:1036EC00B920FFF7B9FFBC20FFF7B6FF1020FFF79A
:1036FC00B3FFBE20FFF7B0FF0520FFF7ADFFB620EC
:10370C00FFF7AAFF0A20FFF7A7FFD520FFF7A4FFBA
:10371C006220FFF7A1FF1520FFF79EFF0020FFF7A7
:10372C009BFF7F20FFF798FF7520FFF795FF002088
:10373C00FFF792FF7F20FFF78FFFA420FFF78CFF8E
:10374C00AF20FFF789FF08BD83B27F2B16D8002965
:10375C0014DB7F2912DC0F2A10D800EBD0735B101E
:10376C0003EB81130949C95C10F0010F07D021F05C
:10377C000F0102F00F020A430449CA54704701F0CA
:10378C000F0141EA0212D2B2F6E700BFA8070020EF
:10379C0000B585B04FF47A7302934FF40053019344
:1037AC00054B0093012340227A21044800F03FFB93
:1037BC0005B05DF804FB00BFA8070020B80300208B
:1037CC0008B500F00F0141EA00114FF40052C9B2E4
:1037DC00014808F078FE08BDA80700202DE9F04349
:1037EC0085B006460D4614461F464FEA50084FEA70
:1037FC0052091520FFF730FF4046FFF72DFF4846D2
:10380C00FFF72AFF7520FFF727FF2846FFF724FF55
:10381C003846FFF721FFA61B023606EBD676C6F319
:10382C004706002411E0621908EB82124FF0FF33B7
:10383C0002930196084B1A440092012340227A21EC
:10384C00064800F0F4FA0134E4B27B1B9C42EADD3A
:10385C0005B0BDE8F08300BFA8070020B803002026
:10386C002DE9F04F83B08246894690461E469DF85E
:10387C00303001939DF834B0F71DFF1000251AE08D
:10388C000134E4B2B44214D2E30807FB053318F850
:10389C00032004F0070180230B411A42F0D004EB03
:1038AC000A0005EB09015A4609B200B2FFF74CFFBA
:1038BC00E6E70135EDB2019B9D4201D20024E1E720
:1038CC0003B0BDE8F08F000030B583B00020FFF7E7
:1038DC0077FF0F2501958024009423461A4A002176
:1038EC000846FFF7BDFFFFF753FF4FF4FA6001F0F6
:1038FC00C5FB0020FFF764FF019500942346134A93
:10390C0000210846FFF7ACFFFFF742FF4FF4FA60C7
:10391C0001F0B4FB0020FFF753FF0525019514249B
:10392C00009423460A4A00216B20FFF799FF01956A
:10393C0000942346074A00210846FFF791FFFFF742
:10394C0027FF03B030BD00BF48EE000848E6000872
:10395C0084F6000848F6000803689A6912F0020F12
:10396C0001D000229A6203689A6912F0010F03D108
:10397C009A6942F001029A61704710B4019CC1F33C
:10398C00090141EA02411943214321F00041026837
:10399C005368640D04F4806444F07F7444F4583428
:1039AC0044F47F7444F0030423EA04030B43536090
:1039BC005DF8044B704711F0010F09D090F84130BD
:1039CC0003F02803282B01D0F22302E0422300E06D
:1039DC00002311F0020F09D043F0440C90F8412061
:1039EC0002F02802282A09D043F0F40311F4004F06
:1039FC0006D1102906D143F0900305E06346F5E7A4
:103A0C0043F0B803202907D0402908D001680A6880
:103A1C0022EA03030B60704743F02003F6E743F000
:103A2C004003F3E72DE9F041044603689E6916F064
:103A3C0010067CD00D4690461022DA6100263746DF
:103A4C002368986910F0200F30D17FBBB5F1FF3F90
:103A5C00F6D0FEF7D3FEA0EB0800A84201D8002D4B
:103A6C00EED121684B6803F4804394F84220D2B223
:103A7C00886910F4004F02D00BB9202A0ED12368AC
:103A8C009B6913F0200FDBD1FEF7B8FEA0EB08000A
:103A9C001928F4D946F020060127D1E74B6843F4E6
:103AAC0080434B60FEF7AAFE8046E8E70FB9202260
:103ABC00DA6146F0040601252268936913F4807FCD
:103ACC0005D046F001064FF48071D161012513F445
:103ADC00806F06D046F0080622684FF48061D161F1
:103AEC00012513F4007F24D046F0020623684FF41E
:103AFC000072DA6101252046FFF72EFF2268536819
:103B0C0023F0FF7323F48B3323F4FF7323F00103AF
:103B1C005360636C33436364202384F84130002387
:103B2C0084F8423084F840302846BDE8F081002506
:103B3C00C2E7002DF8D0DEE770B504460D461646F8
:103B4C0023689B6913F0020F22D132462946204686
:103B5C00FFF768FFF0B9B5F1FF3FF1D0FEF74EFE6D
:103B6C00801BA84201D8002DEAD123689B6913F071
:103B7C00020FE5D1636C43F020036364202384F8C7
:103B8C004130002384F8423084F84030012000E0BA
:103B9C00002070BD0120FCE72DE9F843054688465E
:103BAC0017461E46DDF820902B689C6938EA040401
:103BBC000CBF01230023BB4227D14A46314628467D
:103BCC00FFF730FF20BBB6F1FF3FEDD0FEF716FE3E
:103BDC00A0EB0900B04201D8002EE5D12B689B69FF
:103BEC0038EA03030CBF01230023BB42DCD16B6C0E
:103BFC0043F020036B64202385F84130002385F8C3
:103C0C00423085F84030012000E00020BDE8F88308
:103C1C000120FBE72DE9F04182B0044690461D4699
:103C2C00089E099F194B00934FF08073EAB2FFF77F
:103C3C00A4FE3A4631462046FFF77EFFF8B9012D27
:103C4C000ED123685FFA88F29A62009733460022FD
:103C5C0080212046FFF7A0FFA8B902B0BDE8F08193
:103C6C0023684FEA18229A623A4631462046FFF7FB
:103C7C0063FF30B923685FFA88F29A62E5E70120A6
:103C8C00EBE70120E9E70120E7E700BF0020008017
:103C9C002DE9F04182B0044690461D46089E099FCE
:103CAC00184B00930023EAB2FFF767FE3A46314601
:103CBC002046FFF741FFF8B9012D0ED123685FFABA
:103CCC0088F29A6200973346002240212046FFF783
:103CDC0063FFA8B902B0BDE8F08123684FEA18224F
:103CEC009A623A4631462046FFF726FF30B92368E0
:103CFC005FFA88F29A62E5E70120EBE70120E9E739
:103D0C000120E7E70020008070B504460D461646FA
:103D1C0004E023689B6913F0200F12D023689B6981
:103D2C0013F0200F1BD1324629462046FFF77AFEAE
:103D3C00B8B9FEF763FD801BA842EAD8002DEDD17F
:103D4C00E7E7636C43F020036364202384F841307D
:103D5C00002384F8423084F84030012000E0002039
:103D6C0070BD0120FCE700285FD010B5044690F828
:103D7C004130002B48D0242384F84130226813684A
:103D8C0023F0010313606368226823F070631361EE
:103D9C002268936823F400439360E368012B38D0C6
:103DAC00A368226843F404439360E368022B36D083
:103DBC002268536823F4006353602268536843F00D
:103DCC00007343F4004353602268D36823F4004328
:103DDC00D360236962691343A169226843EA012312
:103DEC00D360E369216A22680B431360226813686D
:103DFC0043F00103136000206064202384F84130F9
:103E0C00206384F8420010BD80F84030FCF7CCFEF3
:103E1C00B1E7A368226843F400439360C5E72268C6
:103E2C00536843F400635360C7E7012070472DE9E2
:103E3C00F04F83B00E46BDF834A00E9D90F84110A3
:103E4C00C9B2202940F0BB800446904699460C9B91
:103E5C00CBB1BAF1000F16D090F84030012B00F026
:103E6C00B2804FF0010B80F840B0FEF7C7FC07465C
:103E7C00009019235A464FF400412046FFF78CFE60
:103E8C0030B101209CE04FF400736364012097E093
:103E9C00212384F84130402384F8423000236364AA
:103EAC000C9A6262A4F82AA06363019700954B46B2
:103EBC00424631462046FFF7ADFE70B9638D9BB28A
:103ECC00FF2B0FD9FF222285002300934FF0807324
:103EDC0031462046FFF751FD21E0002384F84030A5
:103EEC0058466DE0628D92B22285002300934FF00C
:103EFC000073D2B231462046FFF73FFD0FE0628DD2
:103F0C0092B22285002300934FF00073D2B2314657
:103F1C002046FFF732FD638D9BB2002B33D03A461F
:103F2C0029462046FFF708FE00284ED1626A236816
:103F3C0012789A62636A01336362638D9BB2013BB0
:103F4C009BB26385238D013B9BB22385628D92B21C
:103F5C00002AE0D0002BDED100972B4600228021D6
:103F6C002046FFF719FE90BB638D9BB2FF2BC6D981
:103F7C00FF222285002300934FF0807331462046A8
:103F8C00FFF7FBFCC7E73A4629462046FFF7BCFE85
:103F9C00F8B923682022DA6121684B6823F0FF739B
:103FAC0023F48B3323F4FF7323F001034B6084F869
:103FBC004120002384F8423084F8403000E0022095
:103FCC0003B0BDE8F08F0220FAE70120F8E70120EA
:103FDC00F6E70120F4E700002DE9F04F83B00E4620
:103FEC00BDF834A00E9D90F84110C9B2202940F0C4
:103FFC00BC800446904699460C9BCBB1BAF1000F9D
:10400C0016D090F84030012B00F0B3804FF0010B2C
:10401C0080F840B0FEF7F2FB0746009019235A4691
:10402C004FF400412046FFF7B7FD30B101209DE071
:10403C004FF400736364012098E0222384F841302C
:10404C00402384F84230002363640C9A6262A4F823
:10405C002AA06363019700954B46424631462046A1
:10406C00FFF716FE70B9638D9BB2FF2B0FD9FF22A1
:10407C002285444B00934FF0807331462046FFF766
:10408C007CFC21E0002384F8403058466EE0628DC1
:10409C0092B222853B4B00934FF00073D2B2314663
:1040AC002046FFF76AFC0FE0628D92B22285002356
:1040BC0000934FF00073D2B231462046FFF75DFCFF
:1040CC00638D9BB2002B34D000972B460022042129
:1040DC002046FFF761FD00284DD123685A6A636AB8
:1040EC001A70636A01336362228D013A92B222859F
:1040FC00638D9BB2013B9BB26385638D9BB2002B9E
:10410C00DED0002ADCD100972B4680212046FFF719
:10411C0043FD90BB638D9BB2FF2BC5D9FF2222853B
:10412C00002300934FF0807331462046FFF725FCA7
:10413C00C6E73A4629462046FFF7E6FDF8B923685C
:10414C002022DA6121684B6823F0FF7323F48B3350
:10415C0023F4FF7323F001034B6084F84120002308
:10416C0084F8423084F8403000E0022003B0BDE80F
:10417C00F08F0220FAE70120F8E70120F6E7012092
:10418C00F4E700BF0024008008B5036899691A6839
:10419C00436B03B1984708BD7047704710B5044690
:1041AC0003681A68002180F8421012F4804F0ED078
:1041BC001A6822F480421A6094F84130DBB2292B41
:1041CC000DD094F84130DBB22A2B18D010BD12F46C
:1041DC00004FF1D01A6822F400421A60ECE7282351
:1041EC0084F841302123236301212046FFF7E3FBB0
:1041FC00002384F840302046FFF7CEFFE6E7282363
:10420C0084F841302223236302212046FFF7D3FB9D
:10421C00002384F840302046FFF7BFFFD6E77047F5
:10422C00F8B5044690F8413003F02803282B06D04B
:10423C0003680822DA61002380F84030F8BD036877
:10424C009E69C6F300469A69120C02F0FE059A6844
:10425C00C2F30902DF6807F0FE07C168022922D108
:10426C0085EAD21515F0060F10D1816C01318164ED
:10427C00816C0229E2D1002181640820D86184F884
:10428C00401031462046FFF7CAFFD7E74FF40041F4
:10429C00FFF791FB002384F840303A463146204624
:1042AC00FFF7BDFFCAE74FF40041FFF784FB002383
:1042BC0084F840302A4631462046FFF7B0FFBDE770
:1042CC007047000010B50446174BC362002303630C
:1042DC00202280F8412080F84230436311F0040F13
:1042EC0013D003685A6A436A1A70436A01334362F3
:1042FC00038D53B1013B0385438D9BB2013B9BB2B4
:10430C004385436C43F00403436448F203012046A5
:10431C00FFF751FB23681022DA61002384F8403048
:10432C002046FFF7CDFF10BD0000FFFF7047704720
:10433C0008B590F84130DBB2602B06D00023036344
:10434C0080F84030FFF7F2FF08BD202380F84130A1
:10435C000023036380F84030FFF7E9FFF4E7000027
:10436C0010B5044690F84130002280F842204548B0
:10437C00E0626285626C0A436264283BDBB2022B0A
:10438C0019D803212046FFF716FB282384F8413067
:10439C003D4B6363236BA26B1AB1112B30D0212BD5
:1043AC002ED0E26B1AB1122B4BD0222B49D02046C7
:1043BC00FFF7BEFF10BD48F203012046FFF7FBFAE2
:1043CC002046FFF7C9FA94F84130DBB2602B14D0C9
:1043DC00202384F8413023689A6912F0200F0CD006
:1043EC009A6912F0100F05D01022DA61636C43F059
:1043FC000403636423682022DA6100236363C9E742
:10440C0023681A6812F4804F03D01A6822F4804291
:10441C001A60A06BFEF7DFF801280ED0A36B1B4AC5
:10442C009A63002384F84030A06BFEF739F800281B
:10443C00C0D0A06B836B9847BCE72046FFF778FF92
:10444C00B8E723681A6812F4004F03D01A6822F4F4
:10445C0000421A60E06BFEF7BEF801280ED0E36B49
:10446C000A4A9A63002384F84030E06BFEF718F890
:10447C0000289FD0E06B836B98479BE72046FFF7A3
:10448C0057FF97E70000FFFF8D4600083F480008E4
:10449C00F8B504460D4602681668C76A90F84130B4
:1044AC002021D161213B092B0CD8DFE803F0057AE0
:1044BC000B0B0B0B0B81057A48F20101FFF77BFA12
:1044CC00212323632268536843F40043536022681A
:1044DC00536823F0FF7323F48B3323F4FF7323F01F
:1044EC00010353602046FFF737FA16F4804F66D06D
:1044FC002268136823F480431360A36B1BB11B6801
:10450C005B689BB2638515F0040F11D025F0040590
:10451C0023685A6A636A1A70636A01336362238D73
:10452C0033B1013B2385638D9BB2013B9BB2638509
:10453C00638D9BB21BB1636C43F00403636415F091
:10454C00100F13D016F0100F10D0638D9BB2002BF0
:10455C005AD194F84130DBB2282B40D094F841303A
:10456C00DBB2292B43D023681022DA61002384F8B4
:10457C0042306363636C002B56D1E36A13F5803FC2
:10458C0060D194F84130DBB2222B6BD0202384F81D
:10459C0041300023236384F840302046FFF7FCFDB4
:1045AC005FE048F20201FFF706FA2223236389E752
:1045BC0048F20301FFF7FFF90023236382E716F4A7
:1045CC00004FA0D02268136823F400431360E36B00
:1045DC00002B98D01B685B689BB2638593E7B7F19F
:1045EC00007FBBD129462046FFF76CFEBEE717F5CE
:1045FC00803FB8D023681022DA612046FFF7ACF96F
:10460C002046FFF7CBFDB1E723681022DA61636C1B
:10461C0043F00403636417B1B7F1807FA6D1616CDA
:10462C002046FFF79DFEA1E7616C2046FFF798FE40
:10463C0094F84130DBB2282B13D129462046FFF7E2
:10464C0041FE0EE02046FFF7A9FD0C4BE362202350
:10465C0084F841300023236384F840302046FFF770
:10466C002FFEF8BD202384F841300023236384F807
:10467C0040302046FFF791FDF3E700BF0000FFFF3D
:10468C0010B50446C06A94F84030012B00F09A80B3
:10469C00012384F8403011F0200F02D012F0200FCB
:1046AC0016D111F0100F3ED012F0100F3BD0638DCD
:1046BC009BB243BB94F84130DBB2282B0FD094F85B
:1046CC004130DBB2292B11D023681022DA6102E0D1
:1046DC002046FFF7DDFE002084F8400010BDB0F14D
:1046EC00007FECD12046FFF7EDFDF4E710F5803F9D
:1046FC00EAD023681022DA612046FFF72DF9204614
:10470C00FFF74CFDE7E723681022DA61636C43F096
:10471C000403636410B1B0F1807FDCD1616C20467E
:10472C00FFF71EFED7E711F0040F1FD012F0040F95
:10473C001CD0638D9BB273B123685A6A636A1A707A
:10474C00636A01336362238D013B2385638D9BB2C6
:10475C00013B9BB26385638D9BB2002BBBD110F5E3
:10476C00803FB8D02046FFF719FDB4E711F0080FD1
:10477C0002D012F0080F18D111F0020FABD012F0CA
:10478C00020FA8D0638D9BB29BB1626A236812782A
:10479C009A62636A01336362638D9BB2013B9BB285
:1047AC006385238D013B238595E72046FFF738FD74
:1047BC0091E7B0F1807F01D000288CD12046FFF723
:1047CC00EDFC88E7022089E710B50268936911684F
:1047DC0013F4807F09D011F0800F06D0446C44F0A4
:1047EC00010444644FF48074D46113F4806F0AD0D4
:1047FC0011F0800F07D0426C42F00802426402684C
:10480C004FF48064D46113F4007F0AD011F0800F50
:10481C0007D0436C43F00203436403684FF4007207
:10482C00DA61416C11F00B0F00D110BDFFF798FD50
:10483C00FBE708B5806A836B0BB100229A63C36BEC
:10484C000BB100229A63FFF773FD08BD034690F885
:10485C004120D2B2202A23D190F84020012A21D025
:10486C00012280F84020242280F841200068026850
:10487C0022F0010202601868026822F48052026081
:10488C00186802681143016019680A6842F0010255
:10489C000A60202283F84120002083F840007047F2
:1048AC000220704702207047034690F84120D2B294
:1048BC00202A21D190F84020012A1FD0012280F813
:1048CC004020242280F841200068026822F0010276
:1048DC0002601868026822F4706242EA01220260E7
:1048EC0019680A6842F001020A60202283F841200C
:1048FC00002083F840007047022070470220704768
:10490C00024A536803435360704700BF00000140E4
:10491C0090F83D30DBB2012B22D1022380F83D30E0
:10492C000268D36843F00103D36003680F4A9342D3
:10493C0008D0B3F1804F05D01A6842F001021A601A
:10494C000020704799680A4A0A40062A0AD0B2F534
:10495C00803F09D01A6842F001021A6000207047AB
:10496C00012070470020704700207047002C014048
:10497C0007000100704770477047704770B50446D8
:10498C000368DE681D6915F0020F10D016F0020FD7
:10499C000DD06FF002021A610123037703689B6943
:1049AC0013F0030F64D0FFF7E6FF0023237715F015
:1049BC00040F12D016F0040F0FD023686FF004020E
:1049CC001A610223237723689B6913F4407F55D027
:1049DC002046FFF7D0FF0023237715F0080F12D0E5
:1049EC0016F0080F0FD023686FF008021A61042329
:1049FC0023772368DB6913F0030F46D02046FFF7BB
:104A0C00BAFF0023237715F0100F12D016F0100FF9
:104A1C000FD023686FF010021A61082323772368E4
:104A2C00DB6913F4407F37D02046FFF7A4FF002347
:104A3C00237715F0010F02D016F0010F33D115F4C6
:104A4C00025F02D016F0800F35D115F4807F02D0B2
:104A5C0016F0800F37D115F0400F02D016F0400F32
:104A6C0039D115F0200F02D016F0200F3BD170BDBC
:104A7C00FFF780FF2046FFF77FFF96E72046FFF702
:104A8C0079FF2046FFF778FFA5E72046FFF772FF76
:104A9C002046FFF771FFB4E72046FFF76BFF204677
:104AAC00FFF76AFFC3E723686FF001021A61204623
:104ABC00FBF774FDC3E723686FF402521A612046BA
:104ACC0000F087F8C1E723686FF480721A61204602
:104ADC0000F080F8BFE723686FF040021A612046AF
:104AEC00FFF74BFFBDE723686FF020021A612046E9
:104AFC0000F06EF8BBE7000003681C4A904202D03D
:104B0C00B0F1804F03D123F070034A681343174A66
:104B1C0090420AD0B0F1804F07D002F5C0529042BB
:104B2C0003D002F58062904203D123F44073CA682B
:104B3C00134323F080034A6913438A68C2620A68EC
:104B4C0082620A4A904207D002F5C052904203D0CA
:104B5C0002F58062904201D10A690263026842F058
:104B6C00040202600122426103607047002C014084
:104B7C0060B310B5044690F83D3013B3022384F8AB
:104B8C003D30214651F8040BFFF7B6FF012384F8A2
:104B9C00483084F83E3084F83F3084F8403084F854
:104BAC00413084F8423084F8433084F8443084F83F
:104BBC00453084F8463084F8473084F83D30002086
:104BCC0010BD80F83C30FCF789F9D7E7012070471D
:104BDC00704770477047704770470000002309E02A
:104BEC0000EB8302054951609A1D00EB82020449D7
:104BFC0051600133052BF3D9704700BFE34B00081C
:104C0C00E54B0008002303604FF03F1343603F2344
:104C1C0083607047C0B138B5044690F8383083B122
:104C2C000A4D2846FFF7EEFF2B6843F001132B606B
:104C3C002046FFF7D3FF00206063012384F838304F
:104C4C0038BDFCF707F8EBE701207047000C005863
:104C5C0038B5044603680A4ADA60FDF7CFFD05460D
:104C6C002368DB6813F0200F07D1FDF7C7FD401B4D
:104C7C00B0F57A7FF4D9032000E0002038BD00BFE6
:104C8C005FFF010070B50368DA6812F0400F02D0C4
:104C9C000025284670BD0446DA6842F08002DA60CE
:104CAC00FDF7ACFD064600252368DB6813F0400FCA
:104CBC00EFD1002DEDD1FDF7A1FD831BB3F57A7F6C
:104CCC00F2D9042384F821300125EDE70268D3687A
:104CDC0023F08003D36003689B6813F0200F01D08E
:104CEC000020704710B50446FFF7B2FF18B104233B
:104CFC0084F82130012010BD002850D038B504466E
:104D0C0090F8213063B1022384F821302368DA68EB
:104D1C0012F0100F09D00020012384F8213038BD87
:104D2C0080F82030FCF7A0F8EDE7CA225A6223681D
:104D3C0053225A622046FFF7A5FF28B12368FF22B1
:104D4C005A620028EBD1E7E72268936823F4E0036A
:104D5C0023F04003936021688A68636820690343E9
:104D6C00A069034313438B602368E2681A612268CD
:104D7C001369A16843EA014313612046FFF7A6FFBC
:104D8C000028DBD12268D36C23F00303D3642168A1
:104D9C00CB6CE26965692A431343CB64CEE70120EF
:104DAC007047000010B483B08446464B1868464BDD
:104DBC00A3FB0030C00A4FF47A7303FB00F00190A0
:104DCC009CF82030012B7AD001238CF82030022360
:104DDC008CF82130DCF80030CA245C62DCF800303E
:104DEC0053245C62DCF80040A36813F4806F09D094
:104DFC00019B013B0193019B002B49D0E36813F00D
:104E0C00040FF5D1A36823F48063A360DCF80040A1
:104E1C00E368DBB263F49063E3600190019B013BB8
:104E2C000193019B002B3CD0DCF80030D86810F0CB
:104E3C00040FF3D0986820F007009860DCF80000AD
:104E4C00836813438360DCF8003059611F4BD3F83F
:104E5C00802042F40022C3F880201A6842F4002219
:104E6C001A60DCF80020936843F480439360DCF80C
:104E7C000020936843F480639360DCF80030FF22D9
:104E8C005A6201238CF8213000208CF8200012E0AB
:104E9C00FF23636203208CF8210000238CF8203060
:104EAC0009E0DCF80030FF225A6203208CF8210064
:104EBC0000238CF8203003B05DF8044B70470220BF
:104ECC00F9E700BF10000020D34D62100008005815
:104EDC00054BCA225A6253225A629A6822F0070280
:104EEC009A60FF225A627047002800407047000009
:104EFC0008B5002001F0B6FA68B181794FF0B042E4
:104F0C00054BC2F89C30D2F89C3023F47C5343EA16
:104F1C000123C2F89C3008BDFECAFECA08B54FF08A
:104F2C00B042936843F40043936002F023F9054ABE
:104F3C00D2F8803023F0070343F00403C2F880302A
:104F4C0008BD00BF0004005800B589B001F0EAF8B4
:104F5C000E4A0021082002F09FFA0D4B00930D4BD6
:104F6C00019369460C4801F0F5FF0C4B02930C4B76
:104F7C0003930C4B049340F23C53059302A801F0AD
:104F8C00A5F901F0CBF809B05DF804FB856F0008BA
:104F9C00FC030320F94E000815500008E40103201F
:104FAC00F00203200805032000B585B00023009310
:104FBC0001930293039343685B7B23B1012B1ED0B7
:104FCC0005B05DF804FB00F08BF80F238DF8003072
:104FDC007F238DF802300B4A13681B0CADF80C3094
:104FEC001368C3F30B03ADF80E30684601F0E4F917
:104FFC0000F044FD0021012002F0C6F8E0E7002398
:10500C000370DDE7002004E04368B3F80B30B3F520
:10501C00124F00D0704710B584B00446684601F0BA
:10502C00D9F92046FFF7C0FF04B010BD08B5034BFB
:10503C004FF400421A61FFF75BFF08BD00400058B7
:10504C00034AD2F8903043F05003C2F890307047C6
:10505C000008005808B5FFF7F3FFFFF739FF08BD4C
:10506C0008B5FFF7F7FFFFF759FF0349002000F0E1
:10507C004BFAFFF769FF08BDD401002038B5044690
:10508C00FDF7BCFB0546B4F1FF3F09D0FDF7C2FBB1
:10509C00044405E0054A136923F00403136130BF8F
:1050AC00FDF7ACFB401BA042F4D338BD00ED00E093
:1050BC0008B54FF0FF3002F0C5F808BD704708B5D1
:1050CC000021082002F076F808BD08B5022002F095
:1050DC009FF808BD08B5022002F0B2F908BD000027
:1050EC0010B588B00DF1040C094C0FCCACE80F00D6
:1050FC0094E80700ACE803002CF8022B120C8CF897
:10510C00002001F015F901A801F047F908B010BD15
:10511C008CC50008064A936A9BB2906A80B203E081
:10512C00034B9A6A034690B28342F9D1704700BF91
:10513C000028004001EB41020D4B03EBC2035B7DE9
:10514C00DBB2062B05D003EB430C094A02EBCC0275
:10515C001075074A00EB400C02EBCC0C8CF81530A8
:10516C008CF8141001EB410102EBC1025075704731
:10517C00B8270020174B1B78DBB28B421DD0164B87
:10518C0001EB410203EBC202127D5FFA82FC02EBDF
:10519C00420203EBC202507500EB400203EBC20269
:1051AC00517500EB400203EBC20282F814C001EB14
:1051BC00410103EBC10318757047074B00EB40022C
:1051CC0003EBC202517501EB410103EBC1031875EE
:1051DC00704700BFB5270020B827002010B4234B20
:1051EC001B78DBB283422CD0214C00EB400204EB49
:1051FC00C20292F814C0537DDBB2527DD2B20CEBDA
:10520C004C0C04EBCC046275062B0BD0184A00EB4B
:10521C00400402EBC404247DE4B203EB430302EB31
:10522C00C302147500EB4000114B03EBC0030122C9
:10523C001A730E4B1B78DBB2062B10D05DF8044BA7
:10524C0070470A4C2378DBB20A4A137000EB400219
:10525C00074B03EBC2035B7DDBB22370E2E7002953
:10526C00ECD1054B4FF0FF321A60E7E7B527002071
:10527C00B8270020B4270020B027002008B5104B19
:10528C001B68B3F1FF3F02D1002080B208BDFFF7CD
:10529C0041FF0B4B1B6883420AD3094B1B681B1A3B
:1052AC00084A107803FB00F0074B1B78D840ECE75A
:1052BC00064B1A88121A024B1B681344F0E700BF06
:1052CC00B0270020AC270020AD270020AA27002003
:1052DC0070B50446314B1B78DBB2062B13D12F4A29
:1052EC001378DBB22E490B70107000EB40042D4B81
:1052FC0003EBC404062363752B4B4FF0FF321A608B
:10530C000025284670BDFFF7B9FF0546254B04EB79
:10531C00440203EBC20291680144916004EB440225
:10532C0003EBC20290681D4A127802EB420203EBB7
:10533C00C2039B68834225D8184B1B78D9B203EB68
:10534C004303184A02EBC3035B7DDBB20CE0154A46
:10535C0001EB410102EBC1014B7DD9B203EB4303DD
:10536C0002EBC302537DDBB2062B07D003EB4303E6
:10537C000C4A02EBC3039B688342E8D92046FFF733
:10538C00D9FEBEE7054E31782046FFF7F3FE3378A1
:10539C00DBB2034A13703470B3E700BFB5270020AB
:1053AC00B4270020B8270020B027002010B548B340
:1053BC00044601282ED9013CA4B2194B1B68DA68AB
:1053CC0012F0040FF9D0DA68D2B262F49062DA60AB
:1053DC00144B4FF40022DA600320FDF7B7F9124AA0
:1053EC0053696FF30F031C435461FFF793FE0F4B8C
:1053FC0018600B4B1A68936843F480639360AFF3A7
:10540C00008010BDFFF786FE084B18600320FDF7E7
:10541C008FF9F6E7064B1B78012BCCD1CDE700BFFB
:10542C00D40100200008005800280040B0270020BC
:10543C00AD27002038B52E4B9B6813F4806F05D038
:10544C002C4B1B68DB6813F0040FF9D1294B1A683D
:10545C00936823F480639360274B1B78DCB203EBD7
:10546C004303264A02EBC3039D68FFF707FF8446FC
:10547C00A84204D9224B01221A70002024E0214BAF
:10548C001B8810FA83F3AB4206D21E4B188880B2ED
:10549C001B4B00221A7017E0A8B2A0EB0C0080B2D4
:1054AC00174B01221A700FE004EB4404134A02EB71
:1054BC00C404A268A2EB0C02A26003EB43030F4AE4
:1054CC0002EBC3035C7DE4B2062C0ED0234604EB46
:1054DC0044010A4A02EBC10292689445E4D9074A96
:1054EC0002EBC1040022A260E7E7FFF75FFF38BDC3
:1054FC0000280040D4010020B5270020B827002048
:10550C00AE270020A827002010B5484B1B68CA22E4
:10551C005A6253225A62464B9A6842F020029A60B1
:10552C009A6802F00702C2F10402D2B241490A7031
:10553C001B6903F4FE034FF4FE0191FAA1F100295B
:10554C0031D0B1FA81F1CB40DBB20133DBB23A4955
:10555C000B7037490969C1F30E010131374C2180B9
:10556C00013901FB03F3A3F5A073D3404FF6FE7290
:10557C0093421AD9324B4FF6FF721A80314B1A688C
:10558C0042F400221A60D3F8802042F40022C3F8BF
:10559C00802000283FD12C4B01221A702B4B4FF04E
:1055AC00FF321A600EE02021CDE79BB2244A138013
:1055BC00E4E700EB4002264B03EBC20300221A7314
:1055CC000130C0B20528F4D9224B06221A70174CB0
:1055DC002268936823F480639360D368DBB263F42E
:1055EC009063D360174B4FF40022DA600320FDF771
:1055FC00ADF82268936843F4804393600B4B1B68AF
:10560C00FF225A62002203210846FDF765F80320A9
:10561C00FDF772F810BD054B1B68DB6813F4806F47
:10562C00ECD00320FDF784F8E8E700BFD40100209C
:10563C0000280040AD270020AC270020AA2700201E
:10564C00A827002000080058AE270020B027002013
:10565C00B8270020B527002038B50446EFF3108595
:10566C0072B60320FDF74CF8254B1B68CA225A6210
:10567C0053225A6204EB4402224B03EBC2031B7B02
:10568C00DBB2022B09D01E4B1B68FF225A6203208F
:10569C00FDF732F885F3108838BD00212046FFF75E
:1056AC009DFD194B1B78DBB2062B07D0174A1278DD
:1056BC00D2B29A42E7D0FFF7BDFEE4E7144B9B68E9
:1056CC0013F4806F05D00E4B1B68DB6813F0040FCE
:1056DC00F9D10B4B1A68936823F480639360D368F9
:1056EC0013F0040FFBD0D368DBB263F49063D36088
:1056FC00084B4FF40022DA600320FDF727F8C2E7CD
:10570C00D4010020B8270020B5270020B4270020A2
:10571C00002800400008005870B504460D4600EB08
:10572C004002214B03EBC2031B7BDBB2022B35D0B7
:10573C00EFF3108672B60320FCF7E2FF1B4B1B68DD
:10574C00CA225A6253225A6204EB4402164B03EBF0
:10575C00C20302221A739D605D602046FFF7B8FDFC
:10576C00134B1B78DBB2134A1278D2B29A4218D17F
:10577C000D4B04EB440203EBC2029268121A04EBC9
:10578C00440403EBC4039A60084B1B68FF225A6263
:10579C000320FCF7B1FF86F3108870BDFFF75CFFA8
:1057AC00C6E7FFF747FEEFE7B8270020D40100203B
:1057BC00B5270020B427002008B5904708BD00008D
:1057CC00F8B5EFF3108572B6314B1B68CA225A62DA
:1057DC0053225A629A6822F480629A602D4A147895
:1057EC00E4B204EB4402D1002B4A0A44127BD2B23D
:1057FC00022A13D0DA6812F0040FFBD0DA68D2B2A6
:10580C0062F49062DA60254B4FF40022DA6085F383
:10581C0010881F4B1B68FF225A62F8BD1E4A04EB0E
:10582C004401CB00D118D7580E691D4B1B7853B3CC
:10583C004B7BDBB2012B10D085F310882046FFF791
:10584C000BFF134B1B68CA225A6253225A623A4608
:10585C0021463046FFF7B0FFDBE701212046FFF77A
:10586C00BDFC85F3108804EB4403DA000A4B1344A7
:10587C0059682046FFF750FF054B1B68CA225A6235
:10588C0053225A62E3E7FFF7D5FD85F31088C0E792
:10589C00D4010020B5270020B827002000080058AC
:1058AC00AE27002008B5064B93F87430052B00D1B9
:1058BC0008BD00F032FE024B002283F87420F7E79B
:1058CC005028002000B583B0054B0093054B019385
:1058DC006946054801F028FA03B05DF804FB00BFE7
:1058EC002800032013590008F958000810B5044685
:1058FC004068083001F014FC10B10123237010BD76
:10590C0000232370FBE708B528B1012806D1072036
:10591C0001F072FC02E0072001F060FC08BD000001
:10592C0008B50F4BD3F88025B2F1FF3F10D0D3F858
:10593C0084350C480270C2F3072242708370C3F3A3
:10594C000722C270C3F3074202711B0E437108BDDC
:10595C00002000F087FD0028F9D10348F7E700BFCD
:10596C000070FF1FC828002064F8000870B588B0CC
:10597C000024ADF8184001F03FF9FFF7D1FF0246C3
:10598C000621204601F0B8F8294A1021182001F010
:10599C00B3F8284A1021082001F0AEF81821012094
:1059AC0001F0DAF800F079FF0DF11A03019307AB5F
:1059BC0000930DF11E0308222146012000F0B7FED2
:1059CC001D4B009308232246BDF81C10BDF81E0089
:1059DC0001F035F806AB009302232246BDF81A10ED
:1059EC00BDF81E0001F02BF802221146204601F0F2
:1059FC0023F9124D01262E70304600F009FE6E7010
:105A0C000823EB7010222A71AC7004940394029654
:105A1C0001920093234632463146204600F01EFE8A
:105A2C00AB780BB908B070BD00F0EDFEFAE700BF23
:105A3C0054F8000844F80008F0F70008502800203B
:105A4C0000B589B00B4B83F87400002006900590CC
:105A5C00049003900290019000900346A0228021B4
:105A6C0000F07CFD04490D2000F0A0FE09B05DF8AB
:105A7C0004FB00BF502800201400002070B592B029
:105A8C004322002101A806F01EFD4423ADF8183076
:105A9C000823ADF81A304FF4A863ADF81C30022679
:105AAC008DF81E6001248DF81F4022238DF82030C4
:105ABC0048238DF821304FF49673ADF822304FF413
:105ACC00FA73ADF824304FF0FF330A934FF4A473FC
:105ADC00ADF82C308DF82E4020238DF83130032377
:105AEC008DF8353040F27263ADF836300D238DF8F9
:105AFC003C3004258DF83E50FFF7E4FE214630463D
:105B0C0001F042FB164A0021284601F0C5FC0DEBC2
:105B1C00050000F033FC00BBFFF728FF01F0E8FAAA
:105B2C00104D002485F874404FF6FF73AB810E4A7C
:105B3C002146012001F0B0FC062001F036F80B4B99
:105B4C001C7001260A4B1E7000F077F9EC73AC73D5
:105B5C003046FFF775FF12B070BDFAF72DFDDBE78D
:105B6C00596D000850280020B15800084928002021
:105B7C004828002008B543783E2B1BD0FF2B35D08E
:105B8C00052B0FD182882D4B9B899A420CD001207A
:105B9C00FFF756FF2A4801230370284B9B8943804B
:105BAC0000F04AF9012008BD244B00229A8183F8A9
:105BBC007420ECE7C378012BF4D1204B93F87430AC
:105BCC00042B0ED01D4B052283F87420B0F8053041
:105BDC001A4A93811A4800220270438000F02CF973
:105BEC00E0E7164B062283F87420EFE7B0F8033099
:105BFC00B3F5006F17D00DD840F20242934216D085
:105C0C0040F209429342CDD101210C4B988900F00E
:105C1C001BFEC7E740F60E429342C3D1074B98894F
:105C2C0000F042FFBEE7074B01221A70BAE70649A3
:105C3C00024B988900F052FDB4E700BF50280020B9
:105C4C004C2800204828002007B2010008B500218C
:105C5C00042001F0AFFA08BD08B5012001F0D8FA14
:105C6C0008BD08B5012001F0EBFB08BD10B586B0EE
:105C7C004378FF2B03D00024204606B010BDB0F8AB
:105C8C00033040F60142934205D040F61B4293424A
:105C9C001ED00024F0E7B0F80720134B5B880233CA
:105CAC009A4201D00024E7E7447B1CB1012C08D0B8
:105CBC000124E1E701248DF8044001A800F0ACF8C0
:105CCC00DAE700238DF8043001A800F0A5F8D3E73B
:105CDC0002238DF80430B0F80530ADF8143001A86B
:105CEC0000F09AF80024C7E7D028002030B58BB01C
:105CFC003A4801F00BFA8F238DF81830E5238DF814
:105D0C001930B3238DF81A30D5238DF81B302E2380
:105D1C008DF81C307F238DF81D304A238DF81E30F2
:105D2C0098238DF81F302A238DF8203048238DF8C6
:105D3C0021307A238DF82230CC238DF823300024A7
:105D4C008DF824408DF825408DF826408DF827409D
:105D5C00234D00950423012206A9022000F0BFFD6B
:105D6C0019238DF81830ED238DF8193082228DF817
:105D7C001A20AE228DF81B208DF81C3021238DF8B3
:105D8C001D304C238DF81E309D238DF81F30412380
:105D9C008DF8203045238DF8213022238DF82230C8
:105DAC008E238DF823308DF824408DF825408DF806
:105DBC0026408DF8274035F8020B059501230493F6
:105DCC00102303930722029201940093054B1B8826
:105DDC0006AA022100F0D3FD0BB030BD795C00089F
:105DEC00D02800202200002008B19220704700B576
:105DFC0083B005480091134600224188008800F0CA
:105E0C001EFE03B05DF804FBD0280020014B18786F
:105E1C00704700BFD4280020037813B1012B04D0A5
:105E2C007047044B01221A707047024B00221A7003
:105E3C00704700BFD42800207047704710B5EFF3AF
:105E4C00108272B6064C636843F40023636082F3DD
:105E5C001088044B1B6898474FF40023A36010BDB7
:105E6C00000C0058D828002082B04FF0B043D3F873
:105E7C00502142F48012C3F85021D3F8503103F46E
:105E8C0080130193019B0A4B1A6A42F400721A6246
:105E9C00D3F8D42042F40072C3F8D42040BF20BF02
:105EAC00044AD36843F40043D36002B0704700BF88
:105EBC00000800580004005800B583B04FF0B04300
:105ECC001A6D42F480121A651B6D03F48013019352
:105EDC00019B094B1A6842F001021A601A6842F4DD
:105EEC0080321A602C20FCF707FC2D20FCF704FCF8
:105EFC0003B05DF804FB00BF000C0058EFF31081F9
:105F0C0072B6044A536823F00103536081F310887E
:105F1C00704700BF000C0058024B4FF480329A605F
:105F2C00704700BF000C005808B5EFF3108172B633
:105F3C00044A536843F40013536081F3108800F053
:105F4C006BF908BD000C005808B500F04DF9024B78
:105F5C0001229A6008BD00BF000C0058EFF31081BD
:105F6C0072B6044A536823F00203536081F310881D
:105F7C00704700BF000C0058064B4FF400329A607B
:105F8C00EFF3108172B65A6822F400325A6081F332
:105F9C0010887047000C005808B5EFF3108172B6EA
:105FAC00044A536843F40033536081F3108800F0C3
:105FBC0067F908BD000C005808B5144BDB6813F0EA
:105FCC00020F04D1114B5B6813F4003F14D00F4B3C
:105FDC00DB6813F0080F04D10C4B5B6813F4002F33
:105FEC000DD00A4BDB6813F0200F04D1074B5B6814
:105FFC0013F4001F06D008BDFFF7CEFFFBE7FFF739
:10600C001DFFF8E7FFF790FFF5E700BF000C005805
:10601C0008B500F043F9024B02229A6008BD00BF9C
:10602C00000C005808B50C4BDB6813F0080F05D1B9
:10603C008047094B4FF400229A6008BD074B18604B
:10604C00EFF3108172B6044A536823F400235360B3
:10605C0081F31088F1E700BF000C0058D82800200D
:10606C00EFF3108172B6044A536823F008035360AF
:10607C0081F31088704700BF000C005808B500F081
:10608C0069F9024B08229A6008BD00BF000C005849
:10609C0008B5144BDB6913F0020F0AD1114BDB6905
:1060AC0013F0010F0DD10F4BDB6913F0080F10D15A
:1060BC0008BD0C4B5B6813F0020FEFD1FFF7A8FF84
:1060CC00F6E7084B5B6813F0010FECD1FFF73CFFD0
:1060DC00EEE7044B5B6813F0080FE9D1FFF7CEFF36
:1060EC00E6E700BF000C005800B583B009E001A939
:1060FC00084800F0FEF9084B1B690199186900F07B
:10610C00E0F9044800F0C5F90028F0D003B05DF8C0
:10611C0004FB00BFF02800200000032008B5FFF7A7
:10612C00A3FE08BD08B50C4B0C4A1A600C4A5A6009
:10613C000C4A9A600C4A1A620C4A5A620C4ADA608F
:10614C000C4A1A610C4A5A610C4A9A610C4ADA617F
:10615C00FFF7B2FE08BD00BF00000320C4010320FE
:10616C00B4010320A40103209C010320940103200B
:10617C008C010320700103206C01032060010320BB
:10618C005401032038B504460B4D284600F07EF927
:10619C000A4B5B68A2681A60E268DA60084A5A60C7
:1061AC009D60FFF7ABFE2268064B1A606268064BD7
:1061BC001A60002038BD00BF3C0103200000032002
:1061CC00580A0320EC280020E828002008B5054BCD
:1061DC005A681268012111725B68FFF79DFE00205E
:1061EC0008BD00BF0000032000B583B007E001A983
:1061FC00074800F07EF9074B1B6801989847044844
:10620C0000F047F90028F2D003B05DF804FB00BFA2
:10621C003C010320EC28002008B5024B1B68984772
:10622C0008BD00BFE828002038B50446094D2846B3
:10623C0000F02CF9084BDB68A2681A605D60FFF770
:10624C008DFE2268054B1A606268054B1A600020AF
:10625C0038BD00BF3401032000000320E4280020D7
:10626C00E028002008B5054BDA681268102111727D
:10627C00DB68FFF781FE002008BD00BF0000032093
:10628C0008B5044BDA68DA68034B1B68106898474A
:10629C0008BD00BF00000320E428002000B583B037
:1062AC0007E001A9074800F024F9074B1B68019887
:1062BC009847044800F0EDF80028F2D003B05DF8E0
:1062CC0004FB00BF34010320E028002038B504464D
:1062DC000C4D284600F0DAF80B4800F0D7F80B4BC1
:1062EC001B690B4A1360A2689A60E268DA601D6150
:1062FC0022681A6062685A6022695A6162699A61FE
:10630C0038BD00BF4C010320F02800200000032002
:10631C00DC28002008B50146034800F0D2F80348F9
:10632C00FFF780FE08BD00BFF0280020F5600008D4
:10633C0010B5054C204600F0A9F8044B5B691C60B5
:10634C00FFF78EFE10BD00BF4401032000000320A8
:10635C007047000000B583B006E001A9064800F0C4
:10636C00C8F80198FFF7F4FF034800F092F80028F2
:10637C00F3D003B05DF804FB4401032000B585B0F5
:10638C006B4600F10C0237214FF6664000F034FEEC
:10639C009DF80E0005B05DF804FB00B585B06B46AA
:1063AC0000F10C020F214FF6684000F025FE9DF81D
:1063BC000E0005B05DF804FB00B585B002466B46D7
:1063CC0010214FF6754000F017FE9DF80E0005B039
:1063DC005DF804FB30B4214BDB6BC3F30D039B0066
:1063EC0003F1005303F540331A6811681C4B9942B2
:1063FC002DD0136954699569516892684FEA136CF2
:10640C0080F800C04FEA134C80F801C04FEA132CFF
:10641C0080F802C0C3F3031C80F803C003F00F0321
:10642C000371230E4371230C8371230AC37104720D
:10643C0045720B0E83720B0CC372090A0173130E97
:10644C004373130C8373C273002030BC70475369C1
:10645C009469D569D1681269D0E700BF0040005833
:10646C00B95646A901460748C3798B4204D0064A5F
:10647C00904201D00838F7E78B4200D170470020DA
:10648C00FCE700BFF873FF1F0070FF1F0060406047
:10649C007047EFF3108372B60268824203D000207B
:1064AC0083F3108870470120FAE7EFF3108372B67C
:1064BC0002680A60486001600A68516083F31088C2
:1064CC007047EFF3108372B6086042684A6041600F
:1064DC004A68116083F310887047EFF3108372B62B
:1064EC0042680168116002684168516083F310884A
:1064FC00704710B5EFF3108472B603680B60006838
:10650C00FFF7EBFF84F3108810BD08B506F008F810
:10651C0008BD08B505F0D7FF08BD10B588B000243C
:10652C008DF807401822214602A8FFF7F2FF3F23FF
:10653C00ADF808308123ADF80A300DF1070306934E
:10654C0001230793214602A800F040FCA04203DB84
:10655C009DF8070008B010BDFF20FBE72DE9F04FB8
:10656C00CBB09C469DF854619DF85C5106F1080A2D
:10657C0004AC04EB0A0B77190937E31901930DF1FD
:10658C000F094FF000088DF80F808DF81000ADF852
:10659C001110ADF813208DF815C09DF850318DF801
:1065AC0016308DF817603246569906A8FFF7ADFFE6
:1065BC0004F80A5009362A4658990BF10100FFF7E6
:1065CC00A4FF3544BDF86431E353BDF86831019A3A
:1065DC00538004351822414644A8FFF79AFF3F2305
:1065EC00ADF810318323ADF8123146944795CDF8B0
:1065FC00209101234993414644A800F0E7FB404514
:10660C0004DB9DF80F004BB0BDE8F08FFF20FAE7DC
:10661C0070B5C8B00DF1070500248DF8074002AE27
:10662C008DF808001822214642A8FFF772FF3F237D
:10663C00ADF808318523ADF80A3144960123459312
:10664C0046954793214642A800F0C0FBA04203DBCD
:10665C009DF8070048B070BDFF20FBE770B5C8B0CF
:10666C000DF1070600258DF8075002AC8DF80800D7
:10667C008DF809108DF80A208DF80B309DF830310B
:10668C008DF80C309DF834318DF80D309DF8383183
:10669C008DF80E304F9BCDF80F309DF840318DF8B2
:1066AC0013301822294642A8FFF733FF3F23ADF8D9
:1066BC0008318623ADF80A3144940C234593469651
:1066CC0001234793294642A800F080FBA84203DB34
:1066DC009DF8070048B070BDFF20FBE770B5C8B04F
:1066EC000DF1070600248DF8074002ADADF8080047
:1066FC00CDF80A101822214642A8FFF70AFF3F23C3
:10670C00ADF808318823ADF80A314495062345933A
:10671C00469601234793214642A800F057FBA0421E
:10672C0003DB9DF8070048B070BDFF20FBE72DE9A7
:10673C00F041C8B007460E46154698460722002180
:10674C006846FFF7E6FE02AC8DF808708DF809601C
:10675C008DF80A501822002142A8FFF7DAFE3F23D9
:10676C00ADF808318A23ADF80A31449403234593DC
:10677C00CDF818D107234793002142A800F026FB3F
:10678C00002811DB9DF8000058B9BDF80130A8F8BD
:10679C000030BDF803204E9B1A80BDF805204F9B9E
:1067AC001A8048B0BDE8F081FF20FAE7F0B5C9B017
:1067BC0004460DF1070600258DF8075002AF8DF841
:1067CC00080002460DF10900FFF79FFE0134182264
:1067DC00294642A8FFF79DFE3F23ADF808318E23D2
:1067EC00ADF80A31449745944696012347932946C0
:1067FC0042A800F0EBFAA84203DB9DF8070049B071
:10680C00F0BDFF20FBE710B588B000248DF80740E1
:10681C001822214602A8FFF77CFE3F23ADF8083072
:10682C009223ADF80A300DF1070306930123079369
:10683C00214602A800F0CAFAA04203DB9DF807002B
:10684C0008B010BDFF20FBE770B5C8B00DF107060E
:10685C0000248DF8074002ADADF808008DF80A1041
:10686C001822214642A8FFF754FE3F23ADF8083109
:10687C00A523ADF80A31449503234593469601238D
:10688C004793214642A800F0A1FAA04203DB9DF8F1
:10689C00070048B070BDFF20FBE710B588B000249E
:1068AC008DF807401822214602A8FFF732FE3F233D
:1068BC00ADF8083040F20113ADF80A300DF10703C2
:1068CC00069301230793214602A800F07FFAA04209
:1068DC0003DB9DF8070008B010BDFF20FBE72DE996
:1068EC00F041C8B00446884617461E46012813D00E
:1068FC0002280FD0012502AB1D440322002101A860
:10690C00FFF707FE8DF80840012C07D0022C32D17E
:10691C00102404E01125EEE70325ECE702242246BF
:10692C0041460DF10900FFF7F0FD2F706E70033436
:10693C001822002142A8FFF7ECFD3F23ADF80831E7
:10694C004FF48173ADF80A3102AB4493459401AB1B
:10695C00469303234793002142A800F037FA0028FE
:10696C000BDB9DF8040018B9BDF805204E9B1A806E
:10697C0048B0BDE8F0819720FAE7FF20F8E72DE951
:10698C00F041C8B006460C4690461F46012915D06A
:10699C00022911D0032502AB1D440322002101A8BA
:1069AC00FFF7B7FDADF808608DF80A40012C07D051
:1069BC00022C40D1102404E01325ECE70525EAE76E
:1069CC000224224641460DF10B00FFF79EFD2F805D
:1069DC009DF83831AB709DF83C31EB709DF840312F
:1069EC002B719DF844316B719DF84831AB710A34B1
:1069FC001822002142A8FFF78CFD3F23ADF8083187
:106A0C004FF48273ADF80A3102AB4493459401AB59
:106A1C00469303234793002142A800F0D7F900289E
:106A2C000BDB9DF8040018B9BDF80520539B1A80A8
:106A3C0048B0BDE8F0819720FAE7FF20F8E7F0B501
:106A4C00C9B01C460DF1070700268DF8076002AD92
:106A5C00ADF80800ADF80A108DF80C208DF80D304B
:106A6C001A464E990DF10E00FFF74FFD0634182211
:106A7C00314642A8FFF74DFD3F23ADF808314FF4E6
:106A8C008373ADF80A314495459446970123479397
:106A9C00314642A800F09AF9B04203DB9DF807009A
:106AAC0049B0F0BDFF20FBE770B5C8B00DF107058C
:106ABC0000248DF8074002AEADF8080018222146DC
:106ACC0042A8FFF726FD3F23ADF8083140F225130D
:106ADC00ADF80A314496022345934695012347931A
:106AEC00214642A800F072F9A04203DB9DF8070092
:106AFC0048B070BDFF20FBE7F0B5C9B00C4611469D
:106B0C000DF1070700258DF8075002AE8DF808002F
:106B1C008DF8094022460DF10A00FFF7F6FC02340D
:106B2C001822294642A8FFF7F4FC3F23ADF80831A0
:106B3C000C23ADF80A3144964594469701234793AC
:106B4C00294642A800F042F9A84203DB9DF8070051
:106B5C0049B0F0BDFF20FBE770B5C8B00DF10706DA
:106B6C0000248DF8074002AD8DF808008DF809104F
:106B7C001822214642A8FFF7CCFC3F23ADF8083180
:106B8C000F23ADF80A314495022345934696012311
:106B9C004793214642A800F019F9A04203DB9DF867
:106BAC00070048B070BDFF20FBE770B5C8B00DF111
:106BBC00070500248DF8074002AEADF80800182236
:106BCC00214642A8FFF7A5FC3F23ADF80831182356
:106BDC00ADF80A3144960223459346950123479319
:106BEC00214642A800F0F2F8A04203DB9DF8070012
:106BFC0048B070BDFF20FBE710B588B000248DF8BD
:106C0C0007401822214602A8FFF783FC0323ADF8A6
:106C1C000830ADF80A300DF10703069301230793F2
:106C2C00214602A800F0D2F8A04203DB9DF8070031
:106C3C0008B010BDFF20FBE770B5C8B00DF107061A
:106C4C0000258DF8075002AC8DF808008DF809105E
:106C5C008DF80A201822294642A8FFF75AFC08236F
:106C6C00ADF808313123ADF80A3144940323459330
:106C7C00469601234793294642A800F0A7F8A8425C
:106C8C0003DB9DF8070048B070BDFF20FBE7000058
:106C9C0008B520B9054B1B6803B1984708BD034BD9
:106CAC001B68002BFAD001209847F7E7FC2800203E
:106CBC0010B584B004460A48FFF7E8FB094B1C608A
:106CCC000948FFF7E3FB094B01221A70084B1B68BC
:106CDC0023B10294074A00926846984704B010BD4D
:106CEC000029002024010020280100202001002080
:106CFC0008290020856E000810B50B461146084A7D
:106D0C001468A4F80900E3721A4604F10C0005F0AB
:106D1C0007FC044B1B6900210846984710BD00BFB7
:106D2C00240100200829002010B50C464A68054BA8
:106D3C001A60054BD861184600F0B8F82068FFF7C8
:106D4C00B7FF10BDFC2800200829002000B585B035
:106D5C001B48FFF79EFB10B91A4B1B784BB9184810
:106D6C00FFF797FB10B9174B1B7823BB05B05DF8E9
:106D7C0004FB03A91248FFF7BCFB134BDB698BB177
:106D8C00039A029201228DF8042001A898479DF8DD
:106D9C0004200C4B1A700B4B1B783BB10398FFF77C
:106DAC00B9FADCE7074B01221A70F4E7039904489F
:106DBC00FFF77BFBD3E70248FEF748FFD6E700BF9F
:106DCC00280100202001002008290020F0B583B004
:106DDC0007460020FFF75CFF7D883B88C5F309055B
:106DEC0045EA8325ADB2224B01221A70BA68397B71
:106DFC002846FFF781FF0026002E33D148F2E80029
:106E0C00FEF72FFF05E0B4F80D30AB4216D0237B14
:106E1C0033BB1848FFF73DFB0028EDD101A91548FD
:106E2C00FFF767FB019C637A0F2BECD0A389AB4275
:106E3C0008D0E37A002BECD00126EAE73B69E27A32
:106E4C001A70E4E7A27A033AD2B27B699A42A8BFDD
:106E5C001A467A6104F10E01386905F061FBE8E726
:106E6C000126D6E70120FFF713FF002003B0F0BD89
:106E7C00F82800200029002010B50146437A0E3B6B
:106E8C00DBB2012B07D9074C2046FFF71AFB204633
:106E9C00FEF7DCFE10BD0448FFF713FB0020FEF7E5
:106EAC00DBFEF7E72801002000290020024B0360DD
:106EBC00024B0361704700BF91610008D961000863
:106ECC0008B538B9084B1B6803B19847074B00222B
:106EDC001A7008BD054B01221A70034B1B68002B5E
:106EEC00F7D010469847F4E72C29002060010020C9
:106EFC0010B584B004460B4B18600B48FFF7C6FA6C
:106F0C000120FFF7DDFF094B01221A70084B1B68AB
:106F1C0033B10394074A0192074A029201A8984799
:106F2C0004B010BD5C010020640100205801002059
:106F3C00302900206D700008496F000810B501461B
:106F4C00034C2046FFF7BDFA2046FEF7B8F810BDFB
:106F5C006401002010B50C464A68054B1A60054BBD
:106F6C00D861184600F082F82068FFF7C1FF10BD09
:106F7C002C2900203029002000B585B01B48FFF7D4
:106F8C0088FA10B91A4B1B784BB91848FFF781FADD
:106F9C0010B9174B1B7823BB05B05DF804FB03A994
:106FAC001248FFF7A6FA134BDB698BB1039A0292D6
:106FBC0001228DF8042001A898479DF804200C4B61
:106FCC001A700B4B1B783BB10398FFF7A3F9DCE766
:106FDC00074B01221A70F4E703990448FFF765FA8E
:106FEC00D3E70248FEF76BF8D6E700BF6401002038
:106FFC0058010020302900202DE9F04107460C46AD
:10700C0016461D460020FFF75BFFDFF85080D8F8CE
:10701C000000A0F80970C472224631460C3005F00D
:10702C007FFA01240B4B1C700B4B1B69002108468B
:10703C00984748F2E800FEF74DF8D8F800108A7827
:10704C00033205F1080005F06BFA2046FFF738FF14
:10705C00BDE8F08128290020302900205C010020A7
:10706C0008B50020FEF731F808BD0000024B0360A4
:10707C00024B0361704700BF356200087162000863
:10708C00704770477047704770477047704770473C
:10709C00704770477047704770477047704770472C
:1070AC00704708B5FFF7ECFFFFF7EBFFFFF7EAFFC0
:1070BC00FFF7E9FFFFF7E8FFFFF7E7FFFFF7E6FF52
:1070CC00FFF7E5FFFFF7E4FFFFF7E3FFFFF7E2FF52
:1070DC00FFF7E1FFFFF7E0FFFFF7DFFFFFF7DEFF52
:1070EC00FFF7DEFFFFF7DBFFFEF700FE08BD000039
:1070FC0008B50023034A1377034A1370FFF7D1FF37
:10710C0008BD00BF3801002034010020034A137F62
:10711C0042F8230001331377704700BF3801002079
:10712C0038B505464378FF2B06D1B0F8033003F48D
:10713C007F43B3F5406F03D02846FEF71BFD38BDE7
:10714C00002422460A4B1B7FA34209D9084B53F853
:10715C00243028469847024610B90134E4B2F1E7CE
:10716C00002AE9D0022A01D10020E8E70120E6E755
:10717C00380100200023024A1360024A1360704752
:10718C005429002050290020EFF3108372B641B12E
:10719C00012903D106490A6802430A6083F3108867
:1071AC00704703490A6822EA00020A60F6E700BF4A
:1071BC0050290020EFF3108C72B6064A1368034373
:1071CC001360054A52F83130034342F831308CF3E6
:1071DC0010887047F02900205C290020EFF3108103
:1071EC0072B6044A136823EA0000106081F3108819
:1071FC00704700BF28000020EFF3108172B6034ADD
:10720C0013681843106081F3108870472800002021
:10721C00EFF3108172B6034A13681843106081F3C0
:10722C0010887047EC2900207047704770477047F2
:10723C00704728B1B0FA80F0C0F11F00C0B270479F
:10724C002020F9E72DE9F04F83B0714BD3F8009073
:10725C0009EA000018606F4BD3F800806E4B1E6873
:10726C006E4B1D686E4BD3F800B031E0013238E044
:10727C0018466C4B03EBC2035B681840FFF7D9FF51
:10728C00694B1860EFF3108272B601241B6804FA84
:10729C0003F3D843DFF87CC1DCF8001021EA0303C8
:1072AC00CCF80030002C48D182F31088DFF878A19C
:1072BC00DAF80000FFF7BAFFDAF800301F2B04D819
:1072CC005A4A52F82300002869D10020FFF7B0FF7A
:1072DC0008EA05034E4A106803426FD016EA0B0207
:1072EC006CD1504B53F832302B400342BED04D4939
:1072FC0051F832302B40034001EBC201496819426E
:10730C0005D1484901EBC2014FF0FF3048604149BB
:10731C000968444800EBC2004068454C276867EA9E
:10732C000000206021EA000113EA0100A1D100292C
:10733C009ED10020206018469BE7013C394951F84A
:10734C003430034041F83430ACE7364901EBC2012C
:10735C004D6801269E4025EA06054D604D6802A940
:10736C0001EB820141F8045C0132002AEDD0804728
:10737C00BCB12D4C2068FFF75AFF264BD3F8008088
:10738C00254B1E68254B1D68254BD3F800B0236890
:10739C0001229A4026490B6813430B6098E722465A
:1073AC00E3E7204B03EBC4035A6802A901EB840109
:1073BC0051F8041C0A405A600134D9E71A4B4FF0BB
:1073CC00FF321A60164B1B68334205D0104BC3F8C2
:1073DC00009003B0BDE8F08FFFF726FFEFF31084A9
:1073EC0072B60C4B1B680C4A11680C4A126813409D
:1073FC00074A1268134203D1094B1B680B4204D095
:10740C0084F31088FFF711FFE0E7FDF757FEF7E76D
:10741C0024000020F0290020EC2900202800002066
:10742C00E82900205C290020E429002064290020A0
:10743C005829002008B5C043FFF704FF08BD000021
:10744C00F8B50446114B1E68B6F1FF3F05D0012577
:10745C00B5400F4B1F681C6005E00025F9E721467D
:10746C002846FFF7E7FF0B4B1B682342F7D0074B6F
:10747C001E60EFF3108172B6064A136823EA040308
:10748C00136081F31088024B1F60F8BDE4290020C3
:10749C00E8290020EC29002038B51446EFF31085BC
:1074AC0072B6FFF7C6FE034B43F8204085F31088F5
:1074BC0038BD00BF64290020704770477047704783
:1074CC007047704770477047026852E8003F23F0DE
:1074DC00C00342E800310029F6D1026802F108032A
:1074EC0053E8003F23F40003083242E8003100293E
:1074FC00F3D12023C0F888307047026852E8003F6F
:10750C0023F4907342E800310029F6D1026802F1AD
:10751C00080353E8003F23F0805323F001030832A3
:10752C0042E800310029F1D1C36E012B06D0202393
:10753C00C0F88C300023C36643677047026852E87A
:10754C00003F23F0100342E800310029F6D1EEE7AA
:10755C0008B58446806ADCF800301B6813F0200FF5
:10756C0026D1026852E8003F23F4807342E80031D0
:10757C000029F6D1026802F1080353E8003F23F01A
:10758C000103083242E800310029F3D1026802F10C
:10759C00080353E8003F23F04003083242E800316F
:1075AC000029F3D12023C0F88C30C36E012B08D0F6
:1075BC0000230367C36E012B0DD0D0F8A030984781
:1075CC0008BD026852E8003F23F0100342E8003186
:1075DC000029F6D1ECE7DCF800305B689BB2B0F820
:1075EC005C10994201D9A0F85E30D0F8C020B0F8F8
:1075FC005E309BB2C91A89B29047E1E708B50346E1
:10760C00806A01220267C26E012A03D0D0F89C3036
:10761C00984708BDB0F85C104A08A0F85E201B68BB
:10762C005B689BB2994201D3A0F85E30D0F8C020C1
:10763C00B0F85E309BB2C91A89B29047E9E738B509
:10764C00846AD4F88820D4F88C5023689B6813F093
:10765C00800F01D0212A11D023689B6813F0400FB2
:10766C0001D0222D0ED0D4F8903043F01003C4F882
:10767C009030D4F8A4302046984738BD2046FFF708
:10768C0023FFE9E72046FFF738FFECE708B5806AEF
:10769C00D0F8A430984708BD08B5026852E8003FFE
:1076AC0023F0400342E800310029F6D12023C0F832
:1076BC00883000238367D0F89830984708BD0000C5
:1076CC0070B504460268D3691068916840F60F0CD7
:1076DC0013EA0C0F0DD113F0200F10D010F0200F67
:1076EC0002D111F0805F0AD0636F0BB1204698472E
:1076FC0070BDA24D0D4030D1A14E30422DD1E56E62
:10770C00012D00F0C78013F4801F03D011F4800FFB
:10771C0040F0778113F0800F07D010F0800F40F00D
:10772C00788111F4000F40F0748113F0400F03D0F6
:10773C0010F0400F40F0748113F4000F03D010F0E0
:10774C00804F40F0718113F0807FD1D00028CFDAC8
:10775C00D4F8B83020469847CAE713F0010F09D087
:10776C0010F4807F06D001261662D4F890203243A4
:10777C00C4F8902013F0020F0BD011F0010F08D0B9
:10778C00226802261662D4F8902042F00402C4F853
:10779C00902013F0040F0BD011F0010F08D02268C9
:1077AC0004261662D4F8902042F00202C4F890200D
:1077BC0013F0080F0BD010F0200F00D13DB1226850
:1077CC0008251562D4F890202A43C4F8902013F4AD
:1077DC00006F0CD010F0806F09D022684FF4006558
:1077EC001562D4F8902042F02002C4F89020D4F80E
:1077FC009020002A3FF47CAF13F0200F09D010F03A
:10780C00200F02D111F0805F03D0636F0BB12046C3
:10781C009847D4F8902023689B6813F0400F02D14E
:10782C0012F0280F2ED02046FFF767FE23689B68C6
:10783C0013F0400F21D0226802F1080353E8003FF7
:10784C0023F04003083242E800310029F3D1D4F888
:10785C0080306BB14B4A9A63D4F88000FAF720FE63
:10786C0000283FF445AFD4F88000836B98473FE77E
:10787C00D4F8A430204698473AE7D4F8A4302046F0
:10788C00984735E7D4F8A430204698470023C4F82D
:10789C0090302DE713F0100F3FF435AF10F0100FB0
:1078AC003FF431AF1023136223689B6813F0400F31
:1078BC006AD0D4F880100A6853689BB2002B4BD066
:1078CC00B4F85C00984247D9A4F85E300B681B688A
:1078DC0013F0200F32D1226852E8003F23F480735A
:1078EC0042E800310029F6D1226802F1080353E87E
:1078FC00003F23F00103083242E800310029F3D1A4
:10790C00226802F1080353E8003F23F040030832D9
:10791C0042E800310029F3D12023C4F88C30002335
:10792C00E366226852E8003F23F0100342E800317E
:10793C000029F6D1D4F88000FAF778FD02232367EA
:10794C00D4F8C020B4F85C10B4F85E309BB2C91AFD
:10795C0089B220469047CBE6B4F85C1099427FF48C
:10796C00C7AE136813F0200F3FF4C2AE0223236797
:10797C00D4F8C03020469847BAE600BF010000108A
:10798C002001000499760008B4F85C10B4F85E305D
:10799C009BB2C91A89B2B4F85E309BB2002B3FF48B
:1079AC00A7AE00293FF4A4AE226852E8003F23F4AE
:1079BC00907342E800300028F6D1226802F10803E7
:1079CC0053E8003F23F0805323F00103083242E8D0
:1079DC0000300028F1D12023C4F88C300023E3665A
:1079EC006367226852E8003F23F0100342E800303E
:1079FC000028F6D102232367D4F8C03020469847DC
:107A0C0076E64FF480131362D4F8B43020469847CE
:107A1C006EE6A36F002B3FF46BAE2046984767E6EB
:107A2C002046FFF739FE63E6D4F8BC302046984771
:107A3C005EE600BF90F88430012B1FD0012380F844
:107A4C0084302423C0F88830026852E8003F23F0C9
:107A5C000C0342E800310029F6D1026852E8003FDD
:107A6C0043F0040342E800310029F6D12023C0F88A
:107A7C008830002380F88430184670470220704705
:107A8C00124BC0F89430124BC0F89830114BC0F820
:107A9C009C30114BC0F8A030104BC0F8A430104BE8
:107AAC00C0F8A8300F4BC0F8AC300F4BC0F8B0305A
:107ABC000E4BC0F8B4300E4BC0F8B8300D4BC0F8BC
:107ACC00BC300D4BC0F8C030704700BFC774000805
:107ADC00C5740008C97400086D330008CB74000825
:107AEC00CD740008CF740008D17400086D810008B3
:107AFC006F81000871810008D374000870B50446CA
:107B0C0083680269134342691343C26913430168D2
:107B1C0008688B4A02401A430A602268536823F4AF
:107B2C004053E1680B435360A1692268854B9A422C
:107B3C0001D0236A1943936823F06E4323F4306316
:107B4C000B4393602268D36A23F00F03616A0B43E3
:107B5C00D36222687C4B9A4214D07A4B9A4225D03D
:107B6C00102378498A4240D0E069B0F5004F7AD0B2
:107B7C00013B072B00F2D680DFE803F0A5A3D4BEAF
:107B8C00D4D4D4C14FF0B043D3F8883003F00303FE
:107B9C00032B09D8DFE803F002041F060123E0E7FA
:107BAC000423DEE70823DCE71023DAE74FF0B043C9
:107BBC00D3F8883003F44063B3F5006F0DD005D8CB
:107BCC006BB1B3F5806F0CD10423CAE7B3F5406FEA
:107BDC0009D10823C5E70223C3E70223C1E7002329
:107BEC00BFE71023BDE71023BBE7082B00F28A8008
:107BFC00DFE803F0088837883488888805004FF45C
:107C0C00004003E0F9F73EFF00287DD0626A4F4B3D
:107C1C0033F81220B0FBF2F3656805EB450199428D
:107C2C0074D8B3EB053F73D8002633463146F8F7CA
:107C3C009FFA090241EA106100026B08C0182A463B
:107C4C00334641F10001F8F793FAA0F54072404B2E
:107C5C009A425FD82368D860304664E0F9F7E4F9BB
:107C6C00D2E73C48D2E7013B072B55D8DFE803F0BD
:107C7C00060454265454540A364803E0F9F714FF0A
:107C8C0000284BD0626A314B33F81230B0FBF3F062
:107C9C006268530803EB4003B3FBF2F3A3F110014A
:107CAC004FF6EF7291423BD89AB222F00F02C3F317
:107CBC00420313432268D360002034E0F9F7B4F98F
:107CCC00DEE7244802E0F9F7EFFEA8B3626A1F4B27
:107CDC0033F81230B0FBF3F0636800EB5300B0FBE9
:107CEC00F3F0A0F110024FF6EF739A4226D82368F6
:107CFC0080B2D860002016E0F9F796F9E5E74FF46A
:107D0C000040E3E701200EE000200CE001200AE037
:107D1C00012008E0012006E0012004E0002002E040
:107D2C00012000E001200123A4F86A30A4F8683097
:107D3C0000236367A36770BD0020F4E70120F2E71E
:107D4C00F369FFCF00800040003801406CF8000858
:107D5C00FFFC0F000024F400836A13F0080F06D018
:107D6C000268536823F40043816B0B435360836AAE
:107D7C0013F0010F06D00268536823F40033C16A74
:107D8C000B435360836A13F0020F06D002685368EA
:107D9C0023F48033016B0B435360836A13F0040F9D
:107DAC0006D00268536823F48023416B0B43536065
:107DBC00836A13F0100F06D00268936823F4805383
:107DCC00C16B0B439360836A13F0200F06D00268DB
:107DDC00936823F40053016C0B439360836A13F094
:107DEC00400F0AD00268536823F48013416C0B4394
:107DFC005360436CB3F5801F0BD0836A13F0800F74
:107E0C0006D00268536823F40023C16C0B43536003
:107E1C0070470268536823F4C003816C0B435360B2
:107E2C00EBE72DE9F84305460E4617469946DDF873
:107E3C0020802B68DC6936EA04040CBF0124002482
:107E4C00BC4236D1B8F1FF3FF3D0FAF7D7FCA0EB28
:107E5C000900404530D8B8F1000F2FD02B681A68B4
:107E6C0012F0040FE5D0802EE3D0402EE1D0DA6979
:107E7C0012F0080F11D1DA6912F4006FD9D04FF457
:107E8C0000621A622846FFF738FB2023C5F89030B1
:107E9C00002385F8843003200CE008241C6228465B
:107EAC00FFF72BFBC5F89040002385F884300120A8
:107EBC0000E00020BDE8F8830320FBE70320F9E78E
:107ECC0030B583B004460023C0F89030FAF796FC26
:107EDC0005462268126812F0080F10D123681B683F
:107EEC0013F0040F28D12023C4F88830C4F88C3048
:107EFC000020E066206784F8840003B030BD6FF08A
:107F0C007E430093034600224FF400112046FFF7F6
:107F1C0088FF0028E2D0226852E8003F23F080035B
:107F2C0042E800310029F6D12023C4F88830002320
:107F3C0084F884300320E0E76FF07E4300932B46F7
:107F4C0000224FF480012046FFF76BFF0028CAD0B7
:107F5C00226852E8003F23F4907342E80031002974
:107F6C00F6D1226802F1080353E8003F23F0010325
:107F7C00083242E800310029F3D12023C4F88C30B8
:107F8C00002384F884300320B7E7000000283FD09A
:107F9C0010B50446D0F8883033B32423C4F88830A5
:107FAC002268136823F001031360A36A63BB2046A5
:107FBC00FFF7A4FD012816D02268536823F49043E0
:107FCC0053602268936823F02203936022689368BD
:107FDC0043F0080393602268136843F001031360B5
:107FEC002046FFF76DFF10BD80F88430FFF748FD89
:107FFC00D4F8C43023B1D4F8C43020469847CCE729
:10800C00044BC4F8C430F6E72046FFF7A5FECEE7D4
:10801C0001207047B10C000810B504461346816569
:10802C00A0F85C200022C0F890202222C0F88C20FE
:10803C00D0F88020AAB12149D162D0F88020204903
:10804C001163D0F880201F495163D0F880200021A3
:10805C0091630168826D2431D0F88000FAF79CF9A5
:10806C0020BB236943B1226852E8003F43F480737C
:10807C0042E800310029F6D1226802F1080353E8E6
:10808C00003F43F00103083242E800310029F3D1EC
:10809C00226802F1080353E8003F43F04003083222
:1080AC0042E800310029F3D1002010BD1023C4F8A0
:1080BC0090302023C4F88C300120F6E75D75000861
:1080CC00097600084B76000838B5D0F88C30202B98
:1080DC0017D1C1B1CAB10023C36603680C4CA342CB
:1080EC000CD05B6813F4000F08D0046854E8003F10
:1080FC0043F0806344E80035002DF6D1FFF78CFF88
:10810C0000E0022038BD0120FCE70120FAE700BFA7
:10811C0000800040436E2BB90123A0F86A30A0F810
:10812C006830704730B403689A68C2F34262996849
:10813C00490F094D6B5CDB00084C615C93FBF1F360
:10814C00A0F86A30AB5CDB00A25C93FBF2F3A0F806
:10815C00683030BC704700BF8CF8000884F8000809
:10816C0070477047704790F88430012B18D001236A
:10817C0080F884302423C0F8883003681A681968A2
:10818C0021F00101196022F00052002343660168BE
:10819C000A602022C0F8882080F884301846704786
:1081AC000220704738B590F88430012B1DD004465E
:1081BC00012380F884302423C0F8883003681D68BC
:1081CC001A6822F001021A600268936823F0604377
:1081DC0019439160FFF79EFF23681D602023C4F8AC
:1081EC008830002084F8840038BD0220FCE738B5C4
:1081FC0090F88430012B1DD00446012380F8843084
:10820C002423C0F8883003681D681A6822F0010224
:10821C001A600268936823F0606319439160FFF75A
:10822C0079FF23681D602023C4F88830002084F86F
:10823C00840038BD0220FCE7F0B54B6A33B1B2F1D3
:10824C00406F03D08B6A0468013B23618B69002B60
:10825C0074D00D6A002D39D003688C68DC61CC6950
:10826C00E4B1CB6A0D6B2B434D6A2B434D6943EA4A
:10827C0085430D692B430D6A2B43CD682B43234358
:10828C008C6923430C682343046813436361B2F184
:10829C00406F1AD003684A689A6116E0CB6A0D6B7E
:1082AC002B434D6A2B434D6943EA85430D692B43A0
:1082BC000D6A2B4323438C69234309680B430168E4
:1082CC0013434B61036800229A61F0BDCC69F4B191
:1082DC000E6BCF6A47EA060C4E6A4CEA060C4E69E6
:1082EC004CEA864C45EA0C0CCD684CEA050C44EA89
:1082FC000C0C43EA0C030C682343046813436361BE
:10830C00B2F1406FE1D003684A689A61DDE70E6B09
:10831C00CF6A47EA060C4E6A4CEA060C4E694CEAE8
:10832C00864C45EA0C052C43234309680B43016832
:10833C0013434B61036800229A61C6E70C6A002C58
:10834C0035D003688C68DC61CC69D4B1CB6A0D6B19
:10835C002B434D6A2B434D6943EA85430D692B43EF
:10836C000D6A2B43CD682B4323438C69234304684C
:10837C0013436361B2F1406FA7D003684A689A61F6
:10838C00A3E7CB6A0D6B2B434D6A2B434D6943EA34
:10839C0085430D692B430D6A2B431C438B691C438E
:1083AC00036814435C61036800229A618DE7CD6910
:1083BC00EDB10E6BCF6A47EA060C4E6A4CEA060C1E
:1083CC004E694CEA864C44EA0C0CCC684CEA040C22
:1083DC0045EA0C0C43EA0C03046813436361B2F1E5
:1083EC00406F3FF472AF03684A689A616DE7D1F849
:1083FC0024E0BEF1000F3FF468AFCF6A0E6B47EA82
:10840C00060C4EEA0C06496946EA8146344325437C
:10841C002B43016813434B61036800229A6154E7B4
:10842C002DE9F84305460F4616469946DDF820809F
:10843C002C68A4683C4214BF4FF0010C4FF0000CA8
:10844C00B44514D0B8F1FF3FF2D0FAF7D7F9A0EB4E
:10845C000900404502D8B8F1000FE9D1042385F892
:10846C003930EB6B43F00103EB63012000E000209B
:10847C00BDE8F8832DE9F04182B004460F4616465C
:10848C00FAF7BCF994F838C05FFA8CFCBCF1010F18
:10849C003CD00546012384F8383094F839C05FFA93
:1084AC008CFC9C4508D04FF00208002384F838302F
:1084BC00404602B0BDE8F0810022E263022384F85A
:1084CC0039300096034620212046FFF7A9FF80464D
:1084DC000028EAD1002239462046FFF7ADFE7B6A20
:1084EC001BB1012384F83930DFE700962B460122BB
:1084FC0002212046FFF794FF80460028D5D123683F
:10850C000222DA60012384F83930CEE74FF00208FA
:10851C00CEE72DE9F04383B0044689461746FAF7B7
:10852C006DF9D4F8008094F83830DBB2012B57D0B9
:10853C000646012384F8383094F83950EDB29D4248
:10854C0007D00225002384F83830284603B0BDE854
:10855C00F0830023E363B9F1000F3CD0122384F8BD
:10856C003930D8F8103001336362D8F81030013349
:10857C002362C4F81C90D8F8143023F04063C8F878
:10858C0014300025636A9BB1009733460122042105
:10859C002046FFF745FF054650B9E3691B7888F87C
:1085AC002030E1690131E161616A01396162E9E719
:1085BC001DB1012384F83930C4E7009733460122FA
:1085CC0002212046FFF72CFF05460028F1D1236835
:1085DC000222DA60EDE7E36B43F00803E363B1E7F3
:1085EC000225B2E72DE9F04383B0044689461746CD
:1085FC00FAF704F9D4F80080D8F8182094F8383039
:10860C00DBB2012B5BD00646012384F8383094F89A
:10861C003950EDB29D4207D00225002384F8383042
:10862C00284603B0BDE8F0830023E363B9F1000FE3
:10863C0040D0222384F83930D8F81030013323632A
:10864C00D8F810300133E362C4F82890D8F814300D
:10865C0023F0406343F08063C8F8143023689A61B8
:10866C000025236B9BB1009733460122062120463F
:10867C00FFF7D6FE054650B9A36A98F820201A7069
:10868C00A16A0131A162216B01392163E9E71DB1B6
:10869C00012384F83930C0E70097334601220221C8
:1086AC002046FFF7BDFE05460028F1D123680222C3
:1086BC00DA60EDE7E36B43F00803E363ADE7022513
:1086CC00AEE7704708B5806A00230363436290F8F5
:1086DC003930DBB2082B0DD103680222DA60026854
:1086EC00136843F4003313600268136843F0020309
:1086FC00136008BD012380F83930FFF7E2FFF8E77B
:10870C00704770477047704770477047704700005C
:10871C0010B5044603689A68196812F0040F3FD02C
:10872C0011F4802F3CD090F83920D2B2122A12D0FA
:10873C0090F83920D2B2222A1FD02046FFF7E4FF4E
:10874C0010BDE269127883F82020E2690132E261FF
:10875C00626A013A62622268916811F0040FECD0EF
:10876C00616A0029EDD1136823F480231360E4E7D8
:10877C00136823F480231360DFE72268916811F0FB
:10878C00040FDAD0216B0029F2D0A26A93F82010E2
:10879C001170A26A0132A262226B013A2263ECE7E9
:1087AC0012F0020F76D011F4003F73D00222DA607F
:1087BC002268136823F4E023136094F83930DBB299
:1087CC00122B1DD094F83930DBB2222B2ED094F81A
:1087DC003930DBB2022B52D094F83930DBB2082B93
:1087EC00AED12268536923F040635361012384F8AE
:1087FC003930E36B002B49D12046FFF781FF9FE70F
:10880C0023681A6812F0040F09D01A6822F00402C7
:10881C001A60636B1A68136823F001031360012359
:10882C0084F839302046FFF76EFF89E721680B6822
:10883C0013F0040F10D00B6823F004030B60636B70
:10884C001A68136823F001031360012384F839308C
:10885C002046FFF757FF73E723689B6813F4F85F14
:10886C00F3D0236B002BF0D0A36A91F820201A7060
:10887C00A36A0133A362236B013B2363ECE701235F
:10888C0084F839302046FFF73CFF59E72046FFF7C4
:10889C0018FF55E712F0080F14D011F4002F11D067
:1088AC000822DA6023681A6812F4800F06D01A685E
:1088BC0022F410221A60012384F839302046FFF785
:1088CC0024FF3DE712F0010F31D011F4803F2ED080
:1088DC000122DA602268136823F470231360E36BBF
:1088EC0043F00203E36323681A6812F0040F17D0F5
:1088FC001A6822F004021A60636B144A9A63606B64
:10890C00F9F7CEFD00283FF41BAFE36B43F00403F3
:10891C00E363012384F839302046FFF7D2FE0FE7DA
:10892C00012384F839302046FFF7CBFE08E712F01C
:10893C00100F3FF405AF11F4801F3FF401AF10226C
:10894C00DA602046FFF7E2FEFAE600BFD1860008A7
:10895C000164704770B582B00446F9F74FFF002CE4
:10896C0048D0064694F83930002B38D025682A6850
:10897C0022F47062A168013942EA01222A60236C58
:10898C0000933346002220212046FFF749FD08BB07
:10899C0021680B6823F07F4323F010036568E268BD
:1089AC0042EA056213430B6021684A68124B13407C
:1089BC002569626942EA0542A5692A4313434B6063
:1089CC002268136843F0010313600023E36301235F
:1089DC0084F83930002384F8383002B070BD84F844
:1089EC0038302046F8F7C6F941F288312046FFF7B7
:1089FC00AFFFBBE70120F0E7FEF8E0FF38B512F45B
:108A0C00804F43D00468B4F8503091F800C04FEA5E
:108A1C00CC0E1EFA83F32344B3F80244C4F30904C6
:108A2C008B69A34228D31B1B8B618B697BB90568AF
:108A3C0035F82C309BB223F4804323F0700383F47D
:108A4C00005343F4004343F0800325F82C3012F01C
:108A5C00400F0ED002680D7832F825309BB223F40B
:108A6C00E04323F0700343F4004343F0C00322F8C7
:108A7C00253024B9204638BD00238B61D5E7234629
:108A8C000A894969006801F0BFFEF3E70468B4F88D
:108A9C00503091F800C04FEACC0E1EFA83F32344F9
:108AAC00B3F80644C4F309048B69A3422FD31B1BF0
:108ABC008B618B697BB9056835F82C309BB223F43C
:108ACC00804323F0700383F4005343F4004343F0DA
:108ADC00800325F82C3012F0400F0FD1026891F86A
:108AEC0000C032F82C309BB223F4E04323F0700327
:108AFC0043F4004343F0C00322F82C30002CB9D0CF
:108B0C0023464A894969006801F07EFEB2E70023DA
:108B1C008B61CEE7002856D010B5044690F8913200
:108B2C003BB1032384F89132206800F07EFF0023D0
:108B3C0015E080F8903201F08DFEF2E703EB830232
:108B4C0004EBC2020121517413740021D17411621F
:108B5C005162013303EB8302D200A150DBB22079C6
:108B6C009842EBD8002316E003EB830204EBC2021D
:108B7C00002182F8511182F8503182F85311C2F859
:108B8C006011C2F8641103EB830204EBC202C2F859
:108B9C0068110133DBB29842E6D8234653F8040B34
:108BAC0093E8060000F04BFF00232373012384F8A5
:108BBC009132A37A012B01D0002010BD204600F089
:108BCC0014FF0020F9E70120704790F89032012B38
:108BDC000ED010B50446012380F89032006800F0E6
:108BEC001BFF206801F02DFB002084F8900210BDC3
:108BFC000220704770B505460C46164612F0400F21
:108C0C0000F020810268B2F8503009784FEAC10CAC
:108C1C001CFA83F31344B3F80224C2F30902A369C8
:108C2C0093422CD99B1AA361A06958B316F4804FB8
:108C3C000DD0286830F821309BB223F4E04323F0A8
:108C4C00700343F4404343F0800320F8213094F840
:108C5C002430012B00F08D802A68217832F82130E5
:108C6C009BB223F4E04323F0400383F0300343F43E
:108C7C00004343F0800322F82130002070BD002314
:108C8C00A361D1E76378002B48D12A68B2F8503041
:108C9C0012FA83F36344B3F80224C2F30902A3F873
:108CAC000224B3F802246FEA42426FEA524292B2B3
:108CBC00A3F802242A686378002B3BD1B2F8503019
:108CCC0012FA83F3227803EBC203B3F80624C2F33F
:108CDC000902A3F80624B3F806246FEA42426FEAAD
:108CEC00524292B2A3F80624E378022B2FD02178BB
:108CFC00284601F0FFFD16F4804FBED02A6821787B
:108D0C0032F821309BB223F4E04323F0700343F498
:108D1C00404343F0800322F82130AEE7012BC9D148
:108D2C002A68B2F8503012FA83F363440022A3F895
:108D3C000224BFE7012BD7D1B2F8503012FA83F3DB
:108D4C00227803EBC2030022A3F80624CCE72A689E
:108D5C00217832F821309BB223F4E04323F0400316
:108D6C0083F0200343F4004343F0800322F82130C6
:108D7C00BDE7636913446361E3691344E361216AEA
:108D8C00236999421DD3C91A21626278002A44D101
:108D9C002968B1F8502011FA82F2217802EBC10255
:108DAC00B2F80214C1F30901A2F80214ABB9B2F87B
:108DBC0002146FEA41416FEA514189B2A2F80214E0
:108DCC002DE021B9002384F824301346DDE700237D
:108DDC0084F8243023620B46D7E73E2B0DD8590874
:108DEC0013F0010F00D00131B2F8020480B28902F5
:108DFC0089B20143A2F8021411E0580913F01F0FB5
:108E0C0000D10138B2F8021489B2800280B2014359
:108E1C0041F40041A2F8021401E0012A06D09BB2F1
:108E2C0022896169286801F01BFA15E72968B1F8F5
:108E3C00502011FA82F2217802EBC10299B2A2F809
:108E4C000214ECE70268B2F850300978C80010FA46
:108E5C0083F31344B3F80624C2F30902A3699342C3
:108E6C0046D39B1AA361A369002B44D016F4804F00
:108E7C000DD1286830F821309BB223F4E04323F065
:108E8C00700343F4404343F0800320F8213094F8FE
:108E9C002430012B7FF4E0AE636913446361E36912
:108EAC001344E361216A23699942C0F09C80C91A7A
:108EBC00216229686278002A40F0C180B1F8502004
:108ECC0011FA82F2217802EBC102B2F80614C1F356
:108EDC000901A2F80614002B40F09180B2F8061498
:108EEC006FEA41416FEA514189B2A2F80614A8E039
:108EFC000023A361B7E76378002B49D12A68B2F845
:108F0C00503012FA83F30344B3F80224C2F309027B
:108F1C00A3F80224B3F802246FEA42426FEA5242E9
:108F2C0092B2A3F802242A686378002B3CD1B2F8E1
:108F3C00503012FA83F3227803EBC203B3F8062401
:108F4C00C2F30902A3F80624B3F806246FEA4242DE
:108F5C006FEA524292B2A3F80624E378022B30D087
:108F6C002178284601F0C6FC16F4804F7FF485AEBC
:108F7C002A68217832F821309BB223F4E04323F0A5
:108F8C00700343F4404343F0800322F8213074E62D
:108F9C00012BC8D12A68B2F8503012FA83F303447B
:108FAC000022A3F80224BEE7012BD6D1B2F8503030
:108FBC0012FA83F3227803EBC2030022A3F80624EF
:108FCC00CBE72A68217832F821309BB223F4E043B6
:108FDC0023F0400383F0200343F4004343F0800369
:108FEC0022F82130BCE721B9002384F82430134641
:108FFC005FE70023236284F824300B4659E73E2BAD
:10900C000DD8590813F0010F00D00131B2F8060445
:10901C0080B2890289B20143A2F8061411E0580902
:10902C0013F01F0F00D10138B2F8061489B2800278
:10903C0080B2014341F40041A2F8061401E0012A78
:10904C0006D09BB262896169286801F009F903E6D0
:10905C00B1F8502011FA82F2217802EBC10299B2D8
:10906C00A2F80614EDE72DE9F041054652E003881D
:10907C009BB223F4E14323F070036FEA43436FEA9E
:10908C0053439BB203802968B1F850302A7CD2003C
:10909C0012FA83F30B44B3F80234C3F30903EB6203
:1090AC006A6A1A446A620021284601F023FC2B7B71
:1090BC0083B3AB6A73BB2B7B2A6843F08003A2F8A3
:1090CC004C3000232B7325E003889BB223F48043A0
:1090DC0023F0700383F4805348F280010B43038028
:1090EC002A6813889BB223F4E04323F0400383F0F7
:1090FC0010030B4313802A68138823F070031B059D
:10910C001B0D43F0800313800020BDE8F08112F4A6
:10911C00004F36D12868B0F8443013F4004FF3D028
:10912C00B0F84440A3B214F00F0464D113F0100F44
:10913C009DD003889AB213F4006FE8D0B0F8503089
:10914C0095F85021D20012FA83F30344B3F8063495
:10915C00C3F30903C5F86C31082BB5D1B5F856210A
:10916C0005F5267101F050FB2A68138823F0700373
:10917C001B051B0D43F080031380284601F0A6FB52
:10918C00C8E7038823F070031B051B0D43F0800315
:10919C0003802868B0F8503095F85021D20012FAAC
:1091AC0083F30344B3F80634C3F30903C5F86C31F5
:1091BC006BB903889BB223F4804323F0700383F4D0
:1091CC00405343F4004343F080030380A2E7D5F8F7
:1091DC00641100299ED0B5F8562101F015FBD5F885
:1091EC006431D5F86C211344C5F86431002128464C
:1091FC0001F074FB8EE730F824309EB213F4004F6C
:10920C004DD116F0800F85D004EB8401C9001031CC
:10921C0029442A6832F824309BB223F4E14323F02A
:10922C0070036FEA43436FEA53439BB222F8243036
:10923C0004EB840305EBC303DB7C012B00F0F08013
:10924C0016F4807F40F087812868B0F8503004EB2A
:10925C00840205EBC202167CF20012FA83F303447B
:10926C00B3F80234C3F30903621C02EB820255F813
:10927C0032209A4240F25281671C07EB8707D21AC0
:10928C0045F83720621C02EB820255F83220002A86
:10929C0040F04B813146284601F02CFB3AE730F880
:1092AC00243023F070031B051B0D43F0800320F8C2
:1092BC00243004EB8401C90001F5A87105EB010809
:1092CC0004EB840305EBC30393F85C31DBBB286828
:1092DC00B0F8503004EB840205EBC20292F8502136
:1092EC00D20012FA83F30344B3F80674C7F30907E8
:1092FC00EFB904EB840305EBC303D3F86C213A44B8
:10930C00C3F86C21D3F868313BB104EB840305EB53
:10931C00C303D3F860319F4270D204EB840305EB96
:10932C00C30393F85011284601F0D8FA69E704EB0F
:10933C00840105EBC1013B46B1F85621D1F864110B
:10934C0001F062FAD5E704EB840305EBC30393F851
:10935C005331022B33D0296804EB840205EBC20293
:10936C0092F8500131F820309BB223F4E04323F003
:10937C00700343F4004343F0C00321F82030286805
:10938C0092F8503130F8232012F4804F1ED0B0F8F0
:10939C005020DB0013FA82F30344B3F80274C7F3D2
:1093AC000907002FA5D004EB840105EBC1013B4656
:1093BC00B1F85821D1F8641101F026FA99E7324638
:1093CC0041462846FFF71AFB074692E7B0F85020B3
:1093DC00DB0013FA82F30344B3F80674C7F30907EE
:1093EC00002F86D004EB840105EBC1013B46B1F89C
:1093FC005A21D1F8641101F007FA7AE704EB8403DF
:10940C0005EBC303D3F8642104EB840305EBC3031E
:10941C003A44C3F864214146286800F033FFF0E673
:10942C00631C03EB8303DB000022EA5004EB840390
:10943C0005EBC3031B7F1BB316F0400F3BD004EBB3
:10944C00840305EBC3035B7C1BBB2A68B2F850306A
:10945C0012FA83F304EB840205EBC202127C03EBD9
:10946C00C203B3F80224C2F30902A3F80224B3F82E
:10947C0002246FEA42426FEA524292B2A3F80224EB
:10948C0004EB840405EBC404217C284601F032FA79
:10949C0040E6012BF4D12A68B2F8503012FA83F36B
:1094AC0004EB840205EBC202127C03EBC203002224
:1094BC00A3F80224E4E72A6804EB840305EBC30356
:1094CC005B7CD3B9B2F8503012FA83F304EB84020C
:1094DC0005EBC202127C03EBC203B3F80624C2F301
:1094EC000902A3F80624B3F806246FEA42426FEA95
:1094FC00524292B2A3F80624C2E7012BC0D1B2F8B3
:10950C00503012FA83F304EB840205EBC202127C96
:10951C0003EBC2030022A3F80624B1E7621C02EBA2
:10952C008202D2000027AF50ACE604EB840205EBBC
:10953C00C202566A1E445662013404EB840205EBE7
:10954C00C202526804EB840405EBC4041344636048
:10955C0000F098FEDEE532462846FFF74BFBD9E5D6
:10956C0090F89032012B0CD010B50446012380F8F2
:10957C0090320173006800F05EFE002084F89002C7
:10958C0010BD0220704710B50446006800F064FE60
:10959C0010F4004F23D110F4806F24D110F4804FBD
:1095AC0032D110F4005F39D110F4805F40D110F447
:1095BC00006F67D110F0800F40F0818010F4007FB5
:1095CC0040F0AD8010F4807F27D02268B2F8443090
:1095DC009BB223F480739BB2A2F844301DE020466A
:1095EC00FFF741FD19E02268B2F844309BB223F436
:1095FC0080639BB2A2F84430204601F08CF9002124
:10960C002046FFF7ADFF08E02268B2F844309BB269
:10961C0023F480439BB2A2F8443010BD2268B2F808
:10962C0044309BB223F400539BB2A2F84430F4E7CD
:10963C002268B2F840309BB223F004039BB2A2F82C
:10964C0040302268B2F840309BB223F008039BB242
:10965C00A2F8403094F8C832012B0CD0204601F00F
:10966C007DF92268B2F844309BB223F480539BB24C
:10967C00A2F84430D1E7002184F8C812204600F04B
:10968C00CAF9EBE72268B2F840309BB243F008030A
:10969C00A2F840302268B2F844309BB223F4006345
:1096AC009BB2A2F844302268B2F840309BB243F02F
:1096BC000403A2F84030204601F040F9ADE72268DF
:1096CC00B2F844309BB223F080039BB2A2F8443032
:1096DC0094F8C832FBB92268B2F840309BB243F020
:1096EC000403A2F840302268B2F840309BB243F039
:1096FC000803A2F84030012184F8C8122368B3F89B
:10970C005430C3F38D0303F03C03C4F8CC32204631
:10971C0000F081F981E7204601F010F97DE722681D
:10972C00B2F844309BB223F400739BB2A2F84430DD
:10973C00204601F0EAF870E710B50446084611F02F
:10974C00800F27D101F0070C0CEB8C01C90001F53F
:10975C00A87E04EB0E010CEB8C0C04EBCC0C4FF044
:10976C00000E8CF851E100F007000870C2F30A02F9
:10977C000A61CB70022B1DD094F89032012B1CD0B7
:10978C00012384F89032206800F06AF9002084F8F4
:10979C00900210BD01F0070C0CEB8C01C9001031CC
:1097AC0021440CEB8C0C04EBCC0C4FF0010E8CF820
:1097BC0011E0D8E700230B71DEE70220E9E710B5D2
:1097CC0004460A4611F0800F1FD101F0070000EB90
:1097DC008003DB0003F5A873E11800EB800004EBB9
:1097EC00C000002380F8513102F007020A7094F88F
:1097FC009032012B17D0012384F89032206800F0AE
:10980C00BCFB002084F8900210BD01F0070000EBB7
:10981C008003DB001033E11800EB800004EBC00088
:10982C0001234374E0E70220EEE710B501F0070CCA
:10983C000CEB8C01C90001F5A8710CEB8C0E00EB44
:10984C00CE0ECEF86421CEF868310024CEF86C41EF
:10985C008EF851418EF850C10144006800F012FDA1
:10986C00204610BD01F0070101EB810100EBC100A6
:10987C00D0F86C01704738B501F0070C0CEB8C017B
:10988C00C90010310CEB8C0E00EBCE0ECEF8242060
:10989C000CF1010202EB820440F8343001258EF801
:1098AC003450CEF8303000EBC402002454608EF8F3
:1098BC0011508EF810C00144006800F0E3FC204603
:1098CC0038BD0B4601F00702017991422ED310B539
:1098DC00044613F0800F1DD103EB8301C90001F581
:1098EC00A871014403EB830300EBC303002083F84E
:1098FC00510101238B700A7094F89032012B17D010
:10990C00012384F89032206800F022FC002084F8B7
:10991C00900210BD02EB8201C9001031014402EB30
:10992C00820300EBC30301205874E2E70120704767
:10993C000220EEE70B46017903F00F02914234D37B
:10994C0010B5044613F0800F21D103F0070202EB8F
:10995C008201C90001F5A871014402EB820200EBFF
:10996C00C202002082F8510100228A7003F0070322
:10997C000B7094F89032012B19D0012384F890329B
:10998C00206800F00AFC002084F8900210BD03F05F
:10999C00070202EB8201C9001031014402EB820282
:1099AC0000EBC20201205074DEE701207047022058
:1099BC00ECE711F0800F0BD001F0070101EB8101F6
:1099CC00C9001031084452B90273C380002070479B
:1099DC0001EB8101C90001F5A8710844F3E70122EC
:1099EC00027303811B0C4381F0E7034602680121DB
:1099FC00C0F8D012002083F8C802B2F854309BB2E1
:109A0C000B43A2F85430B2F854309BB243F002032B
:109A1C00A2F854307047704703460020A3F8440066
:109A2C004BF68072A3F840207047B0F8403023F416
:109A3C007E535B045B0CA0F840300020704782B072
:109A4C00034602A800E906000122A3F840200020EA
:109A5C00A3F84000A3F84400A3F8500002B07047EC
:109A6C0010B5034691F800C030F82C2092B222F4C5
:109A7C00EC4222F0700292B2C878032861D8DFE879
:109A8C0000F0555C0258002048F2800E42EA0E02AB
:109A9C0023F82C2091F800C033F82C2092B222F439
:109AAC00E04222F070024CEA020242EA0E0223F873
:109ABC002C200A7B002A40F0DC804A78002A51D006
:109ACC00B3F8502013FA82F20C7802EBC402B1F80E
:109ADC0006C04FEA5C0C4FEA4C0CA2F800C40C78A0
:109AEC0033F8242012F0400F0CD033F8242092B21B
:109AFC0022F4E04222F0700242F4004242F0C00232
:109B0C0023F82420CA78012A1DD0097833F82120A3
:109B1C0092B222F4E04222F0400282F0200242F49F
:109B2C00004242F0800223F82120C3E142F400728B
:109B3C00AAE742F4C0620020A6E742F4806200204B
:109B4C00A2E70120A0E7097833F8212092B222F491
:109B5C00E04222F0400242F4004242F0800223F83C
:109B6C002120A7E1B3F8502013FA82F20C7802EB13
:109B7C00C402B1F806C04FEA5C0C4FEA4C0CA2F8D8
:109B8C0004C4B3F8502013FA82F20C7802EBC4022E
:109B9C00B2F806C4CCF3090CA2F806C40C6974BB69
:109BAC00B2F806C46FEA4C4C6FEA5C4C1FFA8CFCA2
:109BBC00A2F806C40C7833F8242012F4804F0CD091
:109BCC0033F8242092B222F4E04222F0700242F4E4
:109BDC00404242F0800223F824200978C9BB33F8B4
:109BEC00212092B222F4804222F0700282F4405280
:109BFC0042F4004242F0800223F821205AE13E2C2C
:109C0C0012D84FEA540C14F0010F01D00CF1010CD6
:109C1C00B2F80644A4B24FEA8C2C1FFA8CFC44EA2E
:109C2C000C04A2F80644C5E74FEA541C14F01F0FAD
:109C3C0001D10CF1FF3CB2F80644A4B24FEA8C2CD3
:109C4C001FFA8CFC44EA0C0444F40044A2F80644C9
:109C5C00B0E733F8212092B222F4804222F0700255
:109C6C0082F4005242F4004242F0800223F8212098
:109C7C0020E1CA78022A74D091F800C033F82C2065
:109C8C0092B222F4E24222F0700242F4004242F01C
:109C9C00800223F82C20B3F8502013FA82F291F8AA
:109CAC0000C002EBCC02B1F808C04FEA5C0C4FEAE2
:109CBC004C0CA2F800C4B3F8502013FA82F291F8BD
:109CCC0000C002EBCC02B1F80AC04FEA5C0C4FEAC0
:109CDC004C0CA2F804C44A78002A40F0F7800C78A7
:109CEC0033F8242012F4804F0CD033F8242092B295
:109CFC0022F4E04222F0700242F4404242F0800230
:109D0C0023F824200C7833F8242012F0400F0CD0C8
:109D1C0033F8242092B222F4E04222F0700242F492
:109D2C00004242F0C00223F824204A78002A51D184
:109D3C00B3F8502013FA82F20C7802EBC402B2F89A
:109D4C000244C4F30904A2F802440C69C4B9B2F881
:109D5C0002446FEA44446FEA5444A4B2A2F80244A9
:109D6C003AE00C7833F8242092B222F4E04222F04C
:109D7C00700242F4014242F0800223F824208AE768
:109D8C003E2C12D84FEA540C14F0010F01D00CF1F8
:109D9C00010CB2F80244A4B24FEA8C2C1FFA8CFCD2
:109DAC0044EA0C04A2F8024416E04FEA541C14F0E6
:109DBC001F0F01D10CF1FF3CB2F80244A4B24FEAE0
:109DCC008C2C1FFA8CFC44EA0C0444F40044A2F8DA
:109DDC00024401E0012A1BD04A78002A4DD1B3F885
:109DEC00502013FA82F20C7802EBC402B2F806444B
:109DFC00C4F30904A2F806440C69A4B9B2F80644E9
:109E0C006FEA44446FEA5444A4B2A2F8064436E024
:109E1C00B3F8502013FA82F20C7802EBC4020C8ACD
:109E2C00A2F80244D8E73E2C12D84FEA540C14F096
:109E3C00010F01D00CF1010CB2F80644A4B24FEAA8
:109E4C008C2C1FFA8CFC44EA0C04A2F8064416E095
:109E5C004FEA541C14F01F0F01D10CF1FF3CB2F867
:109E6C000644A4B24FEA8C2C1FFA8CFC44EA0C0476
:109E7C0044F40044A2F8064401E0012A1BD091F8F6
:109E8C0000C033F82C2092B222F4804222F07002EF
:109E9C0082F4405248F28004224323F82C200978A3
:109EAC0033F8212092B222F4E04222F04002224305
:109EBC0023F8212010BDB3F8502013FA82F20C784D
:109ECC0002EBC4020C8AA2F80644D8E70C7833F8EB
:109EDC00242012F4804F0CD033F8242092B222F4B8
:109EEC00E04222F0700242F4404242F0800223F839
:109EFC0024200C7833F8242012F0400F0CD033F8C7
:109F0C00242092B222F4E04222F0700242F4004289
:109F1C0042F0C00223F82420CA78012A1ED00C7803
:109F2C0033F8242092B222F4E04222F0400282F074
:109F3C00200242F4004242F0800223F824200978E7
:109F4C0033F8212092B222F4804222F0700242F4C3
:109F5C00004242F0800223F82120ABE70C7833F862
:109F6C00242092B222F4E04222F0400242F4004259
:109F7C0042F0800223F82420E1E70B7B002B46D132
:109F8C004B7813B30A7830F8223013F0400F0CD012
:109F9C0030F822309BB223F4E04323F0700343F4F7
:109FAC00004343F0C00320F822300A7830F8223006
:109FBC009BB223F4E04323F0400343F4004343F00B
:109FCC00800320F82230002070470A7830F82230C5
:109FDC0013F4804F0CD030F822309BB223F4E043C2
:109FEC0023F0700343F4404343F0800320F8223005
:109FFC000A7830F822309BB223F4804323F07003AC
:10A00C0043F4004343F0800320F82230DBE74B7825
:10A01C00002B4ED10A7830F8223013F4804F0CD03C
:10A02C0030F822309BB223F4E04323F0700343F466
:10A03C00404343F0800320F822300A7830F8223075
:10A04C0013F0400F0CD030F822309BB223F4E043D5
:10A05C0023F0700343F4004343F0C00320F8223094
:10A06C000A7830F822309BB223F4E04323F07003DB
:10A07C0043F4004343F0C00320F822300A7830F850
:10A08C0022309BB223F4804323F0700348F2800CFF
:10A09C0043EA0C0320F822300A7830F822309BB2C5
:10A0AC0023F4E04323F0400343EA0C0320F822306E
:10A0BC0089E70A7830F8223013F4804F0CD030F84E
:10A0CC0022309BB223F4E04323F0700343F440436B
:10A0DC0043F0800320F822300A7830F8223013F055
:10A0EC00400F0CD030F822309BB223F4E04323F025
:10A0FC00700343F4004343F0C00320F822300A7885
:10A10C0030F822309BB223F4E04323F0700343F485
:10A11C00404343F0800320F822300A7830F8223094
:10A12C009BB223F4E04323F0400348F2800C43EA53
:10A13C000C0320F822300A7830F822309BB223F43A
:10A14C00804323F0700343EA0C0320F822303AE7F3
:10A15C004B788BB10A7830F822309BB223F4E04371
:10A16C0023F0400383F0100343F4004343F08003D7
:10A17C0020F82230002070470A7830F822309BB249
:10A18C0023F4804323F0700383F4805343F400439F
:10A19C0043F0800320F82230ECE74B7833B30A7895
:10A1AC0030F8223013F0400F0CD030F822309BB234
:10A1BC0023F4E04323F0700343F4004343F0C00363
:10A1CC0020F82230CB78012B33D00A7830F82230AB
:10A1DC009BB223F4E04323F0400383F0200343F4C9
:10A1EC00004343F0800320F8223022E00A7830F854
:10A1FC00223013F4804F0CD030F822309BB223F471
:10A20C00E04323F0700343F4404343F0800320F811
:10A21C0022300A7830F822309BB223F4804323F0AA
:10A22C00700383F4405343F4004343F0800320F85D
:10A23C0022300020704711B98023A0F84C30002048
:10A24C007047B0F858306FEA43436FEA53439BB200
:10A25C00A0F8583000207047B0F8440080B2704726
:10A26C0001335B08024402F5806208E0087891F83B
:10A27C0001C040EA0C2022F8020B0231013B002BFA
:10A28C00F4D1704770B505460C464B78012B1AD0AB
:10A29C000B7B002B40F092828B69002B40F0658287
:10A2AC00CB78002B40F061820A7830F822309BB2D8
:10A2BC0023F4E04323F0700343F4014343F08003A1
:10A2CC0020F822305FE28E690A69964200D9164660
:10A2DC00217B41B3E178022947D0226A921B22628A
:10A2EC00227835F8221011F0400F00F0F681002B87
:10A2FC0040F0E381B5F8503015FA83F303EBC2025A
:10A30C00B2F80634C3F30903A2F80634002E40F069
:10A31C00B481B2F806346FEA43436FEA53439BB2FD
:10A32C00A2F80634D2E1B6B23346E2886169284617
:10A33C00FFF796FFB5F8503015FA83F3227803EB4C
:10A34C00C203A3F80264227835F822309BB223F4BE
:10A35C00E04323F0400383F0300343F4004343F025
:10A36C00800325F82230002024E2236A9A4280F0F0
:10A37C006681227835F822309BB223F4E04323F037
:10A38C00700343F4014343F0800325F82230236A21
:10A39C009B1B2362237835F8232012F0400F00F02A
:10A3AC00A7806278B2BBB5F8502015FA82F202EBA6
:10A3BC00C303B3F80624C2F30902A3F806244EB96A
:10A3CC00B3F806246FEA42426FEA524292B2A3F803
:10A3DC00062421E03E2E0DD8720816F0010F00D095
:10A3EC000132B3F8061489B2920292B20A43A3F86E
:10A3FC00062411E0710916F01F0F00D10139B3F8D2
:10A40C00062492B2890289B20A4342F40042A3F8AC
:10A41C00062401E0012A29D0B3B262896169284679
:10A42C00FFF71EFF636933446361236A2269934219
:10A43C0026D99B1B23626378002B45D1B5F850308D
:10A44C0015FA83F3227803EBC203B3F80224C2F3A8
:10A45C000902A3F80224BEB9B3F802246FEA4242FF
:10A46C006FEA524292B2A3F802242FE0B5F85020C2
:10A47C0015FA82F202EBC303B2B2A3F80624CBE7BF
:10A48C00002222621E46D6E73E2E0DD8720816F028
:10A49C00010F00D00132B3F8021489B2920292B2C9
:10A4AC000A43A3F8022411E0710916F01F0F00D122
:10A4BC000139B3F8022492B2890289B20A4342F4F8
:10A4CC000042A3F8022401E0012B06D0B3B222898A
:10A4DC0061692846FFF7C4FE35E7B5F8503015FA28
:10A4EC0083F3227803EBC203B2B2A3F80224EDE7A4
:10A4FC006278B2BBB5F8502015FA82F202EBC303B6
:10A50C00B3F80224C2F30902A3F802244EB9B3F83B
:10A51C0002246FEA42426FEA524292B2A3F802243A
:10A52C0021E03E2E0DD8720816F0010F00D001323A
:10A53C00B3F8021489B2920292B20A43A3F802242D
:10A54C0011E0710916F01F0F00D10139B3F8022484
:10A55C0092B2890289B20A4342F40042A3F802245F
:10A56C0001E0012A29D0B3B2228961692846FFF79C
:10A57C0077FE636933446361236A2269934226D967
:10A58C009B1B23626378002B45D1B5F8503015FA2C
:10A59C0083F3227803EBC203B3F80624C2F3090257
:10A5AC00A3F80624BEB9B3F806246FEA42426FEA58
:10A5BC00524292B2A3F806242FE0B5F8502015FAB7
:10A5CC0082F202EBC303B2B2A3F80224CBE700225F
:10A5DC0022621E46D6E73E2E0DD8720816F0010FE9
:10A5EC0000D00132B3F8061489B2920292B20A4337
:10A5FC00A3F8062411E0710916F01F0F00D10139E0
:10A60C00B3F8062492B2890289B20A4342F400429A
:10A61C00A3F8062401E0012B06D0B3B2628961696C
:10A62C002846FFF71DFE8EE6B5F8503015FA83F379
:10A63C00227803EBC203B2B2A3F80624EDE721782B
:10A64C0035F8212092B222F4E24222F0700242F458
:10A65C00004242F0800225F82120B5F8502015FA6E
:10A66C0082F2217802EBC1029BB2A2F80234228959
:10A67C0061692846FFF7F4FD65E63E2E0DD8730898
:10A68C0016F0010F00D00133B2F8061489B29B0208
:10A69C009BB20B43A2F8063418E0710916F01F0F99
:10A6AC0000D10139B2F806349BB2890289B20B434E
:10A6BC0043F40043A2F8063408E0B5F8503015FA1C
:10A6CC0083F303EBC203B2B2A3F80624B3B26289DC
:10A6DC0061692846FFF7C4FD35E6B3BBB5F85030C9
:10A6EC0015FA83F303EBC202B2F80234C3F3090385
:10A6FC00A2F802344EB9B2F802346FEA43436FEA5F
:10A70C0053439BB2A2F8023428E03E2E0DD87308B6
:10A71C0016F0010F00D00133B2F8021489B29B027B
:10A72C009BB20B43A2F8023418E0710916F01F0F0C
:10A73C0000D10139B2F802349BB2890289B20B43C1
:10A74C0043F40043A2F8023408E0B5F8503015FA8F
:10A75C0083F303EBC203B2B2A3F80224B3B222898F
:10A76C0061692846FFF77CFDEDE5227835F822304B
:10A77C009BB223F4E24323F0700343F4004343F011
:10A78C00800325F82230A3692269934213D99B1ABE
:10A79C00A361227835F822309BB223F4804323F056
:10A7AC00700383F4405343F4004343F0800325F8D3
:10A7BC002230002070BD0023A361EAE7CB78022B86
:10A7CC0004D0012B1ED100238B61E2E7CB69002B57
:10A7DC00DFD00A7830F8221044F2400303EA01007B
:10A7EC008B4301D00028D4D135F822309BB223F40E
:10A7FC00E04323F0700343F4004343F0C00325F817
:10A80C002230C6E70120D5E710B45C08024402F5FB
:10A81C00806207E032F8020B0870C0F30720487022
:10A82C000231013C002CF5D113F0010F01D013883B
:10A83C000B705DF8044B7047032805D8DFE800F077
:10A84C0005040205012070470320704708B5F5F791
:10A85C00C9FF08BD10B588B000230393049305937A
:10A86C00069307930268184B9A4201D008B010BDAA
:10A87C004FF0B044E36C43F00103E364E36C03F08A
:10A88C0001030293029B4FF4C053039302230493DE
:10A89C00032306930A23079303A94FF09040F7F77D
:10A8AC0097FBA36D43F08063A365A36D03F08063F6
:10A8BC000193019B002205211420F7F70DFF1420B2
:10A8CC00F7F71AFFD2E700BF0068004008B500F5A3
:10A8DC002671D0F8D80200F08AFA08BD08B501EB51
:10A8EC00810300EBC303D3F86421D0F8D80200F045
:10A8FC0011FB08BD08B501EB810300EBC3035A6AD9
:10A90C00D0F8D80200F06BFB08BD08B5D0F8D8021F
:10A91C0000F0EBFA08BD10B504464379022B09D1BF
:10A92C000121D4F8D80200F0C1FAD4F8D80200F012
:10A93C008AFA10BDF5F740FEF2E7000010B50446A8
:10A94C00D0F8D80200F0B5FA637A23B1024A136941
:10A95C0043F00603136110BD00ED00E010B5044692
:10A96C00437A23B9D4F8D80200F0B2FA10BD044AE5
:10A97C00136923F006031361FFF768FFF2E700BFCA
:10A98C0000ED00E038B50546204CC4F8D802C0F8FC
:10A99C00C842F7F733FE1E4B2360082323710223B2
:10A9AC006371E3710123237200236372A372E37258
:10A9BC002046FEF7AFF830BB182300221146D5F81D
:10A9CC00C802FEF7F6FF582300228021D5F8C802F2
:10A9DC00FEF7EFFFC02300228121D5F8C802FEF755
:10A9EC00E8FF4FF4887300220121D5F8C802FEF766
:10A9FC00E0FF4FF4807300228221D5F8C802FEF7E5
:10AA0C00D8FF002038BDF5F7D7FDD5E7142C002072
:10AA1C000068004008B5D0F8C802FEF7D6F8FFF77A
:10AA2C000BFF08BD08B594461A466346D0F8C80219
:10AA3C00FEF782FEFFF700FF08BD08B5D0F8C8028C
:10AA4C00FEF7BDFEFFF7F8FE08BD08B5D0F8C8024A
:10AA5C00FEF737FFFFF7F0FE08BD08B5D0F8C802C7
:10AA6C00FEF768FFFFF7E8FE08BDD0F8C83211F01A
:10AA7C00800F08D101F07F0101EB810103EBC103D1
:10AA8C0093F85201704701F07F0101EB810103EB58
:10AA9C00C103987C704708B5D0F8C802FEF760FD7A
:10AAAC00FFF7CAFE08BD08B5D0F8C802FEF7E3FEF2
:10AABC00FFF7C2FE08BD08B5D0F8C802FEF7B5FE18
:10AACC00FFF7BAFE08BD08B5D0F8C802FEF7CAFEFB
:10AADC0008BD000000487047F429002070470000B2
:10AAEC0008B500220F49104800F034F970B90F492D
:10AAFC000D4800F046F960B90D490B4801F000F91A
:10AB0C0050B9094800F05DF948B908BDF5F754FD96
:10AB1C00EDE7F5F751FDEFE7F5F74EFDF1E7F5F74A
:10AB2C004BFDF2E760000020F02E0020DC0000203E
:10AB3C007C00002012230B80004870474C00002042
:10AB4C0004230B80004870474800002000239342E8
:10AB5C001ED200B510E00CF1370C01F813C0000147
:10AB6C004FEA430C0CF1010C4FF0000E01F80CE015
:10AB7C000133DBB2934209D24FEA107CB0F1204F83
:10AB8C00E9D20CF1300C01F813C0E8E75DF804FBD6
:10AB9C007047000038B50B4BD3F89005D3F89445AB
:10ABAC00D3F89835C01800D138BD074D0822294676
:10ABBC00FFF7CCFF042205F110012046FFF7C6FF7A
:10ABCC00F2E700BF0070FF1F2E00002008B51A230B
:10ABDC000B80FFF7DFFF014808BD00BF2C000020F1
:10ABEC0008B50A4628B90549054800F0FFFD034899
:10ABFC0008BD0249024800F0F9FDF8E7CC3100200D
:10AC0C00FCF7000810B50A46034C2146034800F037
:10AC1C00EDFD204610BD00BFCC31002014F800081B
:10AC2C0008B50A4628B90549054800F0DFFD034878
:10AC3C0008BD0249024800F0D9FDF8E7CC310020EC
:10AC4C0028F8000808B50A4628B90549054800F057
:10AC5C00CDFD034808BD0249024800F0C7FDF8E7E6
:10AC6C00CC31002034F8000800207047212817D080
:10AC7C00222825D0202811D10B784A7843EA0223C8
:10AC8C008A7843EA0243CA7843EA0263124A1360A1
:10AC9C000B7913714B7953718B7993710020704739
:10ACAC000D4B1A780A705A784A709A788A70DA784A
:10ACBC00CA701A790A715A794A719B798B71EDE7CE
:10ACCC008B7813F0010F03D0044B01221A70E5E7C7
:10ACDC00024B00221A70E1E790000020CC330020D8
:10ACEC000020704710B50146044C204601F021F8B5
:10ACFC00204601F045F8002010BD00BFF02E0020CA
:10AD0C0010B5064C00220649204601F004F805490E
:10AD1C00204601F00EF8002010BD00BFF02E0020E0
:10AD2C00D0330020D03B0020094BD3F8BC32D3F8F1
:10AD3C0014320BB10120704710B5054C0A46014680
:10AD4C00204600F0E8FF204600F0FFFF10BD00BFDA
:10AD5C00F02E002098B108B503460020C3F8B802C5
:10AD6C00C3F8C402C3F8D00209B1C3F8B41201216C
:10AD7C0083F89C121A701846FFF704FE08BD0320D6
:10AD8C00704710B582B00023ADF80630B9B1044657
:10AD9C00C0F8B812D0F8D422CB6A43B1AE3250F816
:10ADAC002230DB6A0DF106009847C4F8D002D4F8C3
:10ADBC00D8320133C4F8D832002002B010BD0320C1
:10ADCC00FBE708B5FFF726FE08BD08B5D0F8B8328A
:10ADDC0013B11B68984708BD0020FCE708B5D0F8F4
:10ADEC00B8325B68984700B908BD0320FCE738B55A
:10ADFC00044600F2AA25284600F08DF90123C4F878
:10AE0C009432B4F8B032C4F8983294F8AA1201F023
:10AE1C001F03012B07D0022B0AD073B929462046F9
:10AE2C0000F04EFB38BD2946204600F084FBF9E7C4
:10AE3C002946204600F0C1FBF4E701F080012046D2
:10AE4C00FFF703FEEEE7F8B50446012380F89C32C9
:10AE5C000023C0F894324360C0F8A43280F8A032CA
:10AE6C00D0F8B832E3B15B68E3B1002198470746EC
:10AE7C00D0B94023002211462046FFF7D3FD01260E
:10AE8C0084F863614025A4F860512B460022802190
:10AE9C002046FFF7C7FD84F8236025843846F8BDAB
:10AEAC000027E6E70027E4E70327E2E70174002028
:10AEBC00704790F89C32DBB2042B04D090F89C3293
:10AECC00DBB280F89D32042380F89C32002070475E
:10AEDC0090F89C32DBB2042B01D00020704790F824
:10AEEC009D32DBB280F89C32F7E708B590F89C32C3
:10AEFC00DBB2032B01D0002008BDD0F8B832002BF8
:10AF0C00F9D0DB69002BF6D09847F4E700207047A6
:10AF1C000020704738B504460D46002945D1D0F8BD
:10AF2C009432032B01D0084638BDD0F85831B0F814
:10AF3C006021934209D890F8AA3203F01F03012B29
:10AF4C0012D0022B1FD0084613E09B1AC0F85831C0
:10AF5C00D0F864111144C0F864119A4238BF1A46F3
:10AF6C0000F08EFC2846DFE790F8AE12FFF7CEFF1C
:10AF7C0020B994F89C32DBB2032B09D0204600F0A8
:10AF8C0087FC2846D0E790F8AE12FFF7C1FFEFE739
:10AF9C0000F1AE0354F823301A69002AEED0C4F83D
:10AFAC00D4021B6920469847E8E701F07F01FFF7C0
:10AFBC00AFFF90B994F89C32DBB2032BB4D100F103
:10AFCC00AE0354F823309A69002AADD0C4F8D402E9
:10AFDC009B69294620469847A6E70020A4E738B588
:10AFEC0004460D4600294CD1D0F89432022B07D0E0
:10AFFC0094F8A00218B1002384F8A032284638BD7A
:10B00C008269038C9A420ED89A421AD094F89C32D8
:10B01C00DBB2032B29D080212046FFF716FD2046FA
:10B02C0000F041FCE4E7D21A8261416A19444162A2
:10B03C0000F00DFC00231A4619462046FFF73BFD95
:10B04C00D6E742699342E1D8D0F898329A42DDD2E1
:10B05C000022114600F0FBFB0021C4F898120B46AD
:10B06C000A462046FFF727FDC2E7D4F8B832DA6863
:10B07C00002AD0D00022C4F8D422DB68204698479E
:10B08C00C9E741F08001FFF743FF90B994F89C3277
:10B09C00DBB2032BB3D100F1AE0354F823305A6961
:10B0AC00002AACD0C4F8D4025B69294620469847E4
:10B0BC00A5E70020A3E70B88027813440B800378E4
:10B0CC0018447047428803789A4218D930B583B037
:10B0DC0004460D46ADF806306388BDF806209A424A
:10B0EC000AD20DF10601FFF7E6FF4378052BF3D1E9
:10B0FC008378AB42F0D100E0002003B030BD0020DB
:10B10C0070470346002002E00130C0B201331A78C8
:10B11C00002AF9D170470B7803704B7843708B7809
:10B12C00CA7843EA022343800B794A7943EA022323
:10B13C0083808B79CA7943EA0223C380704710B5A8
:10B14C0004468021FFF781FC00212046FFF77DFC9F
:10B15C0010BD30B583B004460D460023ADF8063063
:10B16C004A88130A013B062B00F2AB80DFE803F0A0
:10B17C00041F33A9A98D9A00D0F8B4321B680DF1C5
:10B18C000601007C9847EA88002A00F0A380BDF8ED
:10B19C000630002B00F099809A4228BF1A46ADF871
:10B1AC0006200146204600F044FB03B030BD037C72
:10B1BC0043B9D0F8B8329B6A0DF1060098470223C8
:10B1CC004370E0E7D0F8B832DB6A0DF1060098471F
:10B1DC0002234370D7E7D2B2052A52D8DFE802F037
:10B1EC0003101D2A3744D0F8B4325B6823B10DF13B
:10B1FC000601007C9847C6E72946FFF7A0FFD4E775
:10B20C00D0F8B4329B6823B10DF10601007C98474D
:10B21C00B9E72946FFF793FFC7E7D0F8B432DB68EC
:10B22C0023B10DF10601007C9847ACE72946FFF7E6
:10B23C0086FFBAE7D0F8B4321B6923B10DF10601D1
:10B24C00007C98479FE72946FFF779FFADE7D0F8D8
:10B25C00B4325B6923B10DF10601007C984792E78B
:10B26C002946FFF76CFFA0E7D0F8B4329B6923B1F5
:10B27C000DF10601007C984785E72946FFF75FFF33
:10B28C0093E72946FFF75BFF8FE7037C33B9D0F8D0
:10B29C00B8325B6B0DF10600984774E72946FFF74F
:10B2AC004EFF82E7037C43B9D0F8B8321B6B0DF12B
:10B2BC00060098470723437065E72946FFF73FFFD1
:10B2CC0073E72946FFF73BFF6FE729462046FFF758
:10B2DC0036FF6AE7204600F0DBFA66E738B504462D
:10B2EC008B88FBB9CB88EBB94B887F2B1AD803F032
:10B2FC007F0590F89C32DBB2032B0CD080F89E5269
:10B30C002946FFF7C8FB204600F0C2FA35B10223EC
:10B31C0084F89C3209E0FFF712FF06E0012384F861
:10B32C009C3202E02046FFF70AFF38BD70B5044698
:10B33C000E468D782F4B1D70012D10D890F89C3235
:10B34C00DBB2022B0FD0032B26D0FFF7F8FE294BD4
:10B35C0019782046FFF742FD0325284670BDFFF7FC
:10B36C00EEFE0325F9E7A5B145602946FFF72DFD53
:10B37C00054638B131462046FFF7E1FE022384F83A
:10B38C009C32EAE7204600F083FA032384F89C32CF
:10B39C00E3E700F07DFAE0E7CDB141688D4225D0BE
:10B3AC00C9B2FFF71BFD134B197861602046FFF7FC
:10B3BC000CFD0546B0B131462046FFF7C0FE2179A1
:10B3CC002046FFF70BFD022384F89C32C5E70223CD
:10B3DC0080F89C3245602946FFF700FD204600F0BE
:10B3EC0057FABAE7204600F053FAB6E700F050FAE5
:10B3FC000025B2E7D043002008B5CB88012B0BD138
:10B40C0090F89C32DBB2022B09D9032B11D101220B
:10B41C00011D00F00EFA01E0FFF791FE08BD5BB2D2
:10B42C003BB10146002341F8083F012200F001FA2C
:10B43C00F4E7FFF784FEF1E708B590F89C32013B86
:10B44C00022B12D8CB88022B0CD10123C360D0F86D
:10B45C00A4320BB10323C360022200F10C0100F0F3
:10B46C00E8F908BDFFF76BFEFBE7FFF768FEF8E7AE
:10B47C0008B54B88012B04D0022B07D0FFF75FFED9
:10B48C0008BDC0F8A43200F003FAF9E78B881B0A58
:10B49C0080F8A03200F0FCF9F2E708B590F89C3285
:10B4AC00013B022B09D84B88012B00D008BD00238F
:10B4BC00C0F8A43200F0ECF9F8E7FFF740FEF5E72E
:10B4CC0038B50C7804F06004202C06D0402C04D045
:10B4DC006CB1FFF734FE002407E0D0F8D432AE3361
:10B4EC0050F823309B6898470446204638BD4D7869
:10B4FC00092D1DD8DFE805F012191C161C08051CB7
:10B50C000F0BFFF726FEF0E7FFF7E8FEEDE7FFF77E
:10B51C000DFF0446E9E7FFF76FFFE6E7FFF78CFF47
:10B52C002C46E2E7FFF7A4FFDFE7FFF7B6FFDCE707
:10B53C00FFF705FED9E770B505460C460B7803F00E
:10B54C006003202B07D0402B05D023B1FFF7F7FD6C
:10B55C000026304670BD95F89C32013B022B26D854
:10B56C002179012905D921462846FFF7E8FD002657
:10B57C00EFE72846FFF7CAFC68B900F1AE0255F8B0
:10B58C002220916889B1C5F8D402936821462846D7
:10B59C009847064600E00326E388002BD9D1002EFD
:10B5AC00D7D1284600F074F9D3E70326F4E72146F7
:10B5BC002846FFF7C4FD0026CBE72DE9F0410646EF
:10B5CC000D468B88DFB20C7804F06004202C08D078
:10B5DC00402C06D0DCB1FFF7B2FD00242046BDE8BC
:10B5EC00F08139463046FFF793FC0446002840F0C2
:10B5FC00F980C6F8D40200F1AE0356F823309B68EC
:10B60C00002BEBD02946304698470446E6E791F8E4
:10B61C000180B8F1010F31D0B8F1030F05D0B8F1AA
:10B62C00000F67D0FFF78BFDD8E790F89C32DBB2A8
:10B63C00022B04D0032B12D0FFF781FDCEE70FB104
:10B64C00802F04D129463046FFF779FDC6E73946ED
:10B65C00FFF7FBF980213046FFF7F7F9BEE74B887F
:10B66C0023B91FB1802F01D0CB881BB1304600F01D
:10B67C000FF9B3E73946FFF7E8F9F7E790F89C3292
:10B68C00DBB2022B04D0032B12D0FFF758FDA5E739
:10B69C000FB1802F04D129463046FFF750FD9DE7AE
:10B6AC003946FFF7D2F980213046FFF7CEF995E7FE
:10B6BC004B88002B92D117F07F0F17D1304600F03A
:10B6CC00E7F839463046FFF723FC002886D1C6F848
:10B6DC00D40200F1AE0256F822209268002A00F043
:10B6EC008380294630469047044677E73946FFF772
:10B6FC00B4F9E3E790F89C22D2B2022A05D0032ACF
:10B70C0028D0FFF71CFD444668E70FB1802F14D1F9
:10B71C0013F0800F15D107F07F0707EB8707B900EF
:10B72C0001F5A87131440431002301F80E3F0222C7
:10B73C00304600F07EF8444650E7FFF700FD4446E3
:10B74C004CE707F07F0707EB8707B900103131444E
:10B75C000431E9E75BB2002B20DB07F00F0202EBB0
:10B76C00820200EB820292F8634124B3002B25DBAA
:10B77C0007F07F0303EB83039C0004F5A8743444A7
:10B78C0004340FB1802F22D10023A373022204F1C1
:10B79C000E01304600F04DF844461FE707F00F024B
:10B7AC0002EB820200EB820292F82340002CDDD1E6
:10B7BC00FFF7C5FC12E7FFF7C2FC0FE707F07F03AA
:10B7CC0003EB83039C00103434440434D9E739462A
:10B7DC003046FFF74AF910B10123A373D6E70023D3
:10B7EC00A373D3E70024F9E60446F7E600B370B57B
:10B7FC000D4616460446FFF784FC01304300B3F5B2
:10B80C00007F06D89BB233802B7003236B7002230E
:10B81C000AE04FF40073F6E7EA5401345A1CD2B232
:10B82C000021A9540233DBB22278002AF4D170BD76
:10B83C00704708B513460222C0F894224361416256
:10B84C0083610A460021FFF72EF9002008BD08B5D8
:10B85C0013460A460021FFF726F9002008BD08B55B
:10B86C0013460322C0F89422C0F85431C0F8641176
:10B87C00C0F858310A460021FFF71DF9002008BD19
:10B88C0008B513460A460021FFF715F9002008BD3C
:10B89C0008B50422C0F8942200231A461946FFF773
:10B8AC0002F9002008BD08B50522C0F89422002337
:10B8BC001A461946FFF7FFF8002008BD10B5D0F85E
:10B8CC00D43203F1B00250F822408CB100EB82006C
:10B8DC0043687BB194F80002FF280DD09B6894F864
:10B8EC00012221469847FF2384F80032002010BD26
:10B8FC000320FCE70020FAE70020F8E70A23038086
:10B90C000048704714010020F8B506460F4F8221FD
:10B91C003846FFF7D7FB054601213846FFF7D2FB27
:10B92C00044681213846FFF7CDFB0DB11022AA71D8
:10B93C001CB1402222710022627118B140220271A6
:10B94C0000224271432333800048F8BD9800002048
:10B95C00F8B506460F4F82213846FFF7B3FB054674
:10B96C0001213846FFF7AEFB044681213846FFF72C
:10B97C00A9FB0DB11022AA711CB140222271002228
:10B98C00627118B14022027100224271432333804C
:10B99C000048F8BD98000020F8B506460F4F8221EC
:10B9AC003846FFF78FFB054601213846FFF78AFB27
:10B9BC00044681213846FFF785FB0DB11022AA7190
:10B9CC001CB1002222710222627118B10022027194
:10B9DC0002224271432333800048F8BD98000020B6
:10B9EC0038B5D0F8D432B03350F8235095B1044662
:10B9FC00FFF769F8C5F80C02D4F8D432B03304EB75
:10BA0C0083046368DB6805F50371D5F80402984775
:10BA1C00002038BD0320FCE738B5D0F8C852D0F868
:10BA2C00D432B03350F8234084B301F00F0303EB4E
:10BA3C00830200EB820252694AB103EB830C05EBE3
:10BA4C00CC052D6AB2FBF5FC05FB1C2292B1002340
:10BA5C00C4F81432D0F8D432B03300EB830043680E
:10BA6C001B69ABB10A4604F50471D4F80802984777
:10BA7C00002038BD03EB830300EB830300245C61DF
:10BA8C0023462246FFF70FF82046F2E70320F0E7A3
:10BA9C000020EEE7F0B583B0D0F8D43203F1B00259
:10BAAC0050F8227000228DF80720ADF80420002FEA
:10BABC007BD004460D46097811F0600634D0202E58
:10BACC006CD1EA882AB311F0800F07D16B7887F814
:10BADC000032EA883F2A13D8D2B212E0B03300EB1E
:10BAEC0083035B689B68394668789847EA88072A1D
:10BAFC0028BF072239462046FFF79BFE002651E05F
:10BB0C00402287F8012239462046FFF7A8FE00267E
:10BB1C0048E0B03300EB83035B689B680022294646
:10BB2C006878984700263DE06F780B2F31D8DFE816
:10BB3C0007F006393030303030303030162690F87F
:10BB4C009C32DBB2032B04D02946FFF7F8FA03260C
:10BB5C0028E0022201A9FFF76CFE3E4622E090F895
:10BB6C009C32DBB2032B04D02946FFF7E8FA0326FC
:10BB7C0018E001220DF10701FFF75BFE12E090F8CF
:10BB8C009C32DBB2032B0DD02946FFF7D8FA0326E3
:10BB9C0008E02946FFF7D3FA032603E02946FFF70E
:10BBAC00CEFA0326304603B0F0BD0326FAE738B5CB
:10BBBC0004468121FEF741FF002584F8375001210E
:10BBCC002046FEF73AFF84F8775182212046FEF793
:10BBDC0034FF84F84B506564D4F8D43203F1B002CE
:10BBEC0054F822209AB1B03304EB83035B685B6892
:10BBFC009847D4F8D432B03354F82300FEF76EFFD4
:10BC0C00D4F8D432B03344F82350C4F8BC520020DA
:10BC1C0038BD70B504464FF40770FEF75BFF002883
:10BC2C0049D005464FF40772002100F04CFCD4F8C3
:10BC3C00D432B03344F82350C4F8BC52237C002BCC
:10BC4C0041D14FF40073022281212046FEF7EAFE17
:10BC5C00012684F837604FF40073022231462046E7
:10BC6C00FEF7E0FE84F87761102363640823032257
:10BC7C0082212046FEF7D6FE012384F84B300026A5
:10BC8C00C5F80462D4F8D432B03304EB83035B6898
:10BC9C001B689847C5F81462C5F81862D5F80422D9
:10BCAC0062B3257C1DBB4FF4007301212046FEF7C7
:10BCBC0002FF284670BDD4F8D432B033002244F8C9
:10BCCC0023200225F5E74023022281212046FEF79E
:10BCDC00A9FE012684F83760402302223146204613
:10BCEC00FEF7A0FE84F8776110236364BEE740235F
:10BCFC0001212046FEF7DFFE0025DAE70225D8E712
:10BD0C0039B1D0F8D432B03300EB8300416000205D
:10BD1C00704703207047D0F8D432B03350F823303A
:10BD2C002BB1C3F80812C3F810220020704703206F
:10BD3C007047D0F8D432B03350F823301BB1C3F86D
:10BD4C000412002070470320704708B5D0F8D43295
:10BD5C00B03350F823208AB1D2F814320BB1012041
:10BD6C0008BD0123C2F81432D2F810328362D2F823
:10BD7C0008228121FEF797FE0020F1E70320EFE770
:10BD8C0010B5D0F8D432B03350F8232092B1047CE3
:10BD9C0044B94FF40073D2F804220121FEF78BFE54
:10BDAC00204610BD4023D2F804220121FEF783FE69
:10BDBC000024F5E70324F3E710B430300B0A9B00A2
:10BDCC0003F00C03C45801F01F014FF01F0C0CFAC8
:10BDDC0001FC24EA0C0CC2F384628A404CEA020295
:10BDEC00C2505DF8044B704710B414304B0E9B00DE
:10BDFC0003F00403C458C1F304514FF0070C0CFAC0
:10BE0C0001FC24EA0C0C8A404CEA0202C2505DF898
:10BE1C00044B704730B583B000230193002800F029
:10BE2C00D8800446436D13B323689A6812F0005F00
:10BE3C0005D09A6822F0204222F03F029A602268D4
:10BE4C00936813F0805F1FD1936823F0104323F0A5
:10BE5C003F0343F0805393605F4B1B689B095F4A21
:10BE6C00A2FB03239B0901335B00019309E0F4F768
:10BE7C0085FE0023A36584F85030D5E7019B013B78
:10BE8C000193019B002BF9D12268936813F0805F1A
:10BE9C0078D1636D43F010036365A36D43F0010328
:10BEAC00A3650120936813F0040300D00123616D96
:10BEBC0011F0100F40F08680002B40F08380636DF2
:10BECC0023F4817343F002036365936813F0010F4D
:10BEDC000BD1434B9B6813F0010F06D163684149AA
:10BEEC008A6822F47C1213438B60627E636B43EA94
:10BEFC004233E2681343A268134394F8202043EAC8
:10BF0C000243012A40D0A26A22B102F47072E16AA3
:10BF1C000A4313432168CD68334A2A401A43CA6046
:10BF2C0021688B6813F0040300D001238A6812F097
:10BF3C00080200D00122B3B9AAB9237E94F83020AC
:10BF4C00520042EA8332CB6823F4804323F002038D
:10BF5C001343CB6094F83830012B1AD02268136944
:10BF6C0023F0010313612369012B22D02268136B88
:10BF7C0023F00F031363636D23F0030343F00103FA
:10BF8C00636524E000208DE7626A013A43EA42438C
:10BF9C00B9E721680B696FF38A03E26B256C2A43BE
:10BFAC00656C2A43A56C2A43134343F001030B61D0
:10BFBC00D9E721680B6B23F00F03E269013A1343B5
:10BFCC000B63D8E7636D43F010036365012003B086
:10BFDC0030BD0120FBE700BF10000020632D3E05A3
:10BFEC00000004500003045007C0F0FFF0B583B00C
:10BFFC000023019390F85030012B00F0028204468C
:10C00C000D46012380F850300068836813F0040F4C
:10C01C0009D0636D43F0200363650120002384F88D
:10C02C00503003B0F0BD0A684968FFF7C5FE2068C0
:10C03C00836813F0040300D00123826812F0080215
:10C04C0000D001220BB9002A3AD02268936813F071
:10C05C00010F40F0D0812B68E868D2F8B010C3F320
:10C06C00120621EA060100F0180CA74820FA0CF081
:10C07C000340C3F312030B43C2F8B030EA68A34B7E
:10C08C009A4200F0A2802B68A14A134200F0B581BD
:10C09C00A04A926802F0E0709F49896811F0010F84
:10C0AC0040F055819D498B4200F057819C498B4251
:10C0BC0000F07A819B498B4200F08A810020ADE729
:10C0CC00AA682968FFF790FE69692268D368C3F3F0
:10C0DC00C1035B009940286904280ED02E68603299
:10C0EC0052F82070904B3B4006F0F84631430B431E
:10C0FC0043F0004342F82030A7E7136E116EC1F3F2
:10C10C0084612B68C3F3120080BBC3F38463994230
:10C11C0034D021684B6E4A6EC2F384622B68C3F331
:10C12C00120080BBC3F384639A4234D021688B6EB7
:10C13C008A6EC2F384622B68C3F3120080BBC3F314
:10C14C0084639A4234D02168CB6ECA6EC2F3846287
:10C15C002B68C3F3120080BBC3F384639A427FF451
:10C16C0074AFCB6E23F00043CB666EE793FAA3F368
:10C17C0013B1B3FA83F3CAE72023C8E7136E23F095
:10C18C0000431366C5E793FAA3F313B1B3FA83F331
:10C19C00CAE72023C8E74B6E23F000434B66C5E784
:10C1AC0093FAA3F313B1B3FA83F3CAE72023C8E7D6
:10C1BC008B6E23F000438B66C5E793FAA3F313B1A0
:10C1CC00B3FA83F3CAE72023C8E720682B68C3F3CC
:10C1DC0012063EBB9A0E013202F01F02092A8CBFD6
:10C1EC0000220122002A55D05EBB990E013189062E
:10C1FC0001F0F8418EBB4FEA936C0CF1010C0CF082
:10C20C001F0C012202FA0CF21143AEBB9B0E013340
:10C21C0003F01F0303EB43031B051943AA68FFF745
:10C22C00E3FD30E793FAA3F24AB1B2FA82F201329B
:10C23C0002F01F02092A8CBF00220122D2E7202221
:10C24C00F5E793FAA3F131B1B1FA81F10131890625
:10C25C0001F0F841CEE72021F8E793FAA3F24AB1B6
:10C26C00B2FA82F2013202F01F024FF0010C0CFA0A
:10C27C0002F2C9E72022F5E793FAA3F343B1B3FA2C
:10C28C0083F3013303F01F0303EB43031B05C4E7E4
:10C29C002023F6E7E6B9990E0131890601F0F84141
:10C2AC0016BB4FEA936C0CF1010C0CF01F0C012225
:10C2BC0002FA0CF21143CEBB9B0E013303F01F03A9
:10C2CC0003EB43031E3B1B0543F000731943A5E727
:10C2DC0093FAA3F131B1B1FA81F10131890601F080
:10C2EC00F841DDE72021F8E793FAA3F24AB1B2FA5C
:10C2FC0082F2013202F01F024FF0010C0CFA02F232
:10C30C00D8E72022F5E700BFFFFF070000007F40C1
:10C31C00000008800003045000000450000052C7C5
:10C32C00000084CB0100008000F0FF0393FAA3F31C
:10C33C005BB1B3FA83F3013303F01F0303EB430345
:10C34C001E3B1B0543F00073C0E72023F3E7636D2E
:10C35C0043F020036365012060E612F4000F7FF4C4
:10C36C00A5AE2268284B9A4201D0002056E640F434
:10C37C00000326498A6822F0E07213438B60244B39
:10C38C001B689B09234AA2FB03239B09013303EB84
:10C39C0043039B00019302E0019B013B0193019B32
:10C3AC00002BF9D1002039E612F0807F7FF482AEA9
:10C3BC002268154B9A4201D000202FE640F0807382
:10C3CC0012498A6822F0E07213438B60002025E644
:10C3DC0012F4800F13D122680B4B9A4201D000202B
:10C3EC001CE640F4800309498A6822F0E07213438A
:10C3FC008B60002012E6002010E600200EE60020E4
:10C40C000CE602200DE600BF0000045000030450AF
:10C41C0010000020632D3E05D0B110B50446437AC0
:10C42C0093B1022363722268136823F020036168BE
:10C43C000B4313602268136843F004031360012359
:10C44C0063720020E06010BD0372F4F7E3FCE8E7D0
:10C45C0001207047D458C4500433C4188C42F9D30B
:10C46C007047036004308842FBD370470C48854604
:10C47C00F6F7D6F90B480C490C4A0023FFF7EDFFF1
:10C48C000B480C490C4A0023FFF7E7FF0B480C49FB
:10C49C000023FFF7E8FF00F01FF8F4F753FAFEE76C
:10C4AC0000000320080000206C010020A4F8000804
:10C4BC00E4010320670A032008FA00086C0100203D
:10C4CC00D4430020FEE702440346934200D1704758
:10C4DC0003F8011BF9E7000070B50D4D0D4C641B02
:10C4EC00A4100026A64209D10B4D0C4C00F026F8E6
:10C4FC00641BA4100026A64205D170BD55F8043B60
:10C50C0098470136EEE755F8043B98470136F2E7B9
:10C51C009CF800089CF800089CF80008A0F800089B
:10C52C000A44914200F1FF3300D1704710B511F865
:10C53C00014B03F8014F9142F9D110BDF8B500BF82
:10C54C00F8BC08BC9E467047F8B500BFF8BC08BCE8
:04C55C009E46704740
:10C56000120000002400000036000000400000001F
:10C57000060000000C000000100000000000000099
:10C5800001000000020000000300000000000000A5
:10C590000000000000000000C0F60008540A03205C
:10C5A000440A032026040400A0860100400D030075
:10C5B000801A060000350C0040420F0080841E00E7
:10C5C00000093D0000127A000024F40000366E01DC
:10C5D0000048E801006CDC020000000000000000E0
:10C5E000000000000000000000000000000000004B
:10C5F0000000000000000000010000000200000038
:10C60000030000000400000001000000030000001F
:10C61000050000000100000001000000060000000D
:10C620000A000000200000000200000004000000DA
:10C630000800000010000000400000008000000022
:10C640000001000000020000C82E002E802E3DB127
:10C65000C82E002E802E9103802EBCB0802EA30306
:10C66000C82E002E802E00B05030212E59F51030EB
:10C67000212E6AF5802E3B030000000008190100FE
:10C680002200750000100010D100B343802E00C1BD
:10C69000802E00C1802E00C1802E00C1802E00C1DE
:10C6A000802E00C1802E00C1802E00C1802E00C1CE
:10C6B000802E00C1802E00C1802E00C1802E00C1BE
:10C6C000802E00C1802E00C1802E00C1802E00C1AE
:10C6D000802E00C1802E00C1802E00C1802E00C19E
:10C6E000802E00C1802E00C1802E00C1802E00C18E
:10C6F000802E00C1802E00C1802E00C1802E00C17E
:10C70000802E00C1802E00C1802E00C1802E00C16D
:10C71000802E00C1802E00C1802E00C1802E00C15D
:10C72000802E00C1802E00C1802E00C1802E00C14D
:10C73000802E00C1E05F000000000100000000004A
:10C740000000000000009200000000000000000057
:10C750000000000000000000081900008800000030
:10C760000000000005E0AA3805E09030FA009600CD
:10C770004B091100110002002D01D47B3B01DB7A33
:10C7800004003F7BCD6CC3048509C304ECE60C4672
:10C790000100270019009600A00001000C00F03CE9
:10C7A00000010100030001000E000000320005003E
:10C7B000EE060400C80000000400A805EE06000410
:10C7C000BC02B3008507000000000000000000006C
:10C7D00000000000000000000000B4000100B900EB
:10C7E000010098000000000000000000010080002F
:10C7F0000400000000000000000000000000000035
:10C800000000000000000000000000000000000028
:10C810000000000000000000000000000000000018
:10C820000000000000000000000000000000000008
:10C8300000000000000000000000000000000000F8
:10C840000000802E00C1FD2DDE00EB00DA00000CA0
:10C85000FF0F0004C0005BF5C9011EF280003FFF1E
:10C8600019F458F566F564F5C0F1F000E000CD016B
:10C87000D301DB01FF7FFF01E40074F7F300FA004E
:10C88000FF3FCA036C3856FE44FDBC02F90600FCAB
:10C890001202AE0158FA9AFD7705BB029601950186
:10C8A0007F0182018901870188018A018C018F0142
:10C8B0008D0192019101DD009F017E01DB00B60137
:10C8C000706926D39C071F059D000008BC0537FA38
:10C8D000A201AA01A101A801A001A805B401B40107
:10C8E000CE00D000FC00C501FFFBB10000380030D5
:10C8F000FDF5FCF5CD01A0005FFF0040FF000080CA
:10C900006D0FEB007FFFC2F568F7B3F1670F5B0FA8
:10C91000610F800F58F75BF7830F8600720F850F4A
:10C92000C6F17F0F6CF700E000FFD1F5870F8A0F8B
:10C93000FF03F03F8B008E009000B9002DF5CAF583
:10C94000CB0120F200000000000000000000000009
:10C9500000000000000000000000000000000000D7
:10C9600000000000000000000000000000000000C7
:10C9700000000000000000000000000000000000B7
:10C9800000000000000000000000000000000000A7
:10C990000000000000000000000000000000000097
:10C9A0000000000000000000000000000000000087
:10C9B0000000000000000000000000000000000077
:10C9C0000000000000000000000000000000000067
:10C9D0000000000000000000000000000000000057
:10C9E0000000000000000000000000000000000047
:10C9F0000000000000000000000000000000000037
:10CA00000000000000000000000000000000000026
:10CA10000000000000000000000000000000000016
:10CA20003050982ED70E5032982EFA030030F07FF7
:10CA3000002E002ED02E002E018008A2FB2F982E53
:10CA4000BA03212E1900012EEE0000B2072F012E8D
:10CA5000190000B2032F01500352982E07CC012E6B
:10CA6000DD0000B2272F052E8A000552982EC7C17F
:10CA7000032EE90040B2F07F082F012E190000B20A
:10CA8000042F0030212EE900982EB4B1012E180099
:10CA900000B2102F0550982E4DC30550982E5AC73E
:10CAA000982EF9B4982E54B2982E67B6982E17B2D5
:10CAB0001030212E7700012EEF0000B2042F982EA7
:10CAC0007AB70030212EEF00012ED40004AE0B2FD8
:10CAD000012EDD0000B2072F0552982E8E0E00B2F7
:10CAE000022F1030212E7D00012E7D000090902E0F
:10CAF000F102012ED70000B2042F982E2F0E003025
:10CB0000212E7B00012E7B0000B2122F012ED400BB
:10CB10000090022F982E1F0E092D982E810D012EA8
:10CB2000D4000490022F5032982EFA030030212EA8
:10CB30007B00012E7C0000B2902E0903012E7C00A8
:10CB40000131010800B2042F982E47CB1030212E5E
:10CB500077008130012E7C00010800B2612F032E86
:10CB60008900012ED40098BC98B805B20F58232F25
:10CB7000079009540030372F15410441DCBE44BEF4
:10CB8000DCBA2C0161000F564A0F0C2FD14294B829
:10CB9000C1421130052E6AF72CBD2FB980B2082290
:10CBA000982EC3B7212D6130232ED400982EC3B701
:10CBB0000030212E5AF5182DE17F5030982EFA03BF
:10CBC0000F520750504270300D5442427E82E26F45
:10CBD00080B24242052F212ED4001030982EC3B7C8
:10CBE000032D6030212ED400012ED4000690182F82
:10CBF000012E76000B540752E07F982E7AC1E16F28
:10CC0000081A4030082F212ED4002030982EAFB7BC
:10CC10005032982EFA03052D982E380E0030212E12
:10CC2000D4000030212E7C00182D012ED40003AA40
:10CC3000012F982E450E012ED4003F8003A2012F14
:10CC4000002E022D982E5B0E3030982ECEB700307D
:10CC5000212E7D005032982EFA03012E770000B26B
:10CC6000242F982EF5CB032ED5001154010ABC8435
:10CC70008386212EC901E0401352C4408240A8B9E6
:10CC8000524243BE5342040A5042E17FF0314140D8
:10CC9000F26F25BD0808020AD07F982EA8CF06BCE7
:10CCA000D16FE26F080A8042982E58B70030212ECB
:10CCB000EE00212E7700212EDD00802EF4011A24B3
:10CCC0002200802EEC011050FB7F982EF30357506A
:10CCD000FB6F013071541142420EFC2FC02E0142F5
:10CCE000F05F802E00C1FD2D01000000000000005B
:10CCF000000000009A013403000000000000000062
:10CD00000000000000000000000000000000000023
:10CD10000000000000000000000000000000000013
:10CD20000000000000000000000000000000000003
:10CD300000000000000000000000000000000000F3
:10CD400000000000000000000000000000000000E3
:10CD500000000000000000000000000000000000D3
:10CD6000000000000000000000002050E77FF67F78
:10CD700006320F2E61F5FE09C0B3042F17302F2E97
:10CD8000EF002D2E61F5F66FE76FE05FC82E2050A3
:10CD9000E77FF67F46300F2EA4F1BE0980B3062F41
:10CDA0000D2ED40084AF022F16302D2E7B0086303E
:10CDB0002D2E60F5F66FE76FE05FC82E012E77F736
:10CDC00009BC0FB800B21050FB7F10300B2F032EA0
:10CDD0008A0096BC9FB840B2052F032E68F79EBC10
:10CDE0009FB840B2072F032E7E004190012F982E4E
:10CDF000DC03032C0030212E7E00FB6FF05FB82E89
:10CE00002050E07FFB7F002E2750982E3BC82950F2
:10CE1000982EA7C80150982E55CCE16F2B50982E14
:10CE2000E0C9FB6F0030E05F212E7E00B82E73500A
:10CE3000013057541142420EFC2FB82E212E59F5C5
:10CE40001030C02E212E4AF19050F77FE67FD57F1B
:10CE5000C47FB37FA17F907F827F7B7F982E35B781
:10CE600000B2902E97B0032E8F00072E9100052E52
:10CE7000B1003FBA9FB8012EB100A3BD4C0A052EE8
:10CE8000B10004BEBFB9CB0A4FBA22BD012EB30018
:10CE9000DC0A2FB9032EB8000ABE9A0ACFB99BBC90
:10CEA000012E97009FB8930A0FBC910A0FB8900A01
:10CEB000252E1800052EC1F52EBD2EB9012E190004
:10CEC00031308A040090072F012ED40004A2032FD2
:10CED000012E180000B20C2F19500552982E4DB794
:10CEE000052E780080901030012F212E7800252EFD
:10CEF000DD00982E3EB700B202300130042F012E23
:10CF0000190000B2002F2130012EEA00081A0E2F5E
:10CF1000232EEA0033301B500B090140175646BE42
:10CF20004B084C0A01420A8015520142002E012E84
:10CF3000180000B21F2F032EC0F5F030480847AA92
:10CF40007430072E7A0061224B1A052F072E66F5E2
:10CF5000BFBDBFB9C0900B2F1D562B30D242DB4254
:10CF60000104C24204BDFE808184232E7A00024265
:10CF70000232252E62F5052ED6008184252ED6009C
:10CF80000231252E60F5052E8A000B50900880B2E4
:10CF90000B2F052ECAF5F03E9008252ECAF5052E5A
:10CFA00059F5E03F9008252E59F5906FA16FB36FAA
:10CFB000C46FD56FE66FF76F7B6F826F705FC82E9F
:10CFC000C050907FE57FD47FC37FB17FA27F877FF2
:10CFD000F67F7B7F002E012E60F5607F982E35B79F
:10CFE0000230636F1552507F627F5A2C02321A0949
:10CFF00000B3142F00B2032F092E180000910C2F3C
:10D00000437F982E97B71F50028A02320430252E94
:10D0100064F51552506F436F4443252E60F5D908CF
:10D02000C0B2362F982E3EB700B2062F012E19003F
:10D0300000B2022F506F00900A2F012E790000904D
:10D04000192F1030212E79000030982EDC03132D7B
:10D05000012EC3F50CBC0FB81230100403B0262506
:10D0600021500352982E4DB71030212EEE00023081
:10D07000607F252E7900606F0090052F0030212EF3
:10D08000EA001550212E64F51552232E60F5023268
:10D09000506F0090022F0330272E7800072E60F586
:10D0A0001A090091A32F19090091A02F906FA26F68
:10D0B000B16FC36FD46FE56F7B6FF66F876F405FA3
:10D0C000C82EC050E77FF67F26300F2E61F52F2E39
:10D0D0007C000F2E7C00BE09A27F807F80B3D57FAD
:10D0E000C47FB37F917F7B7F0B2F23501A25124083
:10D0F000427F74821240527F002E0040607F982E43
:10D100006AD68130012E7C00010800B2422F032E26
:10D110008900012E890097BC06BC9FB80FB800900B
:10D12000232ED800103001302A2F032ED40044B211
:10D13000052F47B200302D2F212E7C002B2D032EE2
:10D14000FDF59EBC9FB84090142F032EFCF599BCB2
:10D150009FB840900E2F032E49F125544A08409065
:10D16000082F982E35B700B21030032F5030212EE3
:10D17000D400102D982EAFB70030212E7C000A2D40
:10D18000052E69F72DBD2FB980B2012F212E7D000C
:10D19000232E7C00E031212E61F5F66FE76F806F62
:10D1A000A26FB36FC46FD56F7B6F916F405FC82E56
:10D1B00060510A253688F47FEB7F003231523230DD
:10D1C0001330982E15CB0A253384D27F4330055077
:10D1D0002D52982E95C1D26F2752982ED7C72A2547
:10D1E000B086C07FD37FAF842950F16F982E4DC891
:10D1F0002A25AE8AAA88F26E2B50C16FD36FF47FB6
:10D20000982EB6C8E06E00B2322F33548386F16F89
:10D21000C37F04303030F47FD07FB27FE330C56FFE
:10D2200056404541280803140EB408BC8240100A39
:10D230002F542605917F4428A37F982ED9C008B982
:10D2400033305309C16FD36FF46F831747406C15A8
:10D25000B26FBE09750B90424542510E32BC028935
:10D26000A16F7E86F47FD07FB27F0430916FD62F7E
:10D27000EB6FA05EB82E032E97001BBC60509FBCC6
:10D280000CB8F07F40B2EB7F2B2F032E7F00414084
:10D29000012EC800011A112F3758232EC800104143
:10D2A000A07F38810141D07FB17F982E64CFD06FAD
:10D2B0000780A16F1142002EB16F01421130012E83
:10D2C000FC0000A80330CB224A25012E7F003C89B8
:10D2D00035520554982EC4CEC16FF06F982E95CF5D
:10D2E000042D0130F06F982E95CFEB6FA05FB82E14
:10D2F000032EB3000232F030033130508A080808A0
:10D30000CB08E07F80B2F37FDB7F252F032ECA009E
:10D310004190042F0130232ECA00982E3F03C0B243
:10D32000052F032EDA0000304104232EDA00982E58
:10D3300092B21025F06F00B2052F012EDA000230F4
:10D340001004212EDA0040B2012F232EC801DB6F1A
:10D35000E06FD05F802E95CF0130E06F982E95CF93
:10D360001130232ECA00DB6FD05FB82ED0500A25B3
:10D3700033845550D27FE27F038CC07FBB7F003067
:10D38000055A39545141A57F967F807F982ED9C088
:10D390000530F57F2025916F3B583D5C3B56982E1C
:10D3A00067CCC16FD56F52405043C17FD57F1025E8
:10D3B000982EFEC91025982E74C0866F3028926F63
:10D3C000828CA56F6F52690E3954DB2F19A015306E
:10D3D000032F0030212E81010A2D012E8101052805
:10D3E0004236212E8101020E012F982EF303575051
:10D3F00012300140982EFEC9516F0B5C8E0E3B6FB0
:10D4000057580230212E9501456F2A8DD27FCB7F50
:10D41000132F02303F50D27FA80E0E2FC06F5354EF
:10D4200002005154420E103059520230012F002E8A
:10D43000032D504242421230D27F80B2032F00307F
:10D44000212E8001122D012EC9000280052E80019F
:10D45000113091280040252E8001100E052F012E3D
:10D460007F010190012F982EF303002EA04101901F
:10D47000A67F902EE3B4012E950100A8902EE3B470
:10D480005B549580824080B202402D8C3F52967F43
:10D49000902EC2B3290E762F012EC900004081289C
:10D4A0004552B330982E0FCA5D54807F002EA140A4
:10D4B000727F82808240607F982EFEC91025982E50
:10D4C00074C0626F05308740C0910430052F052E6F
:10D4D000830180B21430002F0430052EC900736F11
:10D4E0008140E2406904110FE1401630FE29CB4033
:10D4F000022F836F830F222F4756130F1230772F7F
:10D500004954420E1230732F00910A2F012E8B01C5
:10D5100019A802306C2F6350002E17420542682C68
:10D5200012300B25080F5030022F212E8301032DBE
:10D530004030212E83012B2E85015A2C1230009170
:10D540002B25042F635002301742172C0242982ECD
:10D55000FEC91025982E74C0052EC90081845B3049
:10D560008240372E8301020E072F5F524030624007
:10D570004140910E012F212E830105302B2E850174
:10D580001230362C16301525817F982EFEC91025B5
:10D59000982E74C019A21630152F052E9701806F92
:10D5A000820E052F012E86010628212E86010B2DC5
:10D5B000032E87015F544E289142002E8240900E28
:10D5C000012F212E88010230132C0530C06F081C5A
:10D5D000A80F163005305B50092F02802D2E8201D6
:10D5E00005420580002E02423E80002E0642023097
:10D5F000906F3E88014004414C280142078010256D
:10D600002440004000A8F522232944427A827E88E3
:10D610004340044100ABF523DF284342D9A0142F37
:10D620000090022FD26F81B2052F635406289042DA
:10D630008542092C02305B500380292E7E012B2E5F
:10D640008201054212302B2E83014582002E40407C
:10D650007A8202A0082F63503B3015420542378082
:10D66000372E7E0105421230012EC900028C404047
:10D6700084417A8C040F032F012E8B0119A4042FEF
:10D680002B2E8201982EF303123081906152082FC5
:10D69000654265424380398482880542454285421D
:10D6A0000543002E80410090902EE1B46554C16F77
:10D6B000804000B243586950442F555CB7878C0FA7
:10D6C0000D2E9601C440362F41568B0E2A2F0B5239
:10D6D000A10E0A2F052E8F011425982EFEC94B543A
:10D6E000020F695005306554152F032E8E014D5CD5
:10D6F0008E0F3A2F052E8F01982EFEC94F54820FA0
:10D70000053069506554302F6D521530428C4542BA
:10D7100004302B2C84436B52428C002E85431530F1
:10D72000242C45428E0F202F0D2E8E01B10E1C2F62
:10D73000232E8E011A2D0E0E172FA10F152F232E1B
:10D740008D01132D982E74C04354C20E0A2F6550BC
:10D7500004800B3006820B42798041401230252E26
:10D760008C01014205306950655484824384BE8C2B
:10D770008440864126299442BE8ED57F19A143401C
:10D780000B2E8C018440C7415D29272945428442E4
:10D79000C27F012FC0B31D2F052E940199A0012F28
:10D7A00080B3132F80B3182FC0B3162F124001403F
:10D7B000927F982E74C0926F100F2030032F10307C
:10D7C000212E7E010A2D212E7E01072D2030212EB3
:10D7D0007E01032D1030212E7E01C26F012EC90063
:10D7E000BC84028082400040900ED56F022F15301D
:10D7F000982EF30341910530072F67503D802B2E63
:10D800008F0105420480002E0542022C00300030BA
:10D81000A26F988A864080A7052F982EF303C03008
:10D82000212E950106251A25E26F768296405643F1
:10D83000510EFB2FBB6F305FB82E012EB8000131A7
:10D84000410840B22050F2300208FB7F0130102F17
:10D85000052ECC008190E07F032F232ECC00982E44
:10D8600055B6982E1DB51025FB6FE06FE05F802E3A
:10D8700095CF982E95CF1030212ECC00FB6FE05F16
:10D88000B82E00510558EB7F2A2589526F5A8950CE
:10D8900013410640B3011642CB160640F302134271
:10D8A000650EF52F054014302C29044208A10030E4
:10D8B000902E52B6B388B08AB684A47FC47FB57F59
:10D8C000D57F927F73300430554042408A17F30869
:10D8D0006B01900253B84B82ADBE717F450A09546B
:10D8E000847F982ED9C0A36F7B54D042A37FF27F50
:10D8F000607F2025716F755A7758795C7556982E20
:10D9000067CCB16F626F5042B17FB3301025982E53
:10D910000FCA846F2029716F926FA56F76826A0E8D
:10D9200073300030D02FD26FD17FB47F982E2BB7B9
:10D9300015BD0BB8020AC26FC07F982E2BB715BD5C
:10D940000BB8420AC06F081741188916E118D018A1
:10D95000A17F27251625982E79C08B54907FB33050
:10D96000824080900D2F7D52926F982E0FCAB26F19
:10D97000900E062F8B501430426F516F144212429A
:10D980000142002E316F982E74C0416F807F982E17
:10D9900074C0826F10044352010F052ECB0000307B
:10D9A0000430212F516F43588C0E04301C2F858872
:10D9B000416F04418C0F0430162F8488002E0441DF
:10D9C00004058C0E04300F2F8288316F044104054A
:10D9D0008C0E0430082F8388002E04418C0F0430F5
:10D9E000022F212EAD0114300091142F032EA1011E
:10D9F00041900E2F032EAD0114304C28232EAD0183
:10DA000046A0062F81848D5248828240212EA1019A
:10DA100042425C2C0230052EAA0180B20230552F02
:10DA2000032EA901926FB330982E0FCAB26F900FD8
:10DA3000003002304A2FA26F875291008552510E5A
:10DA4000022F002E432C0230C26F7F52910E023003
:10DA50003C2F516F8154982EFEC91025B3302125DB
:10DA6000982E0FCA326FC07FB3301225982E0FCA7E
:10DA7000426FB07FB3301225982E0FCAB26F902834
:10DA80008352982EFEC9C26F900F003002301D2FB6
:10DA9000052EA10180B212300F2F426F032EAB0171
:10DAA000910E0230122F526F032EAC01910F0230F3
:10DAB0000C2F212EAA010A2C1230032ECB008D58D8
:10DAC0000889414011430043252EA101D46F8F5294
:10DAD00000433A89002E10431043610EFB2F032EA2
:10DAE000A001111A022F0225212EA001EB6F005F69
:10DAF000B82E915210300230955652424B0EFC2FE8
:10DB00008D548882935680425342404242868354C9
:10DB1000C02EC242002EA3520051524047401A2547
:10DB2000012E97008FBE7286FB7F0B307CBFA55005
:10DB30001008DFBA7088F8BFCB42D37F6CBBFCBB48
:10DB4000C50A907F1B7F0B43C0B2E57FB77FA67FDE
:10DB5000C47F902E1CB7072ED200C0B20B2F975255
:10DB6000012ECD00827F982EBBCC0B30372ED200F9
:10DB7000826F906F1A2500B28B7F142FA6BD25BD32
:10DB8000B6B92FB980B2D4B00C2F99549B560B3034
:10DB90000B2EB100A1589B42DB426C092B2EB10029
:10DBA0008B42CB42867F7384A756C30839520550F7
:10DBB000727F637F982EC2C0E16F626FD10A012E1F
:10DBC000CD00D56FC46F726F97529D5C982E06CDB5
:10DBD000236F906F9952C0B204BD5440AFB9454015
:10DBE000E17F0230062FC0B20230032F9B5C12305F
:10DBF0009443854303BF6FBB80B3202F066F26017C
:10DC0000166F6E034542C090292ECE009B52142FF2
:10DC10009B5C002E93418641E304AE0780AB042F4A
:10DC200080910A2F866F730F072F836FC0B2042F66
:10DC3000544245421230042C1130022C1130113064
:10DC400002BC0FB8D27F00B20A2F012EFC00052EB5
:10DC5000C701101A022F212EC701032D022C0130FB
:10DC60000130B06F982E95CFD16FA06F982E95CFC1
:10DC7000E26F9F52012ECE00824050420C2C424255
:10DC80001130232ED2000130B06F982E95CFA06FA7
:10DC90000130982E95CF002EFB6F005FB82E838643
:10DCA00001300030944024180600530E4F02F92F23
:10DCB000B82EA952002E604041400DBC98BCC02E29
:10DCC000010A0FB8AB52533C524040404B00821601
:10DCD00026B901B84140100897B80108C02E11308C
:10DCE0000108438625400440D8BE2C0B2211544223
:10DCF00003804B0EF62FB82E9F501050AD52052EBC
:10DD0000D300FB7F002E13409342410EFB2F982E31
:10DD1000A5B7982E87CF012ED90000B2FB6F0B2F2D
:10DD2000012E69F7B13F01080130F05F232ED900C1
:10DD3000212E69F7802E7AB7F05FB82E012EC0F839
:10DD4000032EFCF51554AF5682080B2E69F7CB0A4B
:10DD5000B1588090DDBE4C085FB959228090072FE2
:10DD60000334C308F23A0A080235C0904A0A48222E
:10DD7000C02E232EFCF51050FB7F982E56C7982EF0
:10DD800049C31030FB6FF05F212ECC00212ECA005A
:10DD9000B82E032ED30016B802344A0C212E2DF5CE
:10DDA000C02E232ED30003BC212ED500032ED50078
:10DDB00040B21030212E77000130052F052ED800FB
:10DDC0008090012F232E6FF5C02E212ED900113007
:10DDD0008108012E6AF7713F23BD0108020AC02E97
:10DDE000212E6AF730250030212E5AF51050212EB1
:10DDF0007B00212E7C00FB7F982EC3B74030212E64
:10DE0000D400FB6FF05F0325802EAFB7802E00C1DA
:10DE1000802E00C1802E00C1802E00C1802E00C146
:10DE2000802E00C1802E00C1802E00C1802E00C136
:10DE3000802E00C1802E00C1802E00C1802E00C126
:10DE4000802E00C1802E00C1012E5DF708BC80AC81
:10DE50000EBB022F003041048206C0A40030112FF7
:10DE600040A9032F40910D2F00A70B2F80B3B3586B
:10DE7000022F90A12613202380901030012FCC0E6A
:10DE8000002F0030B82EB550180808BC88B60D1702
:10DE9000C6BD56BCB758DABA04011D0A1050053089
:10DEA00032254503FB7FF6302125982E37CA16B55B
:10DEB0009ABC06B880A8410A0E2F8090022F2D50E0
:10DEC000480F092FBFA0042FBF90062FB754CA0FC9
:10DED000032F002E022CB7522D52F233982ED9C0A8
:10DEE000FB6FF137C02E0108F05FBF56B954D04028
:10DEF000C4400B2EFDF3BF52904294429542053030
:10DF0000C1500F88064004419642C54248BE733056
:10DF10000D2ED8004FBA8442034281B3022F2B2E1C
:10DF20006FF5062D052E77F7BD569308252E77F74A
:10DF3000BB54252EC2F5072EFDF34230B433DA0A66
:10DF40004C00272EFDF34340D43FDC084342002E13
:10DF5000002E43402430DC0A43420480032EFDF3AC
:10DF60004A0A232EFDF36134C02E0142002E605078
:10DF70001A257A86E07FF37F0325C3524184DB7F35
:10DF80003330982E16C21A257D82F06FE26F32254B
:10DF900016409440260185408E17C4426E03954278
:10DFA000410EF42FDB6FA05FB82EB051FB7F982E8F
:10DFB000E80D5A25982E0F0ECB583287C47F6589FD
:10DFC0006B8DC55A657FE17F837FA67F747FD07F8D
:10DFD000B67F947F1730C752C954517F002E856F8A
:10DFE000427F002E51414581424113403B8A00400F
:10DFF0004B04D006C0AC857F022F02305104D306FB
:10E00000418405305D02C916DF08D3008D02AFBC24
:10E01000B1B9590A656F1143A1B45241534101434B
:10E02000347F657F2631E56FD46F982E37CA326F03
:10E03000756F83404241237F127FF6304025512582
:10E04000982E37CA146F2005706F256F6907A26F6D
:10E05000316F0B3004429B428B425542327F40A9C4
:10E06000C36F717F0230D040C37F032F4091152FC3
:10E0700000A7132F00A4112F84BD982E79CA556FC5
:10E08000B75454418200F33F4541CB02F630982EFD
:10E0900037CA356FA46F4143032C0043A46F356F1B
:10E0A0001730426F516F934042820041C3000343D7
:10E0B000517F002E944041414C02C46FD156630EF3
:10E0C000746F5143A57F8A2F092ED80001B3212FE9
:10E0D000CB58906F1341B66FE47F002E91411440EE
:10E0E00092411540172E6FF5B67FD07FCB7F982ECB
:10E0F000000C0715C26F140B292E6FF5C3A3C18F37
:10E10000E46FD06FE62F1430052E6FF5140B292E17
:10E110006FF5182DCD560432B56F1C015141524197
:10E12000C340B57FE47F982E1F0CE46F2187004326
:10E130000432CF545A0EEF2F1554092E77F7220BC5
:10E14000292E77F7FB6F505EB82E1050012ED400A9
:10E1500000B2FB7F512F01B2482F02B2422F039031
:10E16000562FD75279804240818400404242982EF7
:10E17000930CD954D750A14098BD82403E82DA0A10
:10E1800044408B16E3005342002E43409A02524211
:10E19000002E414015544A0E3A2F3A820030414039
:10E1A000212E850F40B20A2F982EB10C982E450EC5
:10E1B000982E5B0EFB6FF05F0030802ECEB7DD52E5
:10E1C000D35442424F847330DB5283421B306B4244
:10E1D0002330272ED700372ED400212ED6007A8464
:10E1E000172C42423030212ED400122D2130003025
:10E1F000232ED400212E7BF70B2D1730982E510C97
:10E20000D5500C8272302F2ED400252E7BF7404241
:10E21000002EFB6FF05FB82E70500A253986FB7F09
:10E22000E1326230982EC2C4B556A56FAB08916F2B
:10E230004B08DF56C46F23094DBA93BC8C0BD16FCA
:10E240000B09CB52E15E5642AF094DBA23BD940A89
:10E25000E56F68BBEB08BDB963BEFB6F5242E30AD2
:10E26000C02E4342905FD150032E25F3134000404F
:10E270009BBC9BB408BDB8B998BCDA0A08B689162D
:10E28000C02E190062021050FB7F982E810D012EC6
:10E29000D40031300804FB6F0130F05F232ED6002C
:10E2A000212ED700B82E012ED700032ED600480EFF
:10E2B000012F802E1F0EB82EE350213401428230F0
:10E2C000C132252E62F50100223001404A0A014286
:10E2D000B82EE354F03B8340D808E5528342003027
:10E2E00083305042C432272E64F59400504240429D
:10E2F000D33F84407D82E30840428342B82EDD5202
:10E30000003040427C86B952092E700FBF54C4427F
:10E31000D3865440554094428542212ED700424036
:10E32000252EFDF3C0427E82052E7D0080B2142F83
:10E33000052E890027BD2FB98090022F212E6FF561
:10E340000C2D072E710F14301C09052E77F7BD56C2
:10E3500047BE9308940A252E77F7E75450424A0E99
:10E36000FC2FB82E505002304386E550FB7FE37FF0
:10E37000D27FC07FB17F002E414000404804982EDC
:10E3800074C01EAAD36F1430B16FE322C06F524025
:10E39000E46F4C0E1242D37FEB2F032E860F40907A
:10E3A0001130032F232E860F022C0030D06FFB6F0D
:10E3B000B05FB82E4050F17F0A253C86EB7F413399
:10E3C0002230982EC2C4D36FF430DC094758C26F94
:10E3D0009409EB586ABBDC08B4B9B1BDE95A950899
:10E3E00021BDF6BF770B51BEF16FEB6F5242544225
:10E3F000C02E4342C05F5050F55031301142FB7F78
:10E400007B300B4211300280233301420300072E80
:10E410008003052ED3002352E27FD37FC07F982E46
:10E42000B60ED16F080A1A257B86D07F01331230D1
:10E43000982EC2C4D16F080A00B20D2FE36F012ECF
:10E4400080035130C786232E21F208BCC042982E8B
:10E45000A5B7002E002ED02EB06F0BB8032E1B00D8
:10E46000081AB07F7030042F212E21F2002E002ECA
:10E47000D02E982E6DC0982E5DC0ED50982E44CBB6
:10E48000EF50982E46C3F150982E53C73550982E12
:10E4900064CF1030982EDC032026C06F0231124268
:10E4A000AB330B42378001300142F337F752FB5058
:10E4B0004440A20A42428B31092E5EF7F954E30828
:10E4C00083421B4223334B00BC840B4033308342D6
:10E4D0000B42E07FD17F982E58B7D16F80304042F9
:10E4E0000330E06FF3540430002E002E0189620ED9
:10E4F000FA2F43421130FB6FC02E0142B05FC14A78
:10E5000000006D570000778E0000E0FFFFFFD3FF93
:10E51000FFFFE5FFFFFFEEE1FFFF7C13000046E693
:10E52000FFFF0000000000000000000000000000ED
:10E5300000000000000000000000000000000000DB
:10E5400000000000000000000000000000000000CB
:10E55000000000000000000000000000802E00C14C
:10E56000802E00C1802E00C1802E00C1802E00C1EF
:10E57000802E00C1802E00C1802E00C1802E00C1DF
:10E58000802E00C1802E00C1802E00C1802E00C1CF
:10E59000802E00C1802E00C1802E00C1802E00C1BF
:10E5A000802E00C1802E00C1802E00C1802E00C1AF
:10E5B000802E00C1802E00C1802E00C1802E00C19F
:10E5C000802E00C1802E00C1802E00C1802E00C18F
:10E5D000802E00C1802E00C1802E00C1802E00C17F
:10E5E000802E00C1802E00C1802E00C1802E00C16F
:10E5F000802E00C1802E00C1802E00C1802E00C15F
:10E60000802E00C1802E00C1802E00C1802E00C14E
:10E61000802E00C1802E00C1802E00C1802E00C13E
:10E62000802E00C1802E00C1802E00C1802E00C12E
:10E63000802E00C1802E00C1802E00C1802E00C11E
:10E64000802E00C1802E00C10000000000000000EC
:10E650000000000000000000000000000000007F3B
:10E66000FE000000000000000000000000003FFF6E
:10E67000FFF8000000000000000000000003FFFFA2
:10E68000FFFFC0000000000000000000001FFFFFAF
:10E69000FFFFF800000000000000000000FFFFFF87
:10E6A000FFFFFE00000000000000000003FFFFFF6E
:10E6B000FFFFFFC000000000000000000FFFFFC0D0
:10E6C00003FFFFF000000000000000003FFFF0002B
:10E6D000000FFFFC0000000000000000FFFE000033
:10E6E00000007FFF0000000000000001FFF80000B4
:10E6F00000001FFF8000000000000007FFC00000B6
:10E70000000003FFE00000000000001FFE0000000A
:10E71000000000FFF80000000000003FFC000000C7
:10E720000000003FFC0000000000007FF00000003F
:10E730000000000FFE000000000001FFC00000000C
:10E7400000000003FF000000000003FF8000000045
:10E7500000000001FF800000000007FE0000000034
:10E76000000000007FE0000000000FF80000000043
:10E77000000000003FF0000000001FF0000000005B
:10E78000000000001FF8000000003FE00000000053
:10E79000000000000FFC000000007FC0000000002F
:10E7A0000000000007FE00000000FF8000000000E5
:10E7B0000000000003FE00000001FF000000000058
:10E7C0000000000001FF00000001FE00000000004A
:10E7D0000000000000FF80000003FC0000000000BB
:10E7E00000000000007FC0000007F80000000000EB
:10E7F00000000000003FE000000FF00000000000FB
:10E8000000000000001FF000000FE000000000000A
:10E8100000000000000FF000001FC000000000001A
:10E82000000000000007F800003FC00000000000EA
:10E83000000000000007F800007F800000000000DA
:10E84000000000000003FC00007F0000000000004A
:10E85000000000000001FE00007E0000000000003B
:10E86000000000000001FE0000FE000000000000AB
:10E87000000000000000FF0001FE0000000000009A
:10E880000000000000007F0001FC0000000000000C
:10E890000000000000003F8003F8000000000000BE
:10E8A0000000000000003F8003F8000000000000AE
:10E8B0000000000000001FC003F000000000000086
:10E8C0000000000000000FC007F000000000000082
:10E8D0000000000000000FE007E000000000000062
:10E8E0000000000000000FE00FE00000000000004A
:10E8F00000000000000007E00FE000000006180024
:10E9000000600000C00007F01FC1C07000061800C2
:10E9100000600180C00003F01FC1C0C000061800E5
:10E9200000600180000003F01FC1C38000061800D2
:10E9300000600180000003F81FC1C7000006180036
:10E9400000600180000001F81F81CE00FC06180F56
:10E95000E06073FCC300C1F83F81DC01FF06181FB3
:10E96000F060E1C0C380C1F83F81F8038306181846
:10E970003861C180C181C1FC3F81F003038618303A
:10E9800018630180C18180FC3F01F80301861830C3
:10E9900018660180C1C180FC3F01DC070186187F39
:10E9A000F87C0180C0C300FC7F01CE070186187F80
:10E9B000F87C0180C0C300FC7F01C70701861830C6
:10E9C000006E0180C06700FE7F01C383018618309E
:10E9D00000670180C066007E7E01C1C301861830D9
:10E9E00000638180C066007E7E01C0E38306181844
:10E9F0000861C1C0C03C007E7E01C071FF06181FC7
:10EA00003860E0FCC03C007EFE01C0387C06180780
:10EA1000F060307CC03C007EFE0000000000000082
:10EA2000000000000000007EFE000000000000006A
:10EA3000000000000000007EFE000000000000005A
:10EA4000000000000000007EFE000000000000004A
:10EA5000000000000000007EFE000000000000003A
:10EA6000000000000000007EFE000000000000002A
:10EA7000000000000000007EFE000000000000001A
:10EA8000000000000000007E7E000000000000008A
:10EA9000000000000000007E7E000000000000007A
:10EAA000000000000000007E7E000000000000006A
:10EAB000000000000000007E7E0000000000003F1B
:10EAC000FC0000000000007E7E000000000001FF4E
:10EAD000FF8000000000007E7E000000000003FFB9
:10EAE000FFE00000000000FC7E00000000000FF8C6
:10EAF0001FE00000000000FC3F00000000000FC00D
:10EB000001E00000000000FC3F00000000001F804A
:10EB100000600000000000FC3F00000000003E001C
:10EB200000200000000000FC3F00000000003E004C
:10EB300000000000000000FC3F80000000007C009E
:10EB400000000000000001F81F80000000007800B5
:10EB500000000000000001F81F8000000000F80025
:10EB600000000000000001F81F8000000000F80015
:10EB700000000000000003F81FC000000000F800C3
:10EB800000000000000003F00FC000000000F000D3
:10EB900000000000000003F00FE000000000F000A3
:10EBA00000000000000007E007E000000000F000A7
:10EBB00000000000000007E007E000000000F00097
:10EBC0007FF00000000007E007F000000000F00008
:10EBD0007FF0000000000FC003F000000000F00014
:10EBE0007FF0000000000FC003F800000000F000FC
:10EBF00001F0000000001FC003F800000000F0005A
:10EC000000F0000000001F8001FC00000000F80080
:10EC100000F0000000003F8000FC00000000F80051
:10EC200000F0000000007F0000FE000000007800FF
:10EC300000F0000000007F00007F000000007C006A
:10EC400000F000000000FE00007F000000007C00DB
:10EC500000F000000000FE00003F800000003E00C9
:10EC600000F000000001FC00001FC00000003F0099
:10EC700000F000000003F800001FC00000001F802B
:10EC800001F000000003F000000FE00000000FF0B2
:10EC900007F000000007F000000FF000000007FF81
:10ECA000FFE00000000FE0000007F800000001FF97
:10ECB000FF800000001FC0000003FC000000007F78
:10ECC000FE000000003FC0000001FE000000000741
:10ECD000E0000000007F80000000FF000000000056
:10ECE0000000000000FF000000007F800000000026
:10ECF0000000000001FE000000003FC00000000016
:10ED00000000000003FC000000003FE000000000E5
:10ED10000000000007F8000000001FF000000000E5
:10ED2000000000000FF00000000007F800000000E5
:10ED3000000000003FE00000000003FE00000000B3
:10ED4000000000007FC00000000003FF0000000082
:10ED500000000000FF800000000000FFC000000075
:10ED600000000003FF0000000000007FF000000032
:10ED70000000000FFC0000000000003FF800000051
:10ED80000000001FF80000000000000FFF0000005E
:10ED9000000000FFF000000000000003FFC00000C2
:10EDA000000003FFC000000000000001FFF00000B1
:10EDB00000000FFF80000000000000007FFE000048
:10EDC00000007FFE00000000000000001FFFE000C8
:10EDD0000007FFF800000000000000000FFFFF0028
:10EDE00001FFFFE0000000000000000001FFFFFF46
:10EDF000FFFFFF800000000000000000003FFFFF59
:10EE0000FFFFFC000000000000000000000FFFFFFB
:10EE1000FFFFF00000000000000000000000FFFF06
:10EE2000FFFF0000000000000000000000000FFFD6
:10EE3000FFE0000000000000000000000000003FB4
:10EE4000FC000000000000000000000000000000C6
:10EE50000000000000000000000000000000007F33
:10EE6000FE000000000000000000000000003FFF66
:10EE7000FFF8000000000000000000000003FFFF9A
:10EE8000FFFFC0000000000000000000001FFFFFA7
:10EE9000FFFFF800000000000000000000FFFFFF7F
:10EEA000FFFFFE00000000000000000003FFFFFF66
:10EEB000FFFFFFC000000000000000000FFFFFC0C8
:10EEC00003FFFFF000000000000000003FFFF00023
:10EED000000FFFFC0000000000000000FFFE00002B
:10EEE00000007FFF0000000000000001FFF80000AC
:10EEF00000001FFF8000000000000007FFC00000AE
:10EF0000000003FFE00000000000001FFE00000002
:10EF1000000000FFF80000000000003FFC000000BF
:10EF20000000003FFC0000000000007FF000000037
:10EF30000000000FFE000000000001FFC000000004
:10EF400000000003FF000000000003FF800000003D
:10EF500000000001FF800000000007FE000000002C
:10EF6000000000007FE0000000000FF8000000003B
:10EF7000000000003FF0000000001FF00000000053
:10EF8000000000001FF8000000003FE0000000004B
:10EF9000000000000FFC000000007FC00000000027
:10EFA000000000000FFE00000000FF8000000000D5
:10EFB00000000000FFFE00000001FF000000000054
:10EFC0000000000FFFFF00000001FE000000000035
:10EFD0000000007FFFFF80000003FC000000000035
:10EFE000000007FFFFFFC0000007F800000000005E
:10EFF00000007FFFFFFFE000000FF00000000000B6
:10F000000003FFFFFFFFF000000FE0000000000022
:10F01000003FFFFFC7FFF000001FC000000000001E
:10F0200003FFFFFC0FFFF800003FC00000000000DE
:10F030001FFFFFC01FFFF800007F800000000000DE
:10F04000FFFFFE003FFFFC00007F00000000001FEC
:10F05000FFFFE000FFFFFE00007E0000000000FF59
:10F06000FFFE0001FFFFFE0000FE000000000FFF9A
:10F07000FFF00003FF3FFF0001FE000000007FFFE4
:10F08000FF000007FC7F7F0001FC00000007FFFF7E
:10F09000F800000FF87F3F8003F80000003FFFFFFB
:10F0A0008000001FF0FE3F8003F8000003FFFFF820
:10F0B0000000007FE0FE1FC003F000003FFFFFC024
:10F0C000000000FFC1FC0FC007F00001FFFFFC00C3
:10F0D000000001FF81FC0FE007E0001FFFFFC00000
:10F0E000000003FE03FC0FE00FE001FFFFFC000047
:10F0F000000007FC03F807E00FE00FFFFFE000004F
:10F1000000000FF803F007F01FC0FFFFFE00000033
:10F1100000003FF007F007F01FC7FFFFF8000000F6
:10F1200000007FE007F003F01FFFFFFF000000007A
:10F130000000FFC00FE003F81FFFFFF00000000019
:10F140000001FF000FE001F81FFFFFC000000000FA
:10F150000003FE001FC001F83FFFF80000000000A0
:10F16000000FFC001FC001F83FFFC00000000000BE
:10F17000001FF8003F8001FC3FFE0000000000007F
:10F18000003FF0003F8001FC3FF000000000000065
:10F19000007FC0007F0000FC3FF000000000000086
:10F1A00000FF80007F0000FC7FFC000000000000EA
:10F1B00001FF00007E0000FC7FFF00000000000057
:10F1C00007FE0000FE0000FE7FFFC0000000000000
:10F1D0000FFC0000FC0000FE7FFFF00000000000BC
:10F1E0001FF80001FC0000FE7E7FFC000000000014
:10F1F0003FF00001F800007E7E1FFF0000000000CD
:10F20000FFC00003F800007EFE0FFFC000000000FA
:10F21000FF800003F800007EFE01FFF00000000305
:10F22000FF000007F000007EFE007FFC00000007EA
:10F23000FC000007F000007EFE003FFE0000000F13
:10F24000FC00000FE000007EFE0007FFC000001F72
:10F25000F000000FE000007EFE0003FFE000003F32
:10F26000E000000FC000007EFE0000FFF80000FF7D
:10F27000C000001FC000007EFE00001FFF0001FF55
:10F280008000003F8000007E7E00000FFF8003FFB3
:10F290000000003F8000007E7E000003FFC007FEEC
:10F2A0000000003F0000007E7E000000FF800FF89D
:10F2B0000000007F0000007E7E0000003F001FF085
:10F2C0000000007F000000FE7E0000000E007FE0D6
:10F2D000000000FE000000FE7F0000000000FFC0F4
:10F2E000000000FE000000FC7F0000000001FF8025
:10F2F000000001FC000000FC3F0000000003FE00D5
:10F30000000001FC000000FC3F0000000007FC00C2
:10F31000000003F8000000FC3F0000000007F800B8
:10F32000000003F8000001FC3F8000000007F0002F
:10F33000000003F0000001FC3F8000000003F0002B
:10F34000000007F0000001F81F8000000003F0003B
:10F35000000007E0000001F81F8000000003F80033
:10F3600000000FE0000001F81FC000000001F800DD
:10F3700000000FC0000003F81FC000000001F800EB
:10F3800000001FC0000003F00FC000000001FC00DF
:10F3900000001FC0000007F00FE000000000FC00AC
:10F3A00000003F80000007E007E000000000FE00D2
:10F3B00000003F8000000FE007F0000000007E002A
:10F3C00000007F0000000FE007F0000000007E005A
:10F3D00000007F0000000FC003F0000000007F006D
:10F3E0000000FE0000001FC003F8000000007F00C6
:10F3F0000000FE0000001FC003FC000000003F00F2
:10F400000001FC0000003F8001FC000000003F8084
:10F410000001FC0000003F8000FE000000001F8093
:10F420000001F80000007F0000FE000000001FC087
:10F430000003F80000007F00007F000000000FC004
:10F440000003F0000000FE00007F800000000FC0FD
:10F450000007F0000001FE00003F800000000FE008
:10F460000007F0000003FC00001FC000000007E0E0
:10F47000000FE0000003F800001FE000000007E0BC
:10F48000000FC0000007F000000FF000000007F0C0
:10F49000001FC000000FF000000FF000000003F09C
:10F4A000001FC000001FE0000007F800000003F884
:10F4B000003F8000003FC0000003FC00000001F896
:10F4C000003F8000007FC0000001FE00000001F846
:10F4D000007F0000007F80000000FF00000001FCB2
:10F4E000007F000001FF000000007F80000000FCA2
:10F4F000007E000003FE000000003FC0000000FC92
:10F5000000FE000007FC000000003FF0000000FECD
:10F5100000FC00000FF8000000001FF80000007E53
:10F5200001FC00001FF00000000007FC0000007F4D
:10F5300001FC00007FE00000000003FF0000003F2E
:10F5400003F80000FFC00000000003FF8000003F40
:10F5500003F80001FF800000000000FFE000003F12
:10F5600087F00007FF0000000000007FF800001F88
:10F5700087F0001FFC0000000000003FFC00001F9F
:10F58000C7E0003FF80000000000000FFF80001FF0
:10F59000CFE001FFF000000000000003FFE0000FDB
:10F5A000FFC007FFC000000000000001FFF8000FCF
:10F5B000FFC03FFF80000000000000007FFF8007C9
:10F5C000FF83FFFE00000000000000001FFFFC079B
:10F5D000FFFFFFF800000000000000000FFFFFFF2A
:10F5E000FFFFFFE0000000000000000001FFFFFF40
:10F5F000FFFFFF800000000000000000003FFFFF51
:10F60000FFFFFC000000000000000000000FFFFFF3
:10F61000FFFFF00000000000000000000000FFFFFE
:10F62000FFFF0000000000000000000000000FFFCE
:10F63000FFE0000000000000000000000000003FAC
:10F64000FC00000000000000006000007800007C6A
:10F6500000006E000067801C63801E678007FE004C
:10F6600003FC0001F00000F00003FC0007FE000EA8
:10F6700067801C6380006780006E00007C0000785B
:10F680000000600006000007000007800003C000C3
:10F6900001C40000FC00003E00007F00033F0005A5
:10F6A000FE0000FF00002380A431C0B410E0D3208E
:10F6B000704800202600003300001C0000070000F6
:10F6C00000000048010000000000004801000000A8
:10F6D0000000004801000000000000480100000098
:10F6E0000000004801000000000000480100000088
:10F6F0000000004801000000000000480100000078
:10F700000000004801000000000000480100000067
:10F710000000004801000000000000480100000057
:10F720000000004801000000000000480100000047
:10F730000000004801000000000000480100000037
:10F740000000004801000000000000480100000027
:10F750000000004801000000000000480100000017
:10F760000000004801000000000000480100000007
:10F7700000000048010000000000004801000000F7
:10F7800000000048010000000000004801000000E7
:10F7900000000048010000000000004801000000D7
:10F7A00000000048010000000000004801000000C7
:10F7B00000000048010000000000004801000000B7
:10F7C00000000048010000000000004801000000A7
:10F7D0000000004801000000000000480100000097
:10F7E0000000004801000000000000480100000087
:10F7F00054454D504C4154450000000053544D3386
:10F8000032205669727475616C20436F6D506F724F
:10F810007400000053544D6963726F656C656374C6
:10F82000726F6E696373000043444320436F6E66DA
:10F830006967000043444320496E746572666163E2
:10F8400065000000FEDCBA0987654321FEDCBA09C9
:10F8500087654321123456789ABCDEF0123456780C
:10F860009ABCDEF0EEDDCCBBAA1100000100020064
:10F870000400060008000A000C00100020004000F0
:10F8800080000001080402040801010101010103D4
:04F89000070100006C
:08F894001809FF7F01000000CC
:04F89C0061010008FE
:04F8A0003D0100081E
:10F8A400010000001000000000093D000C094B6F2E
:10F8B4006C6C656B7469765F47002C01FFFFFFFF7A
:10F8C400FFFFFFFF1A03000000000000000000001B
:10F8D4000000000000000000000000000000000024
:10F8E4000403090412010002020200408304405789
:10F8F400000201020301000041AB00084DAB000807
:10F9040011AC0008EDAB0008D9AB00082DAC000821
:10F9140051AC00080DAD000875AC000879AC0008C6
:10F92400F1AC0008EDAC000800C2010000000800C2
:10F9340009024300020100C032090400000102026E
:10F944000100052400100105240100010424020221
:10F9540005240600010705820308001009040100BC
:10F96400020A0000000705010240000007058102A9
:10F97400400000001FBC0008BBBB0008A1BA00087F
:10F9840000000000C9B8000825BA0008EDB9000855
:10F99400000000000000000000000000A5B90008FD
:10F9A4005DB9000815B9000809B900080A06000283
:08F9B40000000040010000000A
:10F9BC00000000000000000000000000000000003B
:10F9CC00000000000000000000000000000000002B
:10F9DC00000000000000000000000000000000001B
:08F9EC00000000000000000013
:10F9F4000000000000000000000000000000000003
:04FA040000000000FE
:10FA080000000000000000000000000000000000EE
:10FA180000000000000000000000000000000000DE
:10FA280000000000000000000000000000000000CE
:10FA380000000000000000000000000000000000BE
:10FA480000000000000000000000000000000000AE
:10FA5800000000000000000000000000000000009E
:10FA6800000000000000000000000000000000008E
:10FA7800000000000000000000000000000000007E
:10FA8800000000000000000000000000000000006E
:10FA9800000000000000000000000000000000005E
:10FAA800000000000000000000000000000000004E
:10FAB800000000000000000000000000000000003E
:10FAC800000000000000000000000000000000002E
:10FAD800000000000000000000000000000000001E
:10FAE800000000000000000000000000000000000E
:10FAF80000000000000000000000000000000000FE
:10FB080000000000000000000000000000000000ED
:10FB180000000000000000000000000000000000DD
:10FB280000000000000000000000000000000000CD
:10FB380000000000000000000000000000000000BD
:10FB480000000000000000000000000000000000AD
:10FB5800000000000000000000000000000000009D
:10FB6800000000000000000000000000000000008D
:10FB7800000000000000000000000000000000007D
:10FB8800000000000000000000000000000000006D
:10FB9800000000000000000000000000000000005D
:10FBA800000000000000000000000000000000004D
:10FBB800000000000000000000000000000000003D
:10FBC800000000000000000000000000000000002D
:10FBD800000000000000000000000000000000001D
:10FBE800000000000000000000000000000000000D
:10FBF80000000000000000000000000000000000FD
:10FC080000000000000000000000000000000000EC
:10FC180000000000000000000000000000000000DC
:10FC280000000000000000000000000000000000CC
:10FC380000000000000000000000000000000000BC
:10FC480000000000000000000000000000000000AC
:10FC5800000000000000000000000000000000009C
:10FC6800000000000000000000000000000000008C
:10FC7800000000000000000000000000000000007C
:10FC8800000000000000000000000000000000006C
:10FC9800000000000000000000000000000000005C
:10FCA800000000000000000000000000000000004C
:10FCB800000000000000000000000000000000003C
:10FCC800000000000000000000000000000000002C
:10FCD800000000000000000000000000000000001C
:10FCE800000000000000000000000000000000000C
:10FCF80000000000000000000000000000000000FC
:10FD080000000000000000000000000000000000EB
:10FD180000000000000000000000000000000000DB
:10FD280000000000000000000000000000000000CB
:10FD380000000000000000000000000000000000BB
:10FD480000000000000000000000000000000000AB
:10FD5800000000000000000000000000000000009B
:10FD6800000000000000000000000000000000008B
:10FD7800000000000000000000000000000000007B
:10FD8800000000000000000000000000000000006B
:10FD9800000000000000000000000000000000005B
:10FDA800000000000000000000000000000000004B
:10FDB800000000000000000000000000000000003B
:10FDC800000000000000000000000000000000002B
:10FDD800000000000000000000000000000000001B
:10FDE800000000000000000000000000000000000B
:10FDF80000000000000000000000000000000000FB
:10FE080000000000000000000000000000000000EA
:10FE180000000000000000000000000000000000DA
:10FE280000000000000000000000000000000000CA
:10FE380000000000000000000000000000000000BA
:10FE480000000000000000000000000000000000AA
:10FE5800000000000000000000000000000000009A
:10FE6800000000000000000000000000000000008A
:10FE7800000000000000000000000000000000007A
:10FE8800000000000000000000000000000000006A
:10FE9800000000000000000000000000000000005A
:10FEA800000000000000000000000000000000004A
:10FEB800000000000000000000000000000000003A
:10FEC800000000000000000000000000000000002A
:10FED800000000000000000000000000000000001A
:10FEE800000000000000000000000000000000000A
:10FEF80000000000000000000000000000000000FA
:10FF080000000000000000000000000000000000E9
:10FF180000000000000000000000000000000000D9
:10FF280000000000000000000000000000000000C9
:10FF380000000000000000000000000000000000B9
:10FF480000000000000000000000000000000000A9
:10FF58000000000000000000000000000000000099
:10FF68000000000000000000000000000000000089
:10FF78000000000000000000000000000000000079
:10FF88000000000000000000000000000000000069
:10FF98000000000000000000000000000000000059
:10FFA8000000000000000000000000000000000049
:10FFB8000000000000000000000000000000000039
:10FFC8000000000000000000000000000000000029
:10FFD8000000000000000000000000000000000019
:10FFE8000000000000000000000000000000000009
:08FFF800000000000000000001
:020000040801F1
:1000000000000000000000000000000000000000F0
:1000100000000000000000000000000000000000E0
:1000200000000000000000000000000000000000D0
:1000300000000000000000000000000000000000C0
:1000400000000000000000000000000000000000B0
:1000500000000000000000000000000000000000A0
:100060000000000000000000000000000000000090
:100070000000000000000000000000000000000080
:100080000000000000000000000000000000000070
:100090000000000000000000000000000000000060
:1000A0000000000000000000000000000000000050
:1000B0000000000000000000000000000000000040
:1000C0000000000000000000000000000000000030
:1000D0000000000000000000000000000000000020
:1000E0000000000000000000000000000000000010
:1000F0000000000000000000000000000000000000
:1001000000000000000000000000000000000000EF
:1001100000000000000000000000000000000000DF
:1001200000000000000000000000000000000000CF
:1001300000000000000000000000000000000000BF
:1001400000000000000000000000000000000000AF
:10015000000000000000000000000000000000009F
:10016000000000000000000000000000000000008F
:10017000000000000000000000000000000000007F
:10018000000000000000000000000000000000006F
:10019000000000000000000000000000000000005F
:1001A000000000000000000000000000000000004F
:1001B000000000000000000000000000000000003F
:1001C000000000000000000000000000000000002F
:1001D000000000000000000000000000000000001F
:1001E000000000000000000000000000000000000F
:1001F00000000000000000000000000000000000FF
:1002000000000000000000000000000000000000EE
:1002100000000000000000000000000000000000DE
:1002200000000000000000000000000000000000CE
:1002300000000000000000000000000000000000BE
:1002400000000000000000000000000000000000AE
:10025000000000000000000000000000000000009E
:10026000000000000000000000000000000000008E
:10027000000000000000000000000000000000007E
:0B028000000000000000000000000073
:040000050800C479B2
:00000001FF
