ARM GAS  C:\Users\bku598\AppData\Local\Temp\ccPOR4r7.s 			page 1


   1              		.cpu cortex-m4
   2              		.arch armv7e-m
   3              		.fpu fpv4-sp-d16
   4              		.eabi_attribute 27, 1
   5              		.eabi_attribute 28, 1
   6              		.eabi_attribute 20, 1
   7              		.eabi_attribute 21, 1
   8              		.eabi_attribute 23, 3
   9              		.eabi_attribute 24, 1
  10              		.eabi_attribute 25, 1
  11              		.eabi_attribute 26, 1
  12              		.eabi_attribute 30, 1
  13              		.eabi_attribute 34, 1
  14              		.eabi_attribute 18, 4
  15              		.file	"main.c"
  16              		.text
  17              	.Ltext0:
  18              		.cfi_sections	.debug_frame
  19              		.file 1 "Core/Src/main.c"
  20              		.section	.text.MX_GPIO_Init,"ax",%progbits
  21              		.align	1
  22              		.syntax unified
  23              		.thumb
  24              		.thumb_func
  26              	MX_GPIO_Init:
  27              	.LFB1429:
   1:Core/Src/main.c **** /* USER CODE BEGIN Header */
   2:Core/Src/main.c **** /**
   3:Core/Src/main.c ****   ******************************************************************************
   4:Core/Src/main.c ****   * @file           : main.c
   5:Core/Src/main.c ****   * @brief          : Main program body
   6:Core/Src/main.c ****   ******************************************************************************
   7:Core/Src/main.c ****   * @attention
   8:Core/Src/main.c ****   *
   9:Core/Src/main.c ****   * Copyright (c) 2026 STMicroelectronics.
  10:Core/Src/main.c ****   * All rights reserved.
  11:Core/Src/main.c ****   *
  12:Core/Src/main.c ****   * This software is licensed under terms that can be found in the LICENSE file
  13:Core/Src/main.c ****   * in the root directory of this software component.
  14:Core/Src/main.c ****   * If no LICENSE file comes with this software, it is provided AS-IS.
  15:Core/Src/main.c ****   *
  16:Core/Src/main.c ****   ******************************************************************************
  17:Core/Src/main.c ****   */
  18:Core/Src/main.c **** /* USER CODE END Header */
  19:Core/Src/main.c **** /* Includes ------------------------------------------------------------------*/
  20:Core/Src/main.c **** #include "main.h"
  21:Core/Src/main.c **** #include "usb_device.h"
  22:Core/Src/main.c **** 
  23:Core/Src/main.c **** /* Private includes ----------------------------------------------------------*/
  24:Core/Src/main.c **** /* USER CODE BEGIN Includes */
  25:Core/Src/main.c **** 
  26:Core/Src/main.c **** /* USER CODE END Includes */
  27:Core/Src/main.c **** 
  28:Core/Src/main.c **** /* Private typedef -----------------------------------------------------------*/
  29:Core/Src/main.c **** /* USER CODE BEGIN PTD */
  30:Core/Src/main.c **** typedef enum {
  31:Core/Src/main.c ****   MAIN_MENU,
ARM GAS  C:\Users\bku598\AppData\Local\Temp\ccPOR4r7.s 			page 2


  32:Core/Src/main.c ****   MEASURING,
  33:Core/Src/main.c ****   SENDING
  34:Core/Src/main.c **** }menuState;
  35:Core/Src/main.c **** 
  36:Core/Src/main.c **** typedef enum {
  37:Core/Src/main.c ****   CUR_START,
  38:Core/Src/main.c ****   CUR_SEND
  39:Core/Src/main.c **** }menuCursor;
  40:Core/Src/main.c **** 
  41:Core/Src/main.c **** menuState currentLvl = MAIN_MENU;
  42:Core/Src/main.c **** menuCursor currentCur = CUR_START;
  43:Core/Src/main.c **** 
  44:Core/Src/main.c **** /* USER CODE END PTD */
  45:Core/Src/main.c **** 
  46:Core/Src/main.c **** /* Private define ------------------------------------------------------------*/
  47:Core/Src/main.c **** /* USER CODE BEGIN PD */
  48:Core/Src/main.c **** 
  49:Core/Src/main.c **** uint8_t tastScheduler = 0;
  50:Core/Src/main.c **** uint8_t stateChange = 1;
  51:Core/Src/main.c **** uint8_t cursorChange = 1;
  52:Core/Src/main.c **** 
  53:Core/Src/main.c **** extern uint8_t usbConnected;
  54:Core/Src/main.c **** /* USER CODE END PD */
  55:Core/Src/main.c **** 
  56:Core/Src/main.c **** /* Private macro -------------------------------------------------------------*/
  57:Core/Src/main.c **** /* USER CODE BEGIN PM */
  58:Core/Src/main.c **** 
  59:Core/Src/main.c **** /* USER CODE END PM */
  60:Core/Src/main.c **** 
  61:Core/Src/main.c **** /* Private variables ---------------------------------------------------------*/
  62:Core/Src/main.c **** ADC_HandleTypeDef hadc1;
  63:Core/Src/main.c **** 
  64:Core/Src/main.c **** I2C_HandleTypeDef hi2c1;
  65:Core/Src/main.c **** 
  66:Core/Src/main.c **** IPCC_HandleTypeDef hipcc;
  67:Core/Src/main.c **** 
  68:Core/Src/main.c **** UART_HandleTypeDef hlpuart1;
  69:Core/Src/main.c **** DMA_HandleTypeDef hdma_lpuart1_rx;
  70:Core/Src/main.c **** 
  71:Core/Src/main.c **** QSPI_HandleTypeDef hqspi;
  72:Core/Src/main.c **** 
  73:Core/Src/main.c **** RNG_HandleTypeDef hrng;
  74:Core/Src/main.c **** 
  75:Core/Src/main.c **** RTC_HandleTypeDef hrtc;
  76:Core/Src/main.c **** 
  77:Core/Src/main.c **** TIM_HandleTypeDef htim16;
  78:Core/Src/main.c **** 
  79:Core/Src/main.c **** /* USER CODE BEGIN PV */
  80:Core/Src/main.c **** 
  81:Core/Src/main.c **** /* USER CODE END PV */
  82:Core/Src/main.c **** 
  83:Core/Src/main.c **** /* Private function prototypes -----------------------------------------------*/
  84:Core/Src/main.c **** void SystemClock_Config(void);
  85:Core/Src/main.c **** void PeriphCommonClock_Config(void);
  86:Core/Src/main.c **** static void MX_GPIO_Init(void);
  87:Core/Src/main.c **** static void MX_DMA_Init(void);
  88:Core/Src/main.c **** static void MX_I2C1_Init(void);
ARM GAS  C:\Users\bku598\AppData\Local\Temp\ccPOR4r7.s 			page 3


  89:Core/Src/main.c **** static void MX_TIM16_Init(void);
  90:Core/Src/main.c **** static void MX_IPCC_Init(void);
  91:Core/Src/main.c **** static void MX_RTC_Init(void);
  92:Core/Src/main.c **** static void MX_LPUART1_UART_Init(void);
  93:Core/Src/main.c **** static void MX_QUADSPI_Init(void);
  94:Core/Src/main.c **** static void MX_ADC1_Init(void);
  95:Core/Src/main.c **** static void MX_RNG_Init(void);
  96:Core/Src/main.c **** static void MX_RF_Init(void);
  97:Core/Src/main.c **** /* USER CODE BEGIN PFP */
  98:Core/Src/main.c **** 
  99:Core/Src/main.c **** /* USER CODE END PFP */
 100:Core/Src/main.c **** 
 101:Core/Src/main.c **** /* Private user code ---------------------------------------------------------*/
 102:Core/Src/main.c **** /* USER CODE BEGIN 0 */
 103:Core/Src/main.c **** 
 104:Core/Src/main.c **** /* USER CODE END 0 */
 105:Core/Src/main.c **** 
 106:Core/Src/main.c **** /**
 107:Core/Src/main.c ****   * @brief  The application entry point.
 108:Core/Src/main.c ****   * @retval int
 109:Core/Src/main.c ****   */
 110:Core/Src/main.c **** int main(void)
 111:Core/Src/main.c **** {
 112:Core/Src/main.c **** 
 113:Core/Src/main.c ****   /* USER CODE BEGIN 1 */
 114:Core/Src/main.c **** 
 115:Core/Src/main.c ****   /* USER CODE END 1 */
 116:Core/Src/main.c **** 
 117:Core/Src/main.c ****   /* MCU Configuration--------------------------------------------------------*/
 118:Core/Src/main.c **** 
 119:Core/Src/main.c ****   /* Reset of all peripherals, Initializes the Flash interface and the Systick. */
 120:Core/Src/main.c ****   HAL_Init();
 121:Core/Src/main.c ****   /* Config code for STM32_WPAN (HSE Tuning must be done before system clock configuration) */
 122:Core/Src/main.c ****   MX_APPE_Config();
 123:Core/Src/main.c **** 
 124:Core/Src/main.c ****   /* USER CODE BEGIN Init */
 125:Core/Src/main.c ****   /* USER CODE END Init */
 126:Core/Src/main.c **** 
 127:Core/Src/main.c ****   /* Configure the system clock */
 128:Core/Src/main.c ****   SystemClock_Config();
 129:Core/Src/main.c **** 
 130:Core/Src/main.c ****   /* Configure the peripherals common clocks */
 131:Core/Src/main.c ****   PeriphCommonClock_Config();
 132:Core/Src/main.c **** 
 133:Core/Src/main.c ****   /* IPCC initialisation */
 134:Core/Src/main.c ****   MX_IPCC_Init();
 135:Core/Src/main.c **** 
 136:Core/Src/main.c ****   /* USER CODE BEGIN SysInit */
 137:Core/Src/main.c **** 
 138:Core/Src/main.c ****   /* USER CODE END SysInit */
 139:Core/Src/main.c **** 
 140:Core/Src/main.c ****   /* Initialize all configured peripherals */
 141:Core/Src/main.c ****   MX_GPIO_Init();
 142:Core/Src/main.c ****   MX_DMA_Init();
 143:Core/Src/main.c ****   MX_I2C1_Init();
 144:Core/Src/main.c ****   MX_TIM16_Init();
 145:Core/Src/main.c ****   MX_RTC_Init();
ARM GAS  C:\Users\bku598\AppData\Local\Temp\ccPOR4r7.s 			page 4


 146:Core/Src/main.c ****   MX_LPUART1_UART_Init();
 147:Core/Src/main.c ****   MX_QUADSPI_Init();
 148:Core/Src/main.c ****   MX_USB_Device_Init();
 149:Core/Src/main.c ****   MX_ADC1_Init();
 150:Core/Src/main.c ****   MX_RNG_Init();
 151:Core/Src/main.c ****   MX_RF_Init();
 152:Core/Src/main.c ****   /* USER CODE BEGIN 2 */
 153:Core/Src/main.c ****   
 154:Core/Src/main.c ****   BMI270_Configure();
 155:Core/Src/main.c ****   
 156:Core/Src/main.c ****   GPS_Start();
 157:Core/Src/main.c ****   
 158:Core/Src/main.c ****   BME280_Config(OSRS_2, OSRS_16, OSRS_1, MODE_NORMAL, T_SB_0p5, IIR_16);
 159:Core/Src/main.c ****   
 160:Core/Src/main.c ****   // Flash configuration
 161:Core/Src/main.c ****   Enable_4BYTEMODE();
 162:Core/Src/main.c **** 
 163:Core/Src/main.c ****   //Display initiation
 164:Core/Src/main.c ****   Oled_init();
 165:Core/Src/main.c ****   Oled_Clear(0x00);
 166:Core/Src/main.c ****   Oled_Update();
 167:Core/Src/main.c ****   //Oled_introScreen();
 168:Core/Src/main.c **** 
 169:Core/Src/main.c ****   findStartPos();
 170:Core/Src/main.c **** 
 171:Core/Src/main.c ****   HAL_HSEM_FastTake(5); // Lock semaphore 5. If not BLE will stop the USB clock
 172:Core/Src/main.c **** 
 173:Core/Src/main.c ****   /* USER CODE END 2 */
 174:Core/Src/main.c **** 
 175:Core/Src/main.c ****   /* Init code for STM32_WPAN */
 176:Core/Src/main.c ****   MX_APPE_Init();
 177:Core/Src/main.c **** 
 178:Core/Src/main.c ****   /* Infinite loop */
 179:Core/Src/main.c ****   /* USER CODE BEGIN WHILE */
 180:Core/Src/main.c ****   while (1)
 181:Core/Src/main.c ****   {
 182:Core/Src/main.c **** 
 183:Core/Src/main.c ****     switch(currentLvl)
 184:Core/Src/main.c ****     {
 185:Core/Src/main.c **** 
 186:Core/Src/main.c ****       case MAIN_MENU:
 187:Core/Src/main.c ****         if(stateChange)
 188:Core/Src/main.c ****         {
 189:Core/Src/main.c ****           mainMenu();
 190:Core/Src/main.c ****           stateChange = 0;
 191:Core/Src/main.c ****         }
 192:Core/Src/main.c **** 
 193:Core/Src/main.c ****         if(cursorChange)
 194:Core/Src/main.c ****         {
 195:Core/Src/main.c ****           if(currentCur == CUR_START)
 196:Core/Src/main.c ****           {
 197:Core/Src/main.c ****             DrawCircle(10, 19, 2, 0x0F);
 198:Core/Src/main.c ****             DrawCircle(10, 39, 2, 0x00);
 199:Core/Src/main.c ****           }
 200:Core/Src/main.c ****           else{
 201:Core/Src/main.c ****             DrawCircle(10, 39, 2, 0x0F);
 202:Core/Src/main.c ****             DrawCircle(10, 19, 2, 0x00);
ARM GAS  C:\Users\bku598\AppData\Local\Temp\ccPOR4r7.s 			page 5


 203:Core/Src/main.c ****           }
 204:Core/Src/main.c **** 
 205:Core/Src/main.c ****           SSD1327_UpdateArea(8, 17, 14, 43, NULL);
 206:Core/Src/main.c **** 
 207:Core/Src/main.c ****           gpsLogo();
 208:Core/Src/main.c **** 
 209:Core/Src/main.c ****           cursorChange = 0;
 210:Core/Src/main.c ****         }
 211:Core/Src/main.c ****         break;
 212:Core/Src/main.c **** 
 213:Core/Src/main.c ****       case MEASURING:
 214:Core/Src/main.c **** 
 215:Core/Src/main.c ****         if(stateChange)
 216:Core/Src/main.c ****         {
 217:Core/Src/main.c ****           Oled_Clear(0x00);
 218:Core/Src/main.c ****           Oled_Draw1BitImage(107,0, icon_gps_20x20, ICON_GPS_W, ICON_GPS_H, 0x05);
 219:Core/Src/main.c ****           oled_numSV();
 220:Core/Src/main.c ****           Oled_Update();
 221:Core/Src/main.c ****           stateChange = 0;
 222:Core/Src/main.c ****         }
 223:Core/Src/main.c **** 
 224:Core/Src/main.c ****         gpsLogo();
 225:Core/Src/main.c ****         Oled_updateNumSV();
 226:Core/Src/main.c **** 
 227:Core/Src/main.c ****         if (tastScheduler >= 1){
 228:Core/Src/main.c ****           //gpsLogo();
 229:Core/Src/main.c ****           if(GPS_connected)  // Check if gps has good connection before storing data.
 230:Core/Src/main.c ****           {
 231:Core/Src/main.c ****             packageDataToMem();
 232:Core/Src/main.c ****             sendPackageToMem();
 233:Core/Src/main.c ****           }
 234:Core/Src/main.c ****           tastScheduler = 0;
 235:Core/Src/main.c ****         }
 236:Core/Src/main.c ****         break;
 237:Core/Src/main.c ****       case SENDING:
 238:Core/Src/main.c **** 
 239:Core/Src/main.c ****         if(stateChange)
 240:Core/Src/main.c ****         {
 241:Core/Src/main.c ****           Oled_Clear(0x00);
 242:Core/Src/main.c ****           Oled_Update();
 243:Core/Src/main.c ****           stateChange = 0;
 244:Core/Src/main.c ****         }
 245:Core/Src/main.c **** 
 246:Core/Src/main.c ****         if(Custom_STN_NotificationEnabled()) // Check if someone is connected via BLE and has notif
 247:Core/Src/main.c ****         {
 248:Core/Src/main.c ****           sendDataStepByStep();
 249:Core/Src/main.c ****         }
 250:Core/Src/main.c ****         if(usbConnected) // Check if someone is connected via USB
 251:Core/Src/main.c ****         {
 252:Core/Src/main.c ****           sendDataUSB();
 253:Core/Src/main.c ****         }
 254:Core/Src/main.c **** 
 255:Core/Src/main.c ****         break;
 256:Core/Src/main.c ****     }
 257:Core/Src/main.c ****     /* USER CODE END WHILE */
 258:Core/Src/main.c ****     MX_APPE_Process();
 259:Core/Src/main.c **** 
ARM GAS  C:\Users\bku598\AppData\Local\Temp\ccPOR4r7.s 			page 6


 260:Core/Src/main.c ****     /* USER CODE BEGIN 3 */
 261:Core/Src/main.c ****   }
 262:Core/Src/main.c ****   /* USER CODE END 3 */
 263:Core/Src/main.c **** }
 264:Core/Src/main.c **** 
 265:Core/Src/main.c **** /**
 266:Core/Src/main.c ****   * @brief System Clock Configuration
 267:Core/Src/main.c ****   * @retval None
 268:Core/Src/main.c ****   */
 269:Core/Src/main.c **** void SystemClock_Config(void)
 270:Core/Src/main.c **** {
 271:Core/Src/main.c ****   RCC_OscInitTypeDef RCC_OscInitStruct = {0};
 272:Core/Src/main.c ****   RCC_ClkInitTypeDef RCC_ClkInitStruct = {0};
 273:Core/Src/main.c ****   RCC_CRSInitTypeDef RCC_CRSInitStruct = {0};
 274:Core/Src/main.c **** 
 275:Core/Src/main.c ****   /** Configure LSE Drive Capability
 276:Core/Src/main.c ****   */
 277:Core/Src/main.c ****   HAL_PWR_EnableBkUpAccess();
 278:Core/Src/main.c ****   __HAL_RCC_LSEDRIVE_CONFIG(RCC_LSEDRIVE_MEDIUMHIGH);
 279:Core/Src/main.c **** 
 280:Core/Src/main.c ****   /** Configure the main internal regulator output voltage
 281:Core/Src/main.c ****   */
 282:Core/Src/main.c ****   __HAL_PWR_VOLTAGESCALING_CONFIG(PWR_REGULATOR_VOLTAGE_SCALE1);
 283:Core/Src/main.c **** 
 284:Core/Src/main.c ****   /** Initializes the RCC Oscillators according to the specified parameters
 285:Core/Src/main.c ****   * in the RCC_OscInitTypeDef structure.
 286:Core/Src/main.c ****   */
 287:Core/Src/main.c ****   RCC_OscInitStruct.OscillatorType = RCC_OSCILLATORTYPE_HSI|RCC_OSCILLATORTYPE_LSI1
 288:Core/Src/main.c ****                               |RCC_OSCILLATORTYPE_HSE|RCC_OSCILLATORTYPE_LSE;
 289:Core/Src/main.c ****   RCC_OscInitStruct.HSEState = RCC_HSE_ON;
 290:Core/Src/main.c ****   RCC_OscInitStruct.LSEState = RCC_LSE_ON;
 291:Core/Src/main.c ****   RCC_OscInitStruct.HSIState = RCC_HSI_ON;
 292:Core/Src/main.c ****   RCC_OscInitStruct.HSICalibrationValue = RCC_HSICALIBRATION_DEFAULT;
 293:Core/Src/main.c ****   RCC_OscInitStruct.LSIState = RCC_LSI_ON;
 294:Core/Src/main.c ****   RCC_OscInitStruct.PLL.PLLState = RCC_PLL_ON;
 295:Core/Src/main.c ****   RCC_OscInitStruct.PLL.PLLSource = RCC_PLLSOURCE_HSE;
 296:Core/Src/main.c ****   RCC_OscInitStruct.PLL.PLLM = RCC_PLLM_DIV2;
 297:Core/Src/main.c ****   RCC_OscInitStruct.PLL.PLLN = 8;
 298:Core/Src/main.c ****   RCC_OscInitStruct.PLL.PLLP = RCC_PLLP_DIV2;
 299:Core/Src/main.c ****   RCC_OscInitStruct.PLL.PLLR = RCC_PLLR_DIV2;
 300:Core/Src/main.c ****   RCC_OscInitStruct.PLL.PLLQ = RCC_PLLQ_DIV2;
 301:Core/Src/main.c ****   if (HAL_RCC_OscConfig(&RCC_OscInitStruct) != HAL_OK)
 302:Core/Src/main.c ****   {
 303:Core/Src/main.c ****     Error_Handler();
 304:Core/Src/main.c ****   }
 305:Core/Src/main.c **** 
 306:Core/Src/main.c ****   /** Configure the SYSCLKSource, HCLK, PCLK1 and PCLK2 clocks dividers
 307:Core/Src/main.c ****   */
 308:Core/Src/main.c ****   RCC_ClkInitStruct.ClockType = RCC_CLOCKTYPE_HCLK4|RCC_CLOCKTYPE_HCLK2
 309:Core/Src/main.c ****                               |RCC_CLOCKTYPE_HCLK|RCC_CLOCKTYPE_SYSCLK
 310:Core/Src/main.c ****                               |RCC_CLOCKTYPE_PCLK1|RCC_CLOCKTYPE_PCLK2;
 311:Core/Src/main.c ****   RCC_ClkInitStruct.SYSCLKSource = RCC_SYSCLKSOURCE_PLLCLK;
 312:Core/Src/main.c ****   RCC_ClkInitStruct.AHBCLKDivider = RCC_SYSCLK_DIV1;
 313:Core/Src/main.c ****   RCC_ClkInitStruct.APB1CLKDivider = RCC_HCLK_DIV1;
 314:Core/Src/main.c ****   RCC_ClkInitStruct.APB2CLKDivider = RCC_HCLK_DIV1;
 315:Core/Src/main.c ****   RCC_ClkInitStruct.AHBCLK2Divider = RCC_SYSCLK_DIV2;
 316:Core/Src/main.c ****   RCC_ClkInitStruct.AHBCLK4Divider = RCC_SYSCLK_DIV1;
ARM GAS  C:\Users\bku598\AppData\Local\Temp\ccPOR4r7.s 			page 7


 317:Core/Src/main.c **** 
 318:Core/Src/main.c ****   if (HAL_RCC_ClockConfig(&RCC_ClkInitStruct, FLASH_LATENCY_3) != HAL_OK)
 319:Core/Src/main.c ****   {
 320:Core/Src/main.c ****     Error_Handler();
 321:Core/Src/main.c ****   }
 322:Core/Src/main.c **** 
 323:Core/Src/main.c ****   /** Enable the SYSCFG APB clock
 324:Core/Src/main.c ****   */
 325:Core/Src/main.c ****   __HAL_RCC_CRS_CLK_ENABLE();
 326:Core/Src/main.c **** 
 327:Core/Src/main.c ****   /** Configures CRS
 328:Core/Src/main.c ****   */
 329:Core/Src/main.c ****   RCC_CRSInitStruct.Prescaler = RCC_CRS_SYNC_DIV1;
 330:Core/Src/main.c ****   RCC_CRSInitStruct.Source = RCC_CRS_SYNC_SOURCE_USB;
 331:Core/Src/main.c ****   RCC_CRSInitStruct.Polarity = RCC_CRS_SYNC_POLARITY_RISING;
 332:Core/Src/main.c ****   RCC_CRSInitStruct.ReloadValue = __HAL_RCC_CRS_RELOADVALUE_CALCULATE(48000000,1000);
 333:Core/Src/main.c ****   RCC_CRSInitStruct.ErrorLimitValue = 34;
 334:Core/Src/main.c ****   RCC_CRSInitStruct.HSI48CalibrationValue = 32;
 335:Core/Src/main.c **** 
 336:Core/Src/main.c ****   HAL_RCCEx_CRSConfig(&RCC_CRSInitStruct);
 337:Core/Src/main.c **** }
 338:Core/Src/main.c **** 
 339:Core/Src/main.c **** /**
 340:Core/Src/main.c ****   * @brief Peripherals Common Clock Configuration
 341:Core/Src/main.c ****   * @retval None
 342:Core/Src/main.c ****   */
 343:Core/Src/main.c **** void PeriphCommonClock_Config(void)
 344:Core/Src/main.c **** {
 345:Core/Src/main.c ****   RCC_PeriphCLKInitTypeDef PeriphClkInitStruct = {0};
 346:Core/Src/main.c **** 
 347:Core/Src/main.c ****   /** Initializes the peripherals clock
 348:Core/Src/main.c ****   */
 349:Core/Src/main.c ****   PeriphClkInitStruct.PeriphClockSelection = RCC_PERIPHCLK_SMPS|RCC_PERIPHCLK_RFWAKEUP
 350:Core/Src/main.c ****                               |RCC_PERIPHCLK_USB|RCC_PERIPHCLK_ADC;
 351:Core/Src/main.c ****   PeriphClkInitStruct.PLLSAI1.PLLN = 6;
 352:Core/Src/main.c ****   PeriphClkInitStruct.PLLSAI1.PLLP = RCC_PLLP_DIV2;
 353:Core/Src/main.c ****   PeriphClkInitStruct.PLLSAI1.PLLQ = RCC_PLLQ_DIV2;
 354:Core/Src/main.c ****   PeriphClkInitStruct.PLLSAI1.PLLR = RCC_PLLR_DIV2;
 355:Core/Src/main.c ****   PeriphClkInitStruct.PLLSAI1.PLLSAI1ClockOut = RCC_PLLSAI1_USBCLK|RCC_PLLSAI1_ADCCLK;
 356:Core/Src/main.c ****   PeriphClkInitStruct.UsbClockSelection = RCC_USBCLKSOURCE_PLLSAI1;
 357:Core/Src/main.c ****   PeriphClkInitStruct.AdcClockSelection = RCC_ADCCLKSOURCE_PLLSAI1;
 358:Core/Src/main.c ****   PeriphClkInitStruct.RFWakeUpClockSelection = RCC_RFWKPCLKSOURCE_LSE;
 359:Core/Src/main.c ****   PeriphClkInitStruct.SmpsClockSelection = RCC_SMPSCLKSOURCE_HSI;
 360:Core/Src/main.c ****   PeriphClkInitStruct.SmpsDivSelection = RCC_SMPSCLKDIV_RANGE1;
 361:Core/Src/main.c **** 
 362:Core/Src/main.c ****   if (HAL_RCCEx_PeriphCLKConfig(&PeriphClkInitStruct) != HAL_OK)
 363:Core/Src/main.c ****   {
 364:Core/Src/main.c ****     Error_Handler();
 365:Core/Src/main.c ****   }
 366:Core/Src/main.c ****   /* USER CODE BEGIN Smps */
 367:Core/Src/main.c **** 
 368:Core/Src/main.c ****   /* USER CODE END Smps */
 369:Core/Src/main.c **** }
 370:Core/Src/main.c **** 
 371:Core/Src/main.c **** /**
 372:Core/Src/main.c ****   * @brief ADC1 Initialization Function
 373:Core/Src/main.c ****   * @param None
ARM GAS  C:\Users\bku598\AppData\Local\Temp\ccPOR4r7.s 			page 8


 374:Core/Src/main.c ****   * @retval None
 375:Core/Src/main.c ****   */
 376:Core/Src/main.c **** static void MX_ADC1_Init(void)
 377:Core/Src/main.c **** {
 378:Core/Src/main.c **** 
 379:Core/Src/main.c ****   /* USER CODE BEGIN ADC1_Init 0 */
 380:Core/Src/main.c **** 
 381:Core/Src/main.c ****   /* USER CODE END ADC1_Init 0 */
 382:Core/Src/main.c **** 
 383:Core/Src/main.c ****   ADC_ChannelConfTypeDef sConfig = {0};
 384:Core/Src/main.c **** 
 385:Core/Src/main.c ****   /* USER CODE BEGIN ADC1_Init 1 */
 386:Core/Src/main.c **** 
 387:Core/Src/main.c ****   /* USER CODE END ADC1_Init 1 */
 388:Core/Src/main.c **** 
 389:Core/Src/main.c ****   /** Common config
 390:Core/Src/main.c ****   */
 391:Core/Src/main.c ****   hadc1.Instance = ADC1;
 392:Core/Src/main.c ****   hadc1.Init.ClockPrescaler = ADC_CLOCK_ASYNC_DIV1;
 393:Core/Src/main.c ****   hadc1.Init.Resolution = ADC_RESOLUTION_12B;
 394:Core/Src/main.c ****   hadc1.Init.DataAlign = ADC_DATAALIGN_RIGHT;
 395:Core/Src/main.c ****   hadc1.Init.ScanConvMode = ADC_SCAN_DISABLE;
 396:Core/Src/main.c ****   hadc1.Init.EOCSelection = ADC_EOC_SINGLE_CONV;
 397:Core/Src/main.c ****   hadc1.Init.LowPowerAutoWait = DISABLE;
 398:Core/Src/main.c ****   hadc1.Init.ContinuousConvMode = DISABLE;
 399:Core/Src/main.c ****   hadc1.Init.NbrOfConversion = 1;
 400:Core/Src/main.c ****   hadc1.Init.DiscontinuousConvMode = DISABLE;
 401:Core/Src/main.c ****   hadc1.Init.ExternalTrigConv = ADC_SOFTWARE_START;
 402:Core/Src/main.c ****   hadc1.Init.ExternalTrigConvEdge = ADC_EXTERNALTRIGCONVEDGE_NONE;
 403:Core/Src/main.c ****   hadc1.Init.DMAContinuousRequests = DISABLE;
 404:Core/Src/main.c ****   hadc1.Init.Overrun = ADC_OVR_DATA_PRESERVED;
 405:Core/Src/main.c ****   hadc1.Init.OversamplingMode = DISABLE;
 406:Core/Src/main.c ****   if (HAL_ADC_Init(&hadc1) != HAL_OK)
 407:Core/Src/main.c ****   {
 408:Core/Src/main.c ****     Error_Handler();
 409:Core/Src/main.c ****   }
 410:Core/Src/main.c **** 
 411:Core/Src/main.c ****   /** Configure Regular Channel
 412:Core/Src/main.c ****   */
 413:Core/Src/main.c ****   sConfig.Channel = ADC_CHANNEL_VREFINT;
 414:Core/Src/main.c ****   sConfig.Rank = ADC_REGULAR_RANK_1;
 415:Core/Src/main.c ****   sConfig.SamplingTime = ADC_SAMPLETIME_2CYCLES_5;
 416:Core/Src/main.c ****   sConfig.SingleDiff = ADC_SINGLE_ENDED;
 417:Core/Src/main.c ****   sConfig.OffsetNumber = ADC_OFFSET_NONE;
 418:Core/Src/main.c ****   sConfig.Offset = 0;
 419:Core/Src/main.c ****   if (HAL_ADC_ConfigChannel(&hadc1, &sConfig) != HAL_OK)
 420:Core/Src/main.c ****   {
 421:Core/Src/main.c ****     Error_Handler();
 422:Core/Src/main.c ****   }
 423:Core/Src/main.c ****   /* USER CODE BEGIN ADC1_Init 2 */
 424:Core/Src/main.c **** 
 425:Core/Src/main.c ****   /* USER CODE END ADC1_Init 2 */
 426:Core/Src/main.c **** 
 427:Core/Src/main.c **** }
 428:Core/Src/main.c **** 
 429:Core/Src/main.c **** /**
 430:Core/Src/main.c ****   * @brief I2C1 Initialization Function
ARM GAS  C:\Users\bku598\AppData\Local\Temp\ccPOR4r7.s 			page 9


 431:Core/Src/main.c ****   * @param None
 432:Core/Src/main.c ****   * @retval None
 433:Core/Src/main.c ****   */
 434:Core/Src/main.c **** static void MX_I2C1_Init(void)
 435:Core/Src/main.c **** {
 436:Core/Src/main.c **** 
 437:Core/Src/main.c ****   /* USER CODE BEGIN I2C1_Init 0 */
 438:Core/Src/main.c **** 
 439:Core/Src/main.c ****   /* USER CODE END I2C1_Init 0 */
 440:Core/Src/main.c **** 
 441:Core/Src/main.c ****   /* USER CODE BEGIN I2C1_Init 1 */
 442:Core/Src/main.c **** 
 443:Core/Src/main.c ****   /* USER CODE END I2C1_Init 1 */
 444:Core/Src/main.c ****   hi2c1.Instance = I2C1;
 445:Core/Src/main.c ****   hi2c1.Init.Timing = 0x00910B1C;
 446:Core/Src/main.c ****   hi2c1.Init.OwnAddress1 = 0;
 447:Core/Src/main.c ****   hi2c1.Init.AddressingMode = I2C_ADDRESSINGMODE_7BIT;
 448:Core/Src/main.c ****   hi2c1.Init.DualAddressMode = I2C_DUALADDRESS_DISABLE;
 449:Core/Src/main.c ****   hi2c1.Init.OwnAddress2 = 0;
 450:Core/Src/main.c ****   hi2c1.Init.OwnAddress2Masks = I2C_OA2_NOMASK;
 451:Core/Src/main.c ****   hi2c1.Init.GeneralCallMode = I2C_GENERALCALL_DISABLE;
 452:Core/Src/main.c ****   hi2c1.Init.NoStretchMode = I2C_NOSTRETCH_DISABLE;
 453:Core/Src/main.c ****   if (HAL_I2C_Init(&hi2c1) != HAL_OK)
 454:Core/Src/main.c ****   {
 455:Core/Src/main.c ****     Error_Handler();
 456:Core/Src/main.c ****   }
 457:Core/Src/main.c **** 
 458:Core/Src/main.c ****   /** Configure Analogue filter
 459:Core/Src/main.c ****   */
 460:Core/Src/main.c ****   if (HAL_I2CEx_ConfigAnalogFilter(&hi2c1, I2C_ANALOGFILTER_ENABLE) != HAL_OK)
 461:Core/Src/main.c ****   {
 462:Core/Src/main.c ****     Error_Handler();
 463:Core/Src/main.c ****   }
 464:Core/Src/main.c **** 
 465:Core/Src/main.c ****   /** Configure Digital filter
 466:Core/Src/main.c ****   */
 467:Core/Src/main.c ****   if (HAL_I2CEx_ConfigDigitalFilter(&hi2c1, 0) != HAL_OK)
 468:Core/Src/main.c ****   {
 469:Core/Src/main.c ****     Error_Handler();
 470:Core/Src/main.c ****   }
 471:Core/Src/main.c **** 
 472:Core/Src/main.c ****   /** I2C Enable Fast Mode Plus
 473:Core/Src/main.c ****   */
 474:Core/Src/main.c ****   HAL_I2CEx_EnableFastModePlus(I2C_FASTMODEPLUS_I2C1);
 475:Core/Src/main.c ****   /* USER CODE BEGIN I2C1_Init 2 */
 476:Core/Src/main.c **** 
 477:Core/Src/main.c ****   /* USER CODE END I2C1_Init 2 */
 478:Core/Src/main.c **** 
 479:Core/Src/main.c **** }
 480:Core/Src/main.c **** 
 481:Core/Src/main.c **** /**
 482:Core/Src/main.c ****   * @brief IPCC Initialization Function
 483:Core/Src/main.c ****   * @param None
 484:Core/Src/main.c ****   * @retval None
 485:Core/Src/main.c ****   */
 486:Core/Src/main.c **** static void MX_IPCC_Init(void)
 487:Core/Src/main.c **** {
ARM GAS  C:\Users\bku598\AppData\Local\Temp\ccPOR4r7.s 			page 10


 488:Core/Src/main.c **** 
 489:Core/Src/main.c ****   /* USER CODE BEGIN IPCC_Init 0 */
 490:Core/Src/main.c **** 
 491:Core/Src/main.c ****   /* USER CODE END IPCC_Init 0 */
 492:Core/Src/main.c **** 
 493:Core/Src/main.c ****   /* USER CODE BEGIN IPCC_Init 1 */
 494:Core/Src/main.c **** 
 495:Core/Src/main.c ****   /* USER CODE END IPCC_Init 1 */
 496:Core/Src/main.c ****   hipcc.Instance = IPCC;
 497:Core/Src/main.c ****   if (HAL_IPCC_Init(&hipcc) != HAL_OK)
 498:Core/Src/main.c ****   {
 499:Core/Src/main.c ****     Error_Handler();
 500:Core/Src/main.c ****   }
 501:Core/Src/main.c ****   /* USER CODE BEGIN IPCC_Init 2 */
 502:Core/Src/main.c **** 
 503:Core/Src/main.c ****   /* USER CODE END IPCC_Init 2 */
 504:Core/Src/main.c **** 
 505:Core/Src/main.c **** }
 506:Core/Src/main.c **** 
 507:Core/Src/main.c **** /**
 508:Core/Src/main.c ****   * @brief LPUART1 Initialization Function
 509:Core/Src/main.c ****   * @param None
 510:Core/Src/main.c ****   * @retval None
 511:Core/Src/main.c ****   */
 512:Core/Src/main.c **** static void MX_LPUART1_UART_Init(void)
 513:Core/Src/main.c **** {
 514:Core/Src/main.c **** 
 515:Core/Src/main.c ****   /* USER CODE BEGIN LPUART1_Init 0 */
 516:Core/Src/main.c **** 
 517:Core/Src/main.c ****   /* USER CODE END LPUART1_Init 0 */
 518:Core/Src/main.c **** 
 519:Core/Src/main.c ****   /* USER CODE BEGIN LPUART1_Init 1 */
 520:Core/Src/main.c **** 
 521:Core/Src/main.c ****   /* USER CODE END LPUART1_Init 1 */
 522:Core/Src/main.c ****   hlpuart1.Instance = LPUART1;
 523:Core/Src/main.c ****   hlpuart1.Init.BaudRate = 38400;
 524:Core/Src/main.c ****   hlpuart1.Init.WordLength = UART_WORDLENGTH_8B;
 525:Core/Src/main.c ****   hlpuart1.Init.StopBits = UART_STOPBITS_1;
 526:Core/Src/main.c ****   hlpuart1.Init.Parity = UART_PARITY_NONE;
 527:Core/Src/main.c ****   hlpuart1.Init.Mode = UART_MODE_RX;
 528:Core/Src/main.c ****   hlpuart1.Init.HwFlowCtl = UART_HWCONTROL_NONE;
 529:Core/Src/main.c ****   hlpuart1.Init.OneBitSampling = UART_ONE_BIT_SAMPLE_DISABLE;
 530:Core/Src/main.c ****   hlpuart1.Init.ClockPrescaler = UART_PRESCALER_DIV1;
 531:Core/Src/main.c ****   hlpuart1.AdvancedInit.AdvFeatureInit = UART_ADVFEATURE_NO_INIT;
 532:Core/Src/main.c ****   if (HAL_HalfDuplex_Init(&hlpuart1) != HAL_OK)
 533:Core/Src/main.c ****   {
 534:Core/Src/main.c ****     Error_Handler();
 535:Core/Src/main.c ****   }
 536:Core/Src/main.c ****   if (HAL_UARTEx_SetTxFifoThreshold(&hlpuart1, UART_TXFIFO_THRESHOLD_1_8) != HAL_OK)
 537:Core/Src/main.c ****   {
 538:Core/Src/main.c ****     Error_Handler();
 539:Core/Src/main.c ****   }
 540:Core/Src/main.c ****   if (HAL_UARTEx_SetRxFifoThreshold(&hlpuart1, UART_RXFIFO_THRESHOLD_1_8) != HAL_OK)
 541:Core/Src/main.c ****   {
 542:Core/Src/main.c ****     Error_Handler();
 543:Core/Src/main.c ****   }
 544:Core/Src/main.c ****   if (HAL_UARTEx_DisableFifoMode(&hlpuart1) != HAL_OK)
ARM GAS  C:\Users\bku598\AppData\Local\Temp\ccPOR4r7.s 			page 11


 545:Core/Src/main.c ****   {
 546:Core/Src/main.c ****     Error_Handler();
 547:Core/Src/main.c ****   }
 548:Core/Src/main.c ****   /* USER CODE BEGIN LPUART1_Init 2 */
 549:Core/Src/main.c **** 
 550:Core/Src/main.c ****   /* USER CODE END LPUART1_Init 2 */
 551:Core/Src/main.c **** 
 552:Core/Src/main.c **** }
 553:Core/Src/main.c **** 
 554:Core/Src/main.c **** /**
 555:Core/Src/main.c ****   * @brief QUADSPI Initialization Function
 556:Core/Src/main.c ****   * @param None
 557:Core/Src/main.c ****   * @retval None
 558:Core/Src/main.c ****   */
 559:Core/Src/main.c **** static void MX_QUADSPI_Init(void)
 560:Core/Src/main.c **** {
 561:Core/Src/main.c **** 
 562:Core/Src/main.c ****   /* USER CODE BEGIN QUADSPI_Init 0 */
 563:Core/Src/main.c **** 
 564:Core/Src/main.c ****   /* USER CODE END QUADSPI_Init 0 */
 565:Core/Src/main.c **** 
 566:Core/Src/main.c ****   /* USER CODE BEGIN QUADSPI_Init 1 */
 567:Core/Src/main.c **** 
 568:Core/Src/main.c ****   /* USER CODE END QUADSPI_Init 1 */
 569:Core/Src/main.c ****   /* QUADSPI parameter configuration*/
 570:Core/Src/main.c ****   hqspi.Instance = QUADSPI;
 571:Core/Src/main.c ****   hqspi.Init.ClockPrescaler = 255;
 572:Core/Src/main.c ****   hqspi.Init.FifoThreshold = 4;
 573:Core/Src/main.c ****   hqspi.Init.SampleShifting = QSPI_SAMPLE_SHIFTING_NONE;
 574:Core/Src/main.c ****   hqspi.Init.FlashSize = 25;
 575:Core/Src/main.c ****   hqspi.Init.ChipSelectHighTime = QSPI_CS_HIGH_TIME_2_CYCLE;
 576:Core/Src/main.c ****   hqspi.Init.ClockMode = QSPI_CLOCK_MODE_0;
 577:Core/Src/main.c ****   if (HAL_QSPI_Init(&hqspi) != HAL_OK)
 578:Core/Src/main.c ****   {
 579:Core/Src/main.c ****     Error_Handler();
 580:Core/Src/main.c ****   }
 581:Core/Src/main.c ****   /* USER CODE BEGIN QUADSPI_Init 2 */
 582:Core/Src/main.c **** 
 583:Core/Src/main.c ****   /* USER CODE END QUADSPI_Init 2 */
 584:Core/Src/main.c **** 
 585:Core/Src/main.c **** }
 586:Core/Src/main.c **** 
 587:Core/Src/main.c **** /**
 588:Core/Src/main.c ****   * @brief RF Initialization Function
 589:Core/Src/main.c ****   * @param None
 590:Core/Src/main.c ****   * @retval None
 591:Core/Src/main.c ****   */
 592:Core/Src/main.c **** static void MX_RF_Init(void)
 593:Core/Src/main.c **** {
 594:Core/Src/main.c **** 
 595:Core/Src/main.c ****   /* USER CODE BEGIN RF_Init 0 */
 596:Core/Src/main.c **** 
 597:Core/Src/main.c ****   /* USER CODE END RF_Init 0 */
 598:Core/Src/main.c **** 
 599:Core/Src/main.c ****   /* USER CODE BEGIN RF_Init 1 */
 600:Core/Src/main.c **** 
 601:Core/Src/main.c ****   /* USER CODE END RF_Init 1 */
ARM GAS  C:\Users\bku598\AppData\Local\Temp\ccPOR4r7.s 			page 12


 602:Core/Src/main.c ****   /* USER CODE BEGIN RF_Init 2 */
 603:Core/Src/main.c **** 
 604:Core/Src/main.c ****   /* USER CODE END RF_Init 2 */
 605:Core/Src/main.c **** 
 606:Core/Src/main.c **** }
 607:Core/Src/main.c **** 
 608:Core/Src/main.c **** /**
 609:Core/Src/main.c ****   * @brief RNG Initialization Function
 610:Core/Src/main.c ****   * @param None
 611:Core/Src/main.c ****   * @retval None
 612:Core/Src/main.c ****   */
 613:Core/Src/main.c **** static void MX_RNG_Init(void)
 614:Core/Src/main.c **** {
 615:Core/Src/main.c **** 
 616:Core/Src/main.c ****   /* USER CODE BEGIN RNG_Init 0 */
 617:Core/Src/main.c **** 
 618:Core/Src/main.c ****   /* USER CODE END RNG_Init 0 */
 619:Core/Src/main.c **** 
 620:Core/Src/main.c ****   /* USER CODE BEGIN RNG_Init 1 */
 621:Core/Src/main.c **** 
 622:Core/Src/main.c ****   /* USER CODE END RNG_Init 1 */
 623:Core/Src/main.c ****   hrng.Instance = RNG;
 624:Core/Src/main.c ****   hrng.Init.ClockErrorDetection = RNG_CED_ENABLE;
 625:Core/Src/main.c ****   if (HAL_RNG_Init(&hrng) != HAL_OK)
 626:Core/Src/main.c ****   {
 627:Core/Src/main.c ****     Error_Handler();
 628:Core/Src/main.c ****   }
 629:Core/Src/main.c ****   /* USER CODE BEGIN RNG_Init 2 */
 630:Core/Src/main.c **** 
 631:Core/Src/main.c ****   /* USER CODE END RNG_Init 2 */
 632:Core/Src/main.c **** 
 633:Core/Src/main.c **** }
 634:Core/Src/main.c **** 
 635:Core/Src/main.c **** /**
 636:Core/Src/main.c ****   * @brief RTC Initialization Function
 637:Core/Src/main.c ****   * @param None
 638:Core/Src/main.c ****   * @retval None
 639:Core/Src/main.c ****   */
 640:Core/Src/main.c **** static void MX_RTC_Init(void)
 641:Core/Src/main.c **** {
 642:Core/Src/main.c **** 
 643:Core/Src/main.c ****   /* USER CODE BEGIN RTC_Init 0 */
 644:Core/Src/main.c **** 
 645:Core/Src/main.c ****   /* USER CODE END RTC_Init 0 */
 646:Core/Src/main.c **** 
 647:Core/Src/main.c ****   /* USER CODE BEGIN RTC_Init 1 */
 648:Core/Src/main.c **** 
 649:Core/Src/main.c ****   /* USER CODE END RTC_Init 1 */
 650:Core/Src/main.c **** 
 651:Core/Src/main.c ****   /** Initialize RTC Only
 652:Core/Src/main.c ****   */
 653:Core/Src/main.c ****   hrtc.Instance = RTC;
 654:Core/Src/main.c ****   hrtc.Init.HourFormat = RTC_HOURFORMAT_24;
 655:Core/Src/main.c ****   hrtc.Init.AsynchPrediv = CFG_RTC_ASYNCH_PRESCALER;
 656:Core/Src/main.c ****   hrtc.Init.SynchPrediv = CFG_RTC_SYNCH_PRESCALER;
 657:Core/Src/main.c ****   hrtc.Init.OutPut = RTC_OUTPUT_DISABLE;
 658:Core/Src/main.c ****   hrtc.Init.OutPutPolarity = RTC_OUTPUT_POLARITY_HIGH;
ARM GAS  C:\Users\bku598\AppData\Local\Temp\ccPOR4r7.s 			page 13


 659:Core/Src/main.c ****   hrtc.Init.OutPutType = RTC_OUTPUT_TYPE_OPENDRAIN;
 660:Core/Src/main.c ****   hrtc.Init.OutPutRemap = RTC_OUTPUT_REMAP_NONE;
 661:Core/Src/main.c ****   if (HAL_RTC_Init(&hrtc) != HAL_OK)
 662:Core/Src/main.c ****   {
 663:Core/Src/main.c ****     Error_Handler();
 664:Core/Src/main.c ****   }
 665:Core/Src/main.c **** 
 666:Core/Src/main.c ****   /** Enable the WakeUp
 667:Core/Src/main.c ****   */
 668:Core/Src/main.c ****   if (HAL_RTCEx_SetWakeUpTimer_IT(&hrtc, 0, RTC_WAKEUPCLOCK_RTCCLK_DIV16) != HAL_OK)
 669:Core/Src/main.c ****   {
 670:Core/Src/main.c ****     Error_Handler();
 671:Core/Src/main.c ****   }
 672:Core/Src/main.c ****   /* USER CODE BEGIN RTC_Init 2 */
 673:Core/Src/main.c **** 
 674:Core/Src/main.c ****   /* USER CODE END RTC_Init 2 */
 675:Core/Src/main.c **** 
 676:Core/Src/main.c **** }
 677:Core/Src/main.c **** 
 678:Core/Src/main.c **** /**
 679:Core/Src/main.c ****   * @brief TIM16 Initialization Function
 680:Core/Src/main.c ****   * @param None
 681:Core/Src/main.c ****   * @retval None
 682:Core/Src/main.c ****   */
 683:Core/Src/main.c **** static void MX_TIM16_Init(void)
 684:Core/Src/main.c **** {
 685:Core/Src/main.c **** 
 686:Core/Src/main.c ****   /* USER CODE BEGIN TIM16_Init 0 */
 687:Core/Src/main.c **** 
 688:Core/Src/main.c ****   /* USER CODE END TIM16_Init 0 */
 689:Core/Src/main.c **** 
 690:Core/Src/main.c ****   /* USER CODE BEGIN TIM16_Init 1 */
 691:Core/Src/main.c **** 
 692:Core/Src/main.c ****   /* USER CODE END TIM16_Init 1 */
 693:Core/Src/main.c ****   htim16.Instance = TIM16;
 694:Core/Src/main.c ****   htim16.Init.Prescaler = 100;
 695:Core/Src/main.c ****   htim16.Init.CounterMode = TIM_COUNTERMODE_UP;
 696:Core/Src/main.c ****   htim16.Init.Period = 6400;
 697:Core/Src/main.c ****   htim16.Init.ClockDivision = TIM_CLOCKDIVISION_DIV1;
 698:Core/Src/main.c ****   htim16.Init.RepetitionCounter = 0;
 699:Core/Src/main.c ****   htim16.Init.AutoReloadPreload = TIM_AUTORELOAD_PRELOAD_DISABLE;
 700:Core/Src/main.c ****   if (HAL_TIM_Base_Init(&htim16) != HAL_OK)
 701:Core/Src/main.c ****   {
 702:Core/Src/main.c ****     Error_Handler();
 703:Core/Src/main.c ****   }
 704:Core/Src/main.c ****   /* USER CODE BEGIN TIM16_Init 2 */
 705:Core/Src/main.c **** 
 706:Core/Src/main.c ****   /* Starting time-based interrupt */
 707:Core/Src/main.c ****   HAL_TIM_Base_Start_IT(&htim16);
 708:Core/Src/main.c **** 
 709:Core/Src/main.c ****   /* USER CODE END TIM16_Init 2 */
 710:Core/Src/main.c **** 
 711:Core/Src/main.c **** }
 712:Core/Src/main.c **** 
 713:Core/Src/main.c **** /**
 714:Core/Src/main.c ****   * Enable DMA controller clock
 715:Core/Src/main.c ****   */
ARM GAS  C:\Users\bku598\AppData\Local\Temp\ccPOR4r7.s 			page 14


 716:Core/Src/main.c **** static void MX_DMA_Init(void)
 717:Core/Src/main.c **** {
 718:Core/Src/main.c **** 
 719:Core/Src/main.c ****   /* DMA controller clock enable */
 720:Core/Src/main.c ****   __HAL_RCC_DMAMUX1_CLK_ENABLE();
 721:Core/Src/main.c ****   __HAL_RCC_DMA1_CLK_ENABLE();
 722:Core/Src/main.c **** 
 723:Core/Src/main.c ****   /* DMA interrupt init */
 724:Core/Src/main.c ****   /* DMA1_Channel1_IRQn interrupt configuration */
 725:Core/Src/main.c ****   HAL_NVIC_SetPriority(DMA1_Channel1_IRQn, 7, 0);
 726:Core/Src/main.c ****   HAL_NVIC_EnableIRQ(DMA1_Channel1_IRQn);
 727:Core/Src/main.c **** 
 728:Core/Src/main.c **** }
 729:Core/Src/main.c **** 
 730:Core/Src/main.c **** /**
 731:Core/Src/main.c ****   * @brief GPIO Initialization Function
 732:Core/Src/main.c ****   * @param None
 733:Core/Src/main.c ****   * @retval None
 734:Core/Src/main.c ****   */
 735:Core/Src/main.c **** static void MX_GPIO_Init(void)
 736:Core/Src/main.c **** {
  28              		.loc 1 736 1 view -0
  29              		.cfi_startproc
  30              		@ args = 0, pretend = 0, frame = 32
  31              		@ frame_needed = 0, uses_anonymous_args = 0
  32 0000 70B5     		push	{r4, r5, r6, lr}
  33              	.LCFI0:
  34              		.cfi_def_cfa_offset 16
  35              		.cfi_offset 4, -16
  36              		.cfi_offset 5, -12
  37              		.cfi_offset 6, -8
  38              		.cfi_offset 14, -4
  39 0002 88B0     		sub	sp, sp, #32
  40              	.LCFI1:
  41              		.cfi_def_cfa_offset 48
 737:Core/Src/main.c ****   GPIO_InitTypeDef GPIO_InitStruct = {0};
  42              		.loc 1 737 3 view .LVU1
  43              		.loc 1 737 20 is_stmt 0 view .LVU2
  44 0004 0024     		movs	r4, #0
  45 0006 0394     		str	r4, [sp, #12]
  46 0008 0494     		str	r4, [sp, #16]
  47 000a 0594     		str	r4, [sp, #20]
  48 000c 0694     		str	r4, [sp, #24]
  49 000e 0794     		str	r4, [sp, #28]
 738:Core/Src/main.c ****   /* USER CODE BEGIN MX_GPIO_Init_1 */
 739:Core/Src/main.c **** 
 740:Core/Src/main.c ****   /* USER CODE END MX_GPIO_Init_1 */
 741:Core/Src/main.c **** 
 742:Core/Src/main.c ****   /* GPIO Ports Clock Enable */
 743:Core/Src/main.c ****   __HAL_RCC_GPIOC_CLK_ENABLE();
  50              		.loc 1 743 3 is_stmt 1 view .LVU3
  51              	.LVL0:
  52              	.LBB19:
  53              	.LBI19:
  54              		.file 2 "Drivers/STM32WBxx_HAL_Driver/Inc/stm32wbxx_ll_bus.h"
   1:Drivers/STM32WBxx_HAL_Driver/Inc/stm32wbxx_ll_bus.h **** /**
   2:Drivers/STM32WBxx_HAL_Driver/Inc/stm32wbxx_ll_bus.h ****   ******************************************************************************
ARM GAS  C:\Users\bku598\AppData\Local\Temp\ccPOR4r7.s 			page 15


   3:Drivers/STM32WBxx_HAL_Driver/Inc/stm32wbxx_ll_bus.h ****   * @file    stm32wbxx_ll_bus.h
   4:Drivers/STM32WBxx_HAL_Driver/Inc/stm32wbxx_ll_bus.h ****   * @author  MCD Application Team
   5:Drivers/STM32WBxx_HAL_Driver/Inc/stm32wbxx_ll_bus.h ****   * @brief   Header file of BUS LL module.
   6:Drivers/STM32WBxx_HAL_Driver/Inc/stm32wbxx_ll_bus.h ****   ******************************************************************************
   7:Drivers/STM32WBxx_HAL_Driver/Inc/stm32wbxx_ll_bus.h ****   * @attention
   8:Drivers/STM32WBxx_HAL_Driver/Inc/stm32wbxx_ll_bus.h ****   *
   9:Drivers/STM32WBxx_HAL_Driver/Inc/stm32wbxx_ll_bus.h ****   * Copyright (c) 2019 STMicroelectronics.
  10:Drivers/STM32WBxx_HAL_Driver/Inc/stm32wbxx_ll_bus.h ****   * All rights reserved.
  11:Drivers/STM32WBxx_HAL_Driver/Inc/stm32wbxx_ll_bus.h ****   *
  12:Drivers/STM32WBxx_HAL_Driver/Inc/stm32wbxx_ll_bus.h ****   * This software is licensed under terms that can be found in the LICENSE file
  13:Drivers/STM32WBxx_HAL_Driver/Inc/stm32wbxx_ll_bus.h ****   * in the root directory of this software component.
  14:Drivers/STM32WBxx_HAL_Driver/Inc/stm32wbxx_ll_bus.h ****   * If no LICENSE file comes with this software, it is provided AS-IS.
  15:Drivers/STM32WBxx_HAL_Driver/Inc/stm32wbxx_ll_bus.h ****   *
  16:Drivers/STM32WBxx_HAL_Driver/Inc/stm32wbxx_ll_bus.h ****   ******************************************************************************
  17:Drivers/STM32WBxx_HAL_Driver/Inc/stm32wbxx_ll_bus.h ****   @verbatim
  18:Drivers/STM32WBxx_HAL_Driver/Inc/stm32wbxx_ll_bus.h ****                       ##### RCC Limitations #####
  19:Drivers/STM32WBxx_HAL_Driver/Inc/stm32wbxx_ll_bus.h ****   ==============================================================================
  20:Drivers/STM32WBxx_HAL_Driver/Inc/stm32wbxx_ll_bus.h ****     [..]
  21:Drivers/STM32WBxx_HAL_Driver/Inc/stm32wbxx_ll_bus.h ****       A delay between an RCC peripheral clock enable and the effective peripheral
  22:Drivers/STM32WBxx_HAL_Driver/Inc/stm32wbxx_ll_bus.h ****       enabling should be taken into account in order to manage the peripheral read/write
  23:Drivers/STM32WBxx_HAL_Driver/Inc/stm32wbxx_ll_bus.h ****       from/to registers.
  24:Drivers/STM32WBxx_HAL_Driver/Inc/stm32wbxx_ll_bus.h ****       (+) This delay depends on the peripheral mapping.
  25:Drivers/STM32WBxx_HAL_Driver/Inc/stm32wbxx_ll_bus.h ****         (++) AHB & APB peripherals, 1 dummy read is necessary
  26:Drivers/STM32WBxx_HAL_Driver/Inc/stm32wbxx_ll_bus.h **** 
  27:Drivers/STM32WBxx_HAL_Driver/Inc/stm32wbxx_ll_bus.h ****     [..]
  28:Drivers/STM32WBxx_HAL_Driver/Inc/stm32wbxx_ll_bus.h ****       Workarounds:
  29:Drivers/STM32WBxx_HAL_Driver/Inc/stm32wbxx_ll_bus.h ****       (#) For AHB & APB peripherals, a dummy read to the peripheral register has been
  30:Drivers/STM32WBxx_HAL_Driver/Inc/stm32wbxx_ll_bus.h ****           inserted in each LL_{BUS}_GRP{x}_EnableClock() function.
  31:Drivers/STM32WBxx_HAL_Driver/Inc/stm32wbxx_ll_bus.h **** 
  32:Drivers/STM32WBxx_HAL_Driver/Inc/stm32wbxx_ll_bus.h ****   @endverbatim
  33:Drivers/STM32WBxx_HAL_Driver/Inc/stm32wbxx_ll_bus.h ****   ******************************************************************************
  34:Drivers/STM32WBxx_HAL_Driver/Inc/stm32wbxx_ll_bus.h ****   */
  35:Drivers/STM32WBxx_HAL_Driver/Inc/stm32wbxx_ll_bus.h **** 
  36:Drivers/STM32WBxx_HAL_Driver/Inc/stm32wbxx_ll_bus.h **** /* Define to prevent recursive inclusion -------------------------------------*/
  37:Drivers/STM32WBxx_HAL_Driver/Inc/stm32wbxx_ll_bus.h **** #ifndef STM32WBxx_LL_BUS_H
  38:Drivers/STM32WBxx_HAL_Driver/Inc/stm32wbxx_ll_bus.h **** #define STM32WBxx_LL_BUS_H
  39:Drivers/STM32WBxx_HAL_Driver/Inc/stm32wbxx_ll_bus.h **** 
  40:Drivers/STM32WBxx_HAL_Driver/Inc/stm32wbxx_ll_bus.h **** #ifdef __cplusplus
  41:Drivers/STM32WBxx_HAL_Driver/Inc/stm32wbxx_ll_bus.h **** extern "C" {
  42:Drivers/STM32WBxx_HAL_Driver/Inc/stm32wbxx_ll_bus.h **** #endif
  43:Drivers/STM32WBxx_HAL_Driver/Inc/stm32wbxx_ll_bus.h **** 
  44:Drivers/STM32WBxx_HAL_Driver/Inc/stm32wbxx_ll_bus.h **** /* Includes ------------------------------------------------------------------*/
  45:Drivers/STM32WBxx_HAL_Driver/Inc/stm32wbxx_ll_bus.h **** #include "stm32wbxx.h"
  46:Drivers/STM32WBxx_HAL_Driver/Inc/stm32wbxx_ll_bus.h **** 
  47:Drivers/STM32WBxx_HAL_Driver/Inc/stm32wbxx_ll_bus.h **** /** @addtogroup STM32WBxx_LL_Driver
  48:Drivers/STM32WBxx_HAL_Driver/Inc/stm32wbxx_ll_bus.h ****   * @{
  49:Drivers/STM32WBxx_HAL_Driver/Inc/stm32wbxx_ll_bus.h ****   */
  50:Drivers/STM32WBxx_HAL_Driver/Inc/stm32wbxx_ll_bus.h **** 
  51:Drivers/STM32WBxx_HAL_Driver/Inc/stm32wbxx_ll_bus.h **** #if defined(RCC)
  52:Drivers/STM32WBxx_HAL_Driver/Inc/stm32wbxx_ll_bus.h **** 
  53:Drivers/STM32WBxx_HAL_Driver/Inc/stm32wbxx_ll_bus.h **** /** @defgroup BUS_LL BUS
  54:Drivers/STM32WBxx_HAL_Driver/Inc/stm32wbxx_ll_bus.h ****   * @{
  55:Drivers/STM32WBxx_HAL_Driver/Inc/stm32wbxx_ll_bus.h ****   */
  56:Drivers/STM32WBxx_HAL_Driver/Inc/stm32wbxx_ll_bus.h **** 
  57:Drivers/STM32WBxx_HAL_Driver/Inc/stm32wbxx_ll_bus.h **** /* Private types -------------------------------------------------------------*/
  58:Drivers/STM32WBxx_HAL_Driver/Inc/stm32wbxx_ll_bus.h **** /* Private variables ---------------------------------------------------------*/
  59:Drivers/STM32WBxx_HAL_Driver/Inc/stm32wbxx_ll_bus.h **** 
ARM GAS  C:\Users\bku598\AppData\Local\Temp\ccPOR4r7.s 			page 16


  60:Drivers/STM32WBxx_HAL_Driver/Inc/stm32wbxx_ll_bus.h **** /* Private constants ---------------------------------------------------------*/
  61:Drivers/STM32WBxx_HAL_Driver/Inc/stm32wbxx_ll_bus.h **** 
  62:Drivers/STM32WBxx_HAL_Driver/Inc/stm32wbxx_ll_bus.h **** /* Private macros ------------------------------------------------------------*/
  63:Drivers/STM32WBxx_HAL_Driver/Inc/stm32wbxx_ll_bus.h **** 
  64:Drivers/STM32WBxx_HAL_Driver/Inc/stm32wbxx_ll_bus.h **** /* Exported types ------------------------------------------------------------*/
  65:Drivers/STM32WBxx_HAL_Driver/Inc/stm32wbxx_ll_bus.h **** 
  66:Drivers/STM32WBxx_HAL_Driver/Inc/stm32wbxx_ll_bus.h **** /* Exported constants --------------------------------------------------------*/
  67:Drivers/STM32WBxx_HAL_Driver/Inc/stm32wbxx_ll_bus.h **** /** @defgroup BUS_LL_Exported_Constants BUS Exported Constants
  68:Drivers/STM32WBxx_HAL_Driver/Inc/stm32wbxx_ll_bus.h ****   * @{
  69:Drivers/STM32WBxx_HAL_Driver/Inc/stm32wbxx_ll_bus.h ****   */
  70:Drivers/STM32WBxx_HAL_Driver/Inc/stm32wbxx_ll_bus.h **** 
  71:Drivers/STM32WBxx_HAL_Driver/Inc/stm32wbxx_ll_bus.h **** /** @defgroup BUS_LL_EC_AHB1_GRP1_PERIPH  AHB1 GRP1 PERIPH
  72:Drivers/STM32WBxx_HAL_Driver/Inc/stm32wbxx_ll_bus.h ****   * @{
  73:Drivers/STM32WBxx_HAL_Driver/Inc/stm32wbxx_ll_bus.h ****   */
  74:Drivers/STM32WBxx_HAL_Driver/Inc/stm32wbxx_ll_bus.h **** #define LL_AHB1_GRP1_PERIPH_ALL            (0xFFFFFFFFU)
  75:Drivers/STM32WBxx_HAL_Driver/Inc/stm32wbxx_ll_bus.h **** 
  76:Drivers/STM32WBxx_HAL_Driver/Inc/stm32wbxx_ll_bus.h **** #define LL_AHB1_GRP1_PERIPH_DMA1           RCC_AHB1ENR_DMA1EN
  77:Drivers/STM32WBxx_HAL_Driver/Inc/stm32wbxx_ll_bus.h **** #if defined(DMA2)
  78:Drivers/STM32WBxx_HAL_Driver/Inc/stm32wbxx_ll_bus.h **** #define LL_AHB1_GRP1_PERIPH_DMA2           RCC_AHB1ENR_DMA2EN
  79:Drivers/STM32WBxx_HAL_Driver/Inc/stm32wbxx_ll_bus.h **** #endif /* DMA2 */
  80:Drivers/STM32WBxx_HAL_Driver/Inc/stm32wbxx_ll_bus.h **** #define LL_AHB1_GRP1_PERIPH_DMAMUX1        RCC_AHB1ENR_DMAMUX1EN
  81:Drivers/STM32WBxx_HAL_Driver/Inc/stm32wbxx_ll_bus.h **** #define LL_AHB1_GRP1_PERIPH_SRAM1          RCC_AHB1SMENR_SRAM1SMEN
  82:Drivers/STM32WBxx_HAL_Driver/Inc/stm32wbxx_ll_bus.h **** #define LL_AHB1_GRP1_PERIPH_CRC            RCC_AHB1ENR_CRCEN
  83:Drivers/STM32WBxx_HAL_Driver/Inc/stm32wbxx_ll_bus.h **** #if defined(TSC)
  84:Drivers/STM32WBxx_HAL_Driver/Inc/stm32wbxx_ll_bus.h **** #define LL_AHB1_GRP1_PERIPH_TSC            RCC_AHB1ENR_TSCEN
  85:Drivers/STM32WBxx_HAL_Driver/Inc/stm32wbxx_ll_bus.h **** #endif /* TSC */
  86:Drivers/STM32WBxx_HAL_Driver/Inc/stm32wbxx_ll_bus.h **** /**
  87:Drivers/STM32WBxx_HAL_Driver/Inc/stm32wbxx_ll_bus.h ****   * @}
  88:Drivers/STM32WBxx_HAL_Driver/Inc/stm32wbxx_ll_bus.h ****   */
  89:Drivers/STM32WBxx_HAL_Driver/Inc/stm32wbxx_ll_bus.h **** 
  90:Drivers/STM32WBxx_HAL_Driver/Inc/stm32wbxx_ll_bus.h **** /** @defgroup BUS_LL_EC_AHB2_GRP1_PERIPH  AHB2 GRP1 PERIPH
  91:Drivers/STM32WBxx_HAL_Driver/Inc/stm32wbxx_ll_bus.h ****   * @{
  92:Drivers/STM32WBxx_HAL_Driver/Inc/stm32wbxx_ll_bus.h ****   */
  93:Drivers/STM32WBxx_HAL_Driver/Inc/stm32wbxx_ll_bus.h **** #define LL_AHB2_GRP1_PERIPH_ALL            (0xFFFFFFFFU)
  94:Drivers/STM32WBxx_HAL_Driver/Inc/stm32wbxx_ll_bus.h **** 
  95:Drivers/STM32WBxx_HAL_Driver/Inc/stm32wbxx_ll_bus.h **** #define LL_AHB2_GRP1_PERIPH_GPIOA          RCC_AHB2ENR_GPIOAEN
  96:Drivers/STM32WBxx_HAL_Driver/Inc/stm32wbxx_ll_bus.h **** #define LL_AHB2_GRP1_PERIPH_GPIOB          RCC_AHB2ENR_GPIOBEN
  97:Drivers/STM32WBxx_HAL_Driver/Inc/stm32wbxx_ll_bus.h **** #define LL_AHB2_GRP1_PERIPH_GPIOC          RCC_AHB2ENR_GPIOCEN
  98:Drivers/STM32WBxx_HAL_Driver/Inc/stm32wbxx_ll_bus.h **** #if defined(GPIOD)
  99:Drivers/STM32WBxx_HAL_Driver/Inc/stm32wbxx_ll_bus.h **** #define LL_AHB2_GRP1_PERIPH_GPIOD          RCC_AHB2ENR_GPIODEN
 100:Drivers/STM32WBxx_HAL_Driver/Inc/stm32wbxx_ll_bus.h **** #endif /* GPIOD */
 101:Drivers/STM32WBxx_HAL_Driver/Inc/stm32wbxx_ll_bus.h **** #define LL_AHB2_GRP1_PERIPH_GPIOE          RCC_AHB2ENR_GPIOEEN
 102:Drivers/STM32WBxx_HAL_Driver/Inc/stm32wbxx_ll_bus.h **** #define LL_AHB2_GRP1_PERIPH_GPIOH          RCC_AHB2ENR_GPIOHEN
 103:Drivers/STM32WBxx_HAL_Driver/Inc/stm32wbxx_ll_bus.h **** #if defined(ADC_SUPPORT_5_MSPS)
 104:Drivers/STM32WBxx_HAL_Driver/Inc/stm32wbxx_ll_bus.h **** #define LL_AHB2_GRP1_PERIPH_ADC            RCC_AHB2ENR_ADCEN
 105:Drivers/STM32WBxx_HAL_Driver/Inc/stm32wbxx_ll_bus.h **** #endif /* ADC_SUPPORT_5_MSPS */
 106:Drivers/STM32WBxx_HAL_Driver/Inc/stm32wbxx_ll_bus.h **** #if defined(AES1)
 107:Drivers/STM32WBxx_HAL_Driver/Inc/stm32wbxx_ll_bus.h **** #define LL_AHB2_GRP1_PERIPH_AES1           RCC_AHB2ENR_AES1EN
 108:Drivers/STM32WBxx_HAL_Driver/Inc/stm32wbxx_ll_bus.h **** #endif /* AES1 */
 109:Drivers/STM32WBxx_HAL_Driver/Inc/stm32wbxx_ll_bus.h **** /**
 110:Drivers/STM32WBxx_HAL_Driver/Inc/stm32wbxx_ll_bus.h ****   * @}
 111:Drivers/STM32WBxx_HAL_Driver/Inc/stm32wbxx_ll_bus.h ****   */
 112:Drivers/STM32WBxx_HAL_Driver/Inc/stm32wbxx_ll_bus.h **** 
 113:Drivers/STM32WBxx_HAL_Driver/Inc/stm32wbxx_ll_bus.h **** /** @defgroup BUS_LL_EC_AHB3_GRP1_PERIPH  AHB3 GRP1 PERIPH
 114:Drivers/STM32WBxx_HAL_Driver/Inc/stm32wbxx_ll_bus.h ****   * @{
 115:Drivers/STM32WBxx_HAL_Driver/Inc/stm32wbxx_ll_bus.h ****   */
 116:Drivers/STM32WBxx_HAL_Driver/Inc/stm32wbxx_ll_bus.h **** #define LL_AHB3_GRP1_PERIPH_ALL            (0xFFFFFFFFU)
ARM GAS  C:\Users\bku598\AppData\Local\Temp\ccPOR4r7.s 			page 17


 117:Drivers/STM32WBxx_HAL_Driver/Inc/stm32wbxx_ll_bus.h **** #if defined(QUADSPI)
 118:Drivers/STM32WBxx_HAL_Driver/Inc/stm32wbxx_ll_bus.h **** #define LL_AHB3_GRP1_PERIPH_QUADSPI        RCC_AHB3ENR_QUADSPIEN
 119:Drivers/STM32WBxx_HAL_Driver/Inc/stm32wbxx_ll_bus.h **** #endif /* QUADSPI */
 120:Drivers/STM32WBxx_HAL_Driver/Inc/stm32wbxx_ll_bus.h **** #define LL_AHB3_GRP1_PERIPH_PKA            RCC_AHB3ENR_PKAEN
 121:Drivers/STM32WBxx_HAL_Driver/Inc/stm32wbxx_ll_bus.h **** #define LL_AHB3_GRP1_PERIPH_AES2           RCC_AHB3ENR_AES2EN
 122:Drivers/STM32WBxx_HAL_Driver/Inc/stm32wbxx_ll_bus.h **** #define LL_AHB3_GRP1_PERIPH_RNG            RCC_AHB3ENR_RNGEN
 123:Drivers/STM32WBxx_HAL_Driver/Inc/stm32wbxx_ll_bus.h **** #define LL_AHB3_GRP1_PERIPH_HSEM           RCC_AHB3ENR_HSEMEN
 124:Drivers/STM32WBxx_HAL_Driver/Inc/stm32wbxx_ll_bus.h **** #define LL_AHB3_GRP1_PERIPH_IPCC           RCC_AHB3ENR_IPCCEN
 125:Drivers/STM32WBxx_HAL_Driver/Inc/stm32wbxx_ll_bus.h **** #define LL_AHB3_GRP1_PERIPH_SRAM2          RCC_AHB3SMENR_SRAM2SMEN
 126:Drivers/STM32WBxx_HAL_Driver/Inc/stm32wbxx_ll_bus.h **** #define LL_AHB3_GRP1_PERIPH_FLASH          RCC_AHB3ENR_FLASHEN
 127:Drivers/STM32WBxx_HAL_Driver/Inc/stm32wbxx_ll_bus.h **** /**
 128:Drivers/STM32WBxx_HAL_Driver/Inc/stm32wbxx_ll_bus.h ****   * @}
 129:Drivers/STM32WBxx_HAL_Driver/Inc/stm32wbxx_ll_bus.h ****   */
 130:Drivers/STM32WBxx_HAL_Driver/Inc/stm32wbxx_ll_bus.h **** 
 131:Drivers/STM32WBxx_HAL_Driver/Inc/stm32wbxx_ll_bus.h **** /** @defgroup BUS_LL_EC_APB1_GRP1_PERIPH  APB1 GRP1 PERIPH
 132:Drivers/STM32WBxx_HAL_Driver/Inc/stm32wbxx_ll_bus.h ****   * @{
 133:Drivers/STM32WBxx_HAL_Driver/Inc/stm32wbxx_ll_bus.h ****   */
 134:Drivers/STM32WBxx_HAL_Driver/Inc/stm32wbxx_ll_bus.h **** #define LL_APB1_GRP1_PERIPH_ALL            (0xFFFFFFFFU)
 135:Drivers/STM32WBxx_HAL_Driver/Inc/stm32wbxx_ll_bus.h **** #define LL_APB1_GRP1_PERIPH_TIM2           RCC_APB1ENR1_TIM2EN
 136:Drivers/STM32WBxx_HAL_Driver/Inc/stm32wbxx_ll_bus.h **** #if defined(LCD)
 137:Drivers/STM32WBxx_HAL_Driver/Inc/stm32wbxx_ll_bus.h **** #define LL_APB1_GRP1_PERIPH_LCD            RCC_APB1ENR1_LCDEN
 138:Drivers/STM32WBxx_HAL_Driver/Inc/stm32wbxx_ll_bus.h **** #endif /* LCD */
 139:Drivers/STM32WBxx_HAL_Driver/Inc/stm32wbxx_ll_bus.h **** #define LL_APB1_GRP1_PERIPH_RTCAPB         RCC_APB1ENR1_RTCAPBEN
 140:Drivers/STM32WBxx_HAL_Driver/Inc/stm32wbxx_ll_bus.h **** #define LL_APB1_GRP1_PERIPH_WWDG           RCC_APB1ENR1_WWDGEN
 141:Drivers/STM32WBxx_HAL_Driver/Inc/stm32wbxx_ll_bus.h **** #if defined(SPI2)
 142:Drivers/STM32WBxx_HAL_Driver/Inc/stm32wbxx_ll_bus.h **** #define LL_APB1_GRP1_PERIPH_SPI2           RCC_APB1ENR1_SPI2EN
 143:Drivers/STM32WBxx_HAL_Driver/Inc/stm32wbxx_ll_bus.h **** #endif /* SPI2 */
 144:Drivers/STM32WBxx_HAL_Driver/Inc/stm32wbxx_ll_bus.h **** #define LL_APB1_GRP1_PERIPH_I2C1           RCC_APB1ENR1_I2C1EN
 145:Drivers/STM32WBxx_HAL_Driver/Inc/stm32wbxx_ll_bus.h **** #if defined(I2C3)
 146:Drivers/STM32WBxx_HAL_Driver/Inc/stm32wbxx_ll_bus.h **** #define LL_APB1_GRP1_PERIPH_I2C3           RCC_APB1ENR1_I2C3EN
 147:Drivers/STM32WBxx_HAL_Driver/Inc/stm32wbxx_ll_bus.h **** #endif /* I2C3 */
 148:Drivers/STM32WBxx_HAL_Driver/Inc/stm32wbxx_ll_bus.h **** #if defined(CRS)
 149:Drivers/STM32WBxx_HAL_Driver/Inc/stm32wbxx_ll_bus.h **** #define LL_APB1_GRP1_PERIPH_CRS            RCC_APB1ENR1_CRSEN
 150:Drivers/STM32WBxx_HAL_Driver/Inc/stm32wbxx_ll_bus.h **** #endif /* CRS */
 151:Drivers/STM32WBxx_HAL_Driver/Inc/stm32wbxx_ll_bus.h **** #if defined(USB)
 152:Drivers/STM32WBxx_HAL_Driver/Inc/stm32wbxx_ll_bus.h **** #define LL_APB1_GRP1_PERIPH_USB            RCC_APB1ENR1_USBEN
 153:Drivers/STM32WBxx_HAL_Driver/Inc/stm32wbxx_ll_bus.h **** #endif /* USB */
 154:Drivers/STM32WBxx_HAL_Driver/Inc/stm32wbxx_ll_bus.h **** #define LL_APB1_GRP1_PERIPH_LPTIM1         RCC_APB1ENR1_LPTIM1EN
 155:Drivers/STM32WBxx_HAL_Driver/Inc/stm32wbxx_ll_bus.h **** /**
 156:Drivers/STM32WBxx_HAL_Driver/Inc/stm32wbxx_ll_bus.h ****   * @}
 157:Drivers/STM32WBxx_HAL_Driver/Inc/stm32wbxx_ll_bus.h ****   */
 158:Drivers/STM32WBxx_HAL_Driver/Inc/stm32wbxx_ll_bus.h **** 
 159:Drivers/STM32WBxx_HAL_Driver/Inc/stm32wbxx_ll_bus.h **** 
 160:Drivers/STM32WBxx_HAL_Driver/Inc/stm32wbxx_ll_bus.h **** /** @defgroup BUS_LL_EC_APB1_GRP2_PERIPH  APB1 GRP2 PERIPH
 161:Drivers/STM32WBxx_HAL_Driver/Inc/stm32wbxx_ll_bus.h ****   * @{
 162:Drivers/STM32WBxx_HAL_Driver/Inc/stm32wbxx_ll_bus.h ****   */
 163:Drivers/STM32WBxx_HAL_Driver/Inc/stm32wbxx_ll_bus.h **** #define LL_APB1_GRP2_PERIPH_ALL            (0xFFFFFFFFU)
 164:Drivers/STM32WBxx_HAL_Driver/Inc/stm32wbxx_ll_bus.h **** 
 165:Drivers/STM32WBxx_HAL_Driver/Inc/stm32wbxx_ll_bus.h **** #if defined(LPUART1)
 166:Drivers/STM32WBxx_HAL_Driver/Inc/stm32wbxx_ll_bus.h **** #define LL_APB1_GRP2_PERIPH_LPUART1        RCC_APB1ENR2_LPUART1EN
 167:Drivers/STM32WBxx_HAL_Driver/Inc/stm32wbxx_ll_bus.h **** #endif /* LPUART1 */
 168:Drivers/STM32WBxx_HAL_Driver/Inc/stm32wbxx_ll_bus.h **** #define LL_APB1_GRP2_PERIPH_LPTIM2         RCC_APB1ENR2_LPTIM2EN
 169:Drivers/STM32WBxx_HAL_Driver/Inc/stm32wbxx_ll_bus.h **** /**
 170:Drivers/STM32WBxx_HAL_Driver/Inc/stm32wbxx_ll_bus.h ****   * @}
 171:Drivers/STM32WBxx_HAL_Driver/Inc/stm32wbxx_ll_bus.h ****   */
 172:Drivers/STM32WBxx_HAL_Driver/Inc/stm32wbxx_ll_bus.h **** 
 173:Drivers/STM32WBxx_HAL_Driver/Inc/stm32wbxx_ll_bus.h **** /** @defgroup BUS_LL_EC_APB2_GRP1_PERIPH  APB2 GRP1 PERIPH
ARM GAS  C:\Users\bku598\AppData\Local\Temp\ccPOR4r7.s 			page 18


 174:Drivers/STM32WBxx_HAL_Driver/Inc/stm32wbxx_ll_bus.h ****   * @{
 175:Drivers/STM32WBxx_HAL_Driver/Inc/stm32wbxx_ll_bus.h ****   */
 176:Drivers/STM32WBxx_HAL_Driver/Inc/stm32wbxx_ll_bus.h **** #define LL_APB2_GRP1_PERIPH_ALL            (0xFFFFFFFFU)
 177:Drivers/STM32WBxx_HAL_Driver/Inc/stm32wbxx_ll_bus.h **** 
 178:Drivers/STM32WBxx_HAL_Driver/Inc/stm32wbxx_ll_bus.h **** #if defined(ADC_SUPPORT_2_5_MSPS)
 179:Drivers/STM32WBxx_HAL_Driver/Inc/stm32wbxx_ll_bus.h **** #define LL_APB2_GRP1_PERIPH_ADC            RCC_APB2ENR_ADCEN
 180:Drivers/STM32WBxx_HAL_Driver/Inc/stm32wbxx_ll_bus.h **** #endif /* ADC_SUPPORT_2_5_MSPS */
 181:Drivers/STM32WBxx_HAL_Driver/Inc/stm32wbxx_ll_bus.h **** #define LL_APB2_GRP1_PERIPH_TIM1           RCC_APB2ENR_TIM1EN
 182:Drivers/STM32WBxx_HAL_Driver/Inc/stm32wbxx_ll_bus.h **** #define LL_APB2_GRP1_PERIPH_SPI1           RCC_APB2ENR_SPI1EN
 183:Drivers/STM32WBxx_HAL_Driver/Inc/stm32wbxx_ll_bus.h **** #define LL_APB2_GRP1_PERIPH_USART1         RCC_APB2ENR_USART1EN
 184:Drivers/STM32WBxx_HAL_Driver/Inc/stm32wbxx_ll_bus.h **** #if defined(TIM16)
 185:Drivers/STM32WBxx_HAL_Driver/Inc/stm32wbxx_ll_bus.h **** #define LL_APB2_GRP1_PERIPH_TIM16          RCC_APB2ENR_TIM16EN
 186:Drivers/STM32WBxx_HAL_Driver/Inc/stm32wbxx_ll_bus.h **** #endif /* TIM16 */
 187:Drivers/STM32WBxx_HAL_Driver/Inc/stm32wbxx_ll_bus.h **** #if defined(TIM17)
 188:Drivers/STM32WBxx_HAL_Driver/Inc/stm32wbxx_ll_bus.h **** #define LL_APB2_GRP1_PERIPH_TIM17          RCC_APB2ENR_TIM17EN
 189:Drivers/STM32WBxx_HAL_Driver/Inc/stm32wbxx_ll_bus.h **** #endif /* TIM17 */
 190:Drivers/STM32WBxx_HAL_Driver/Inc/stm32wbxx_ll_bus.h **** #if defined(SAI1)
 191:Drivers/STM32WBxx_HAL_Driver/Inc/stm32wbxx_ll_bus.h **** #define LL_APB2_GRP1_PERIPH_SAI1           RCC_APB2ENR_SAI1EN
 192:Drivers/STM32WBxx_HAL_Driver/Inc/stm32wbxx_ll_bus.h **** #endif /* SAI1 */
 193:Drivers/STM32WBxx_HAL_Driver/Inc/stm32wbxx_ll_bus.h **** /**
 194:Drivers/STM32WBxx_HAL_Driver/Inc/stm32wbxx_ll_bus.h ****   * @}
 195:Drivers/STM32WBxx_HAL_Driver/Inc/stm32wbxx_ll_bus.h ****   */
 196:Drivers/STM32WBxx_HAL_Driver/Inc/stm32wbxx_ll_bus.h **** 
 197:Drivers/STM32WBxx_HAL_Driver/Inc/stm32wbxx_ll_bus.h **** /** @defgroup BUS_LL_EC_APB3_GRP1_PERIPH  APB3 GRP1 PERIPH
 198:Drivers/STM32WBxx_HAL_Driver/Inc/stm32wbxx_ll_bus.h ****   * @{
 199:Drivers/STM32WBxx_HAL_Driver/Inc/stm32wbxx_ll_bus.h ****   */
 200:Drivers/STM32WBxx_HAL_Driver/Inc/stm32wbxx_ll_bus.h **** #define LL_APB3_GRP1_PERIPH_ALL            (0xFFFFFFFFU)
 201:Drivers/STM32WBxx_HAL_Driver/Inc/stm32wbxx_ll_bus.h **** #define LL_APB3_GRP1_PERIPH_RF             RCC_APB3RSTR_RFRST
 202:Drivers/STM32WBxx_HAL_Driver/Inc/stm32wbxx_ll_bus.h **** /**
 203:Drivers/STM32WBxx_HAL_Driver/Inc/stm32wbxx_ll_bus.h ****   * @}
 204:Drivers/STM32WBxx_HAL_Driver/Inc/stm32wbxx_ll_bus.h ****   */
 205:Drivers/STM32WBxx_HAL_Driver/Inc/stm32wbxx_ll_bus.h **** 
 206:Drivers/STM32WBxx_HAL_Driver/Inc/stm32wbxx_ll_bus.h **** 
 207:Drivers/STM32WBxx_HAL_Driver/Inc/stm32wbxx_ll_bus.h **** /** @defgroup BUS_LL_EC_C2_AHB1_GRP1_PERIPH  C2 AHB1 GRP1 PERIPH
 208:Drivers/STM32WBxx_HAL_Driver/Inc/stm32wbxx_ll_bus.h ****   * @{
 209:Drivers/STM32WBxx_HAL_Driver/Inc/stm32wbxx_ll_bus.h ****   */
 210:Drivers/STM32WBxx_HAL_Driver/Inc/stm32wbxx_ll_bus.h **** #define LL_C2_AHB1_GRP1_PERIPH_DMA1         RCC_C2AHB1ENR_DMA1EN
 211:Drivers/STM32WBxx_HAL_Driver/Inc/stm32wbxx_ll_bus.h **** #if defined(DMA2)
 212:Drivers/STM32WBxx_HAL_Driver/Inc/stm32wbxx_ll_bus.h **** #define LL_C2_AHB1_GRP1_PERIPH_DMA2         RCC_C2AHB1ENR_DMA2EN
 213:Drivers/STM32WBxx_HAL_Driver/Inc/stm32wbxx_ll_bus.h **** #endif /* DMA2 */
 214:Drivers/STM32WBxx_HAL_Driver/Inc/stm32wbxx_ll_bus.h **** #define LL_C2_AHB1_GRP1_PERIPH_DMAMUX1      RCC_C2AHB1ENR_DMAMUX1EN
 215:Drivers/STM32WBxx_HAL_Driver/Inc/stm32wbxx_ll_bus.h **** #define LL_C2_AHB1_GRP1_PERIPH_SRAM1        RCC_C2AHB1ENR_SRAM1EN
 216:Drivers/STM32WBxx_HAL_Driver/Inc/stm32wbxx_ll_bus.h **** #define LL_C2_AHB1_GRP1_PERIPH_CRC          RCC_C2AHB1ENR_CRCEN
 217:Drivers/STM32WBxx_HAL_Driver/Inc/stm32wbxx_ll_bus.h **** #if defined(TSC)
 218:Drivers/STM32WBxx_HAL_Driver/Inc/stm32wbxx_ll_bus.h **** #define LL_C2_AHB1_GRP1_PERIPH_TSC          RCC_C2AHB1ENR_TSCEN
 219:Drivers/STM32WBxx_HAL_Driver/Inc/stm32wbxx_ll_bus.h **** #endif /* TSC */
 220:Drivers/STM32WBxx_HAL_Driver/Inc/stm32wbxx_ll_bus.h **** /**
 221:Drivers/STM32WBxx_HAL_Driver/Inc/stm32wbxx_ll_bus.h ****   * @}
 222:Drivers/STM32WBxx_HAL_Driver/Inc/stm32wbxx_ll_bus.h ****   */
 223:Drivers/STM32WBxx_HAL_Driver/Inc/stm32wbxx_ll_bus.h **** 
 224:Drivers/STM32WBxx_HAL_Driver/Inc/stm32wbxx_ll_bus.h **** 
 225:Drivers/STM32WBxx_HAL_Driver/Inc/stm32wbxx_ll_bus.h **** /** @defgroup BUS_LL_EC_C2_AHB2_GRP1_PERIPH  C2 AHB2 GRP1 PERIPH
 226:Drivers/STM32WBxx_HAL_Driver/Inc/stm32wbxx_ll_bus.h ****   * @{
 227:Drivers/STM32WBxx_HAL_Driver/Inc/stm32wbxx_ll_bus.h ****   */
 228:Drivers/STM32WBxx_HAL_Driver/Inc/stm32wbxx_ll_bus.h **** #define LL_C2_AHB2_GRP1_PERIPH_GPIOA        RCC_C2AHB2ENR_GPIOAEN
 229:Drivers/STM32WBxx_HAL_Driver/Inc/stm32wbxx_ll_bus.h **** #define LL_C2_AHB2_GRP1_PERIPH_GPIOB        RCC_C2AHB2ENR_GPIOBEN
 230:Drivers/STM32WBxx_HAL_Driver/Inc/stm32wbxx_ll_bus.h **** #define LL_C2_AHB2_GRP1_PERIPH_GPIOC        RCC_C2AHB2ENR_GPIOCEN
ARM GAS  C:\Users\bku598\AppData\Local\Temp\ccPOR4r7.s 			page 19


 231:Drivers/STM32WBxx_HAL_Driver/Inc/stm32wbxx_ll_bus.h **** #if defined(GPIOD)
 232:Drivers/STM32WBxx_HAL_Driver/Inc/stm32wbxx_ll_bus.h **** #define LL_C2_AHB2_GRP1_PERIPH_GPIOD        RCC_C2AHB2ENR_GPIODEN
 233:Drivers/STM32WBxx_HAL_Driver/Inc/stm32wbxx_ll_bus.h **** #endif /* GPIOD */
 234:Drivers/STM32WBxx_HAL_Driver/Inc/stm32wbxx_ll_bus.h **** #define LL_C2_AHB2_GRP1_PERIPH_GPIOE        RCC_C2AHB2ENR_GPIOEEN
 235:Drivers/STM32WBxx_HAL_Driver/Inc/stm32wbxx_ll_bus.h **** #define LL_C2_AHB2_GRP1_PERIPH_GPIOH        RCC_C2AHB2ENR_GPIOHEN
 236:Drivers/STM32WBxx_HAL_Driver/Inc/stm32wbxx_ll_bus.h **** #if defined(ADC_SUPPORT_5_MSPS)
 237:Drivers/STM32WBxx_HAL_Driver/Inc/stm32wbxx_ll_bus.h **** #define LL_C2_AHB2_GRP1_PERIPH_ADC          RCC_C2AHB2ENR_ADCEN
 238:Drivers/STM32WBxx_HAL_Driver/Inc/stm32wbxx_ll_bus.h **** #endif /* ADC_SUPPORT_5_MSPS */
 239:Drivers/STM32WBxx_HAL_Driver/Inc/stm32wbxx_ll_bus.h **** #if defined(AES1)
 240:Drivers/STM32WBxx_HAL_Driver/Inc/stm32wbxx_ll_bus.h **** #define LL_C2_AHB2_GRP1_PERIPH_AES1         RCC_C2AHB2ENR_AES1EN
 241:Drivers/STM32WBxx_HAL_Driver/Inc/stm32wbxx_ll_bus.h **** #endif /* AES1 */
 242:Drivers/STM32WBxx_HAL_Driver/Inc/stm32wbxx_ll_bus.h **** /**
 243:Drivers/STM32WBxx_HAL_Driver/Inc/stm32wbxx_ll_bus.h ****   * @}
 244:Drivers/STM32WBxx_HAL_Driver/Inc/stm32wbxx_ll_bus.h ****   */
 245:Drivers/STM32WBxx_HAL_Driver/Inc/stm32wbxx_ll_bus.h **** 
 246:Drivers/STM32WBxx_HAL_Driver/Inc/stm32wbxx_ll_bus.h **** 
 247:Drivers/STM32WBxx_HAL_Driver/Inc/stm32wbxx_ll_bus.h **** /** @defgroup BUS_LL_EC_C2_AHB3_GRP1_PERIPH  C2 AHB3 GRP1 PERIPH
 248:Drivers/STM32WBxx_HAL_Driver/Inc/stm32wbxx_ll_bus.h ****   * @{
 249:Drivers/STM32WBxx_HAL_Driver/Inc/stm32wbxx_ll_bus.h ****   */
 250:Drivers/STM32WBxx_HAL_Driver/Inc/stm32wbxx_ll_bus.h **** #define LL_C2_AHB3_GRP1_PERIPH_PKA          RCC_C2AHB3ENR_PKAEN
 251:Drivers/STM32WBxx_HAL_Driver/Inc/stm32wbxx_ll_bus.h **** #define LL_C2_AHB3_GRP1_PERIPH_AES2         RCC_C2AHB3ENR_AES2EN
 252:Drivers/STM32WBxx_HAL_Driver/Inc/stm32wbxx_ll_bus.h **** #define LL_C2_AHB3_GRP1_PERIPH_RNG          RCC_C2AHB3ENR_RNGEN
 253:Drivers/STM32WBxx_HAL_Driver/Inc/stm32wbxx_ll_bus.h **** #define LL_C2_AHB3_GRP1_PERIPH_HSEM         RCC_C2AHB3ENR_HSEMEN
 254:Drivers/STM32WBxx_HAL_Driver/Inc/stm32wbxx_ll_bus.h **** #define LL_C2_AHB3_GRP1_PERIPH_IPCC         RCC_C2AHB3ENR_IPCCEN
 255:Drivers/STM32WBxx_HAL_Driver/Inc/stm32wbxx_ll_bus.h **** #define LL_C2_AHB3_GRP1_PERIPH_FLASH        RCC_C2AHB3ENR_FLASHEN
 256:Drivers/STM32WBxx_HAL_Driver/Inc/stm32wbxx_ll_bus.h **** #define LL_C2_AHB3_GRP1_PERIPH_SRAM2        RCC_C2AHB3SMENR_SRAM2SMEN
 257:Drivers/STM32WBxx_HAL_Driver/Inc/stm32wbxx_ll_bus.h **** /**
 258:Drivers/STM32WBxx_HAL_Driver/Inc/stm32wbxx_ll_bus.h ****   * @}
 259:Drivers/STM32WBxx_HAL_Driver/Inc/stm32wbxx_ll_bus.h ****   */
 260:Drivers/STM32WBxx_HAL_Driver/Inc/stm32wbxx_ll_bus.h **** 
 261:Drivers/STM32WBxx_HAL_Driver/Inc/stm32wbxx_ll_bus.h **** 
 262:Drivers/STM32WBxx_HAL_Driver/Inc/stm32wbxx_ll_bus.h **** /** @defgroup BUS_LL_EC_C2_APB1_GRP1_PERIPH  C2 APB1 GRP1 PERIPH
 263:Drivers/STM32WBxx_HAL_Driver/Inc/stm32wbxx_ll_bus.h ****   * @{
 264:Drivers/STM32WBxx_HAL_Driver/Inc/stm32wbxx_ll_bus.h ****   */
 265:Drivers/STM32WBxx_HAL_Driver/Inc/stm32wbxx_ll_bus.h **** #define LL_C2_APB1_GRP1_PERIPH_TIM2         RCC_C2APB1ENR1_TIM2EN
 266:Drivers/STM32WBxx_HAL_Driver/Inc/stm32wbxx_ll_bus.h **** #if defined(LCD)
 267:Drivers/STM32WBxx_HAL_Driver/Inc/stm32wbxx_ll_bus.h **** #define LL_C2_APB1_GRP1_PERIPH_LCD          RCC_C2APB1ENR1_LCDEN
 268:Drivers/STM32WBxx_HAL_Driver/Inc/stm32wbxx_ll_bus.h **** #endif /* LCD */
 269:Drivers/STM32WBxx_HAL_Driver/Inc/stm32wbxx_ll_bus.h **** #define LL_C2_APB1_GRP1_PERIPH_RTCAPB       RCC_C2APB1ENR1_RTCAPBEN
 270:Drivers/STM32WBxx_HAL_Driver/Inc/stm32wbxx_ll_bus.h **** #if defined(SPI2)
 271:Drivers/STM32WBxx_HAL_Driver/Inc/stm32wbxx_ll_bus.h **** #define LL_C2_APB1_GRP1_PERIPH_SPI2         RCC_C2APB1ENR1_SPI2EN
 272:Drivers/STM32WBxx_HAL_Driver/Inc/stm32wbxx_ll_bus.h **** #endif /* SPI2 */
 273:Drivers/STM32WBxx_HAL_Driver/Inc/stm32wbxx_ll_bus.h **** #define LL_C2_APB1_GRP1_PERIPH_I2C1         RCC_C2APB1ENR1_I2C1EN
 274:Drivers/STM32WBxx_HAL_Driver/Inc/stm32wbxx_ll_bus.h **** #if defined(I2C3)
 275:Drivers/STM32WBxx_HAL_Driver/Inc/stm32wbxx_ll_bus.h **** #define LL_C2_APB1_GRP1_PERIPH_I2C3         RCC_C2APB1ENR1_I2C3EN
 276:Drivers/STM32WBxx_HAL_Driver/Inc/stm32wbxx_ll_bus.h **** #define LL_C2_APB1_GRP1_PERIPH_CRS          RCC_C2APB1ENR1_CRSEN
 277:Drivers/STM32WBxx_HAL_Driver/Inc/stm32wbxx_ll_bus.h **** #define LL_C2_APB1_GRP1_PERIPH_USB          RCC_C2APB1ENR1_USBEN
 278:Drivers/STM32WBxx_HAL_Driver/Inc/stm32wbxx_ll_bus.h **** #endif /* I2C3 */
 279:Drivers/STM32WBxx_HAL_Driver/Inc/stm32wbxx_ll_bus.h **** #define LL_C2_APB1_GRP1_PERIPH_LPTIM1       RCC_C2APB1ENR1_LPTIM1EN
 280:Drivers/STM32WBxx_HAL_Driver/Inc/stm32wbxx_ll_bus.h **** /**
 281:Drivers/STM32WBxx_HAL_Driver/Inc/stm32wbxx_ll_bus.h ****   * @}
 282:Drivers/STM32WBxx_HAL_Driver/Inc/stm32wbxx_ll_bus.h ****   */
 283:Drivers/STM32WBxx_HAL_Driver/Inc/stm32wbxx_ll_bus.h **** 
 284:Drivers/STM32WBxx_HAL_Driver/Inc/stm32wbxx_ll_bus.h **** 
 285:Drivers/STM32WBxx_HAL_Driver/Inc/stm32wbxx_ll_bus.h **** /** @defgroup BUS_LL_EC_C2_APB1_GRP2_PERIPH  C2 APB1 GRP2 PERIPH
 286:Drivers/STM32WBxx_HAL_Driver/Inc/stm32wbxx_ll_bus.h ****   * @{
 287:Drivers/STM32WBxx_HAL_Driver/Inc/stm32wbxx_ll_bus.h ****   */
ARM GAS  C:\Users\bku598\AppData\Local\Temp\ccPOR4r7.s 			page 20


 288:Drivers/STM32WBxx_HAL_Driver/Inc/stm32wbxx_ll_bus.h **** #if defined(LPUART1)
 289:Drivers/STM32WBxx_HAL_Driver/Inc/stm32wbxx_ll_bus.h **** #define LL_C2_APB1_GRP2_PERIPH_LPUART1      RCC_C2APB1ENR2_LPUART1EN
 290:Drivers/STM32WBxx_HAL_Driver/Inc/stm32wbxx_ll_bus.h **** #endif /* LPUART1 */
 291:Drivers/STM32WBxx_HAL_Driver/Inc/stm32wbxx_ll_bus.h **** #define LL_C2_APB1_GRP2_PERIPH_LPTIM2       RCC_C2APB1ENR2_LPTIM2EN
 292:Drivers/STM32WBxx_HAL_Driver/Inc/stm32wbxx_ll_bus.h **** /**
 293:Drivers/STM32WBxx_HAL_Driver/Inc/stm32wbxx_ll_bus.h ****   * @}
 294:Drivers/STM32WBxx_HAL_Driver/Inc/stm32wbxx_ll_bus.h ****   */
 295:Drivers/STM32WBxx_HAL_Driver/Inc/stm32wbxx_ll_bus.h **** 
 296:Drivers/STM32WBxx_HAL_Driver/Inc/stm32wbxx_ll_bus.h **** 
 297:Drivers/STM32WBxx_HAL_Driver/Inc/stm32wbxx_ll_bus.h **** /** @defgroup BUS_LL_EC_C2_APB2_GRP1_PERIPH  C2 APB2 GRP1 PERIPH
 298:Drivers/STM32WBxx_HAL_Driver/Inc/stm32wbxx_ll_bus.h ****   * @{
 299:Drivers/STM32WBxx_HAL_Driver/Inc/stm32wbxx_ll_bus.h ****   */
 300:Drivers/STM32WBxx_HAL_Driver/Inc/stm32wbxx_ll_bus.h **** #if defined(ADC_SUPPORT_2_5_MSPS)
 301:Drivers/STM32WBxx_HAL_Driver/Inc/stm32wbxx_ll_bus.h **** #define LL_C2_APB2_GRP1_PERIPH_ADC          RCC_C2APB2ENR_ADCEN
 302:Drivers/STM32WBxx_HAL_Driver/Inc/stm32wbxx_ll_bus.h **** #endif /* ADC_SUPPORT_5_MSPS */
 303:Drivers/STM32WBxx_HAL_Driver/Inc/stm32wbxx_ll_bus.h **** #define LL_C2_APB2_GRP1_PERIPH_TIM1         RCC_C2APB2ENR_TIM1EN
 304:Drivers/STM32WBxx_HAL_Driver/Inc/stm32wbxx_ll_bus.h **** #define LL_C2_APB2_GRP1_PERIPH_SPI1         RCC_C2APB2ENR_SPI1EN
 305:Drivers/STM32WBxx_HAL_Driver/Inc/stm32wbxx_ll_bus.h **** #define LL_C2_APB2_GRP1_PERIPH_USART1       RCC_C2APB2ENR_USART1EN
 306:Drivers/STM32WBxx_HAL_Driver/Inc/stm32wbxx_ll_bus.h **** #if defined(TIM16)
 307:Drivers/STM32WBxx_HAL_Driver/Inc/stm32wbxx_ll_bus.h **** #define LL_C2_APB2_GRP1_PERIPH_TIM16        RCC_C2APB2ENR_TIM16EN
 308:Drivers/STM32WBxx_HAL_Driver/Inc/stm32wbxx_ll_bus.h **** #endif /* TIM16 */
 309:Drivers/STM32WBxx_HAL_Driver/Inc/stm32wbxx_ll_bus.h **** #if defined(TIM17)
 310:Drivers/STM32WBxx_HAL_Driver/Inc/stm32wbxx_ll_bus.h **** #define LL_C2_APB2_GRP1_PERIPH_TIM17        RCC_C2APB2ENR_TIM17EN
 311:Drivers/STM32WBxx_HAL_Driver/Inc/stm32wbxx_ll_bus.h **** #endif /* TIM17 */
 312:Drivers/STM32WBxx_HAL_Driver/Inc/stm32wbxx_ll_bus.h **** #if defined(SAI1)
 313:Drivers/STM32WBxx_HAL_Driver/Inc/stm32wbxx_ll_bus.h **** #define LL_C2_APB2_GRP1_PERIPH_SAI1         RCC_C2APB2ENR_SAI1EN
 314:Drivers/STM32WBxx_HAL_Driver/Inc/stm32wbxx_ll_bus.h **** #endif /* SAI1 */
 315:Drivers/STM32WBxx_HAL_Driver/Inc/stm32wbxx_ll_bus.h **** /**
 316:Drivers/STM32WBxx_HAL_Driver/Inc/stm32wbxx_ll_bus.h ****   * @}
 317:Drivers/STM32WBxx_HAL_Driver/Inc/stm32wbxx_ll_bus.h ****   */
 318:Drivers/STM32WBxx_HAL_Driver/Inc/stm32wbxx_ll_bus.h **** 
 319:Drivers/STM32WBxx_HAL_Driver/Inc/stm32wbxx_ll_bus.h **** 
 320:Drivers/STM32WBxx_HAL_Driver/Inc/stm32wbxx_ll_bus.h **** /** @defgroup BUS_LL_EC_C2_APB3_GRP1_PERIPH  C2 APB3 GRP1 PERIPH
 321:Drivers/STM32WBxx_HAL_Driver/Inc/stm32wbxx_ll_bus.h ****   * @{
 322:Drivers/STM32WBxx_HAL_Driver/Inc/stm32wbxx_ll_bus.h ****   */
 323:Drivers/STM32WBxx_HAL_Driver/Inc/stm32wbxx_ll_bus.h **** #define LL_C2_APB3_GRP1_PERIPH_BLE          RCC_C2APB3ENR_BLEEN
 324:Drivers/STM32WBxx_HAL_Driver/Inc/stm32wbxx_ll_bus.h **** #if defined(RCC_802_SUPPORT)
 325:Drivers/STM32WBxx_HAL_Driver/Inc/stm32wbxx_ll_bus.h **** #define LL_C2_APB3_GRP1_PERIPH_802          RCC_C2APB3ENR_802EN
 326:Drivers/STM32WBxx_HAL_Driver/Inc/stm32wbxx_ll_bus.h **** #endif /* RCC_802_SUPPORT */
 327:Drivers/STM32WBxx_HAL_Driver/Inc/stm32wbxx_ll_bus.h **** /**
 328:Drivers/STM32WBxx_HAL_Driver/Inc/stm32wbxx_ll_bus.h ****   * @}
 329:Drivers/STM32WBxx_HAL_Driver/Inc/stm32wbxx_ll_bus.h ****   */
 330:Drivers/STM32WBxx_HAL_Driver/Inc/stm32wbxx_ll_bus.h **** 
 331:Drivers/STM32WBxx_HAL_Driver/Inc/stm32wbxx_ll_bus.h **** 
 332:Drivers/STM32WBxx_HAL_Driver/Inc/stm32wbxx_ll_bus.h **** /**
 333:Drivers/STM32WBxx_HAL_Driver/Inc/stm32wbxx_ll_bus.h ****   * @}
 334:Drivers/STM32WBxx_HAL_Driver/Inc/stm32wbxx_ll_bus.h ****   */
 335:Drivers/STM32WBxx_HAL_Driver/Inc/stm32wbxx_ll_bus.h **** 
 336:Drivers/STM32WBxx_HAL_Driver/Inc/stm32wbxx_ll_bus.h **** /* Exported macro ------------------------------------------------------------*/
 337:Drivers/STM32WBxx_HAL_Driver/Inc/stm32wbxx_ll_bus.h **** 
 338:Drivers/STM32WBxx_HAL_Driver/Inc/stm32wbxx_ll_bus.h **** /* Exported functions --------------------------------------------------------*/
 339:Drivers/STM32WBxx_HAL_Driver/Inc/stm32wbxx_ll_bus.h **** 
 340:Drivers/STM32WBxx_HAL_Driver/Inc/stm32wbxx_ll_bus.h **** /** @defgroup BUS_LL_Exported_Functions BUS Exported Functions
 341:Drivers/STM32WBxx_HAL_Driver/Inc/stm32wbxx_ll_bus.h ****   * @{
 342:Drivers/STM32WBxx_HAL_Driver/Inc/stm32wbxx_ll_bus.h ****   */
 343:Drivers/STM32WBxx_HAL_Driver/Inc/stm32wbxx_ll_bus.h **** 
 344:Drivers/STM32WBxx_HAL_Driver/Inc/stm32wbxx_ll_bus.h **** /** @defgroup BUS_LL_EF_AHB1 AHB1
ARM GAS  C:\Users\bku598\AppData\Local\Temp\ccPOR4r7.s 			page 21


 345:Drivers/STM32WBxx_HAL_Driver/Inc/stm32wbxx_ll_bus.h ****   * @{
 346:Drivers/STM32WBxx_HAL_Driver/Inc/stm32wbxx_ll_bus.h ****   */
 347:Drivers/STM32WBxx_HAL_Driver/Inc/stm32wbxx_ll_bus.h **** 
 348:Drivers/STM32WBxx_HAL_Driver/Inc/stm32wbxx_ll_bus.h **** /**
 349:Drivers/STM32WBxx_HAL_Driver/Inc/stm32wbxx_ll_bus.h ****   * @brief  Enable AHB1 peripherals clock.
 350:Drivers/STM32WBxx_HAL_Driver/Inc/stm32wbxx_ll_bus.h ****   * @rmtoll AHB1ENR      DMA1EN        LL_AHB1_GRP1_EnableClock\n
 351:Drivers/STM32WBxx_HAL_Driver/Inc/stm32wbxx_ll_bus.h ****   *         AHB1ENR      DMA2EN        LL_AHB1_GRP1_EnableClock\n
 352:Drivers/STM32WBxx_HAL_Driver/Inc/stm32wbxx_ll_bus.h ****   *         AHB1ENR      DMAMUX1EN      LL_AHB1_GRP1_EnableClock\n
 353:Drivers/STM32WBxx_HAL_Driver/Inc/stm32wbxx_ll_bus.h ****   *         AHB1ENR      CRCEN         LL_AHB1_GRP1_EnableClock\n
 354:Drivers/STM32WBxx_HAL_Driver/Inc/stm32wbxx_ll_bus.h ****   *         AHB1ENR      TSCEN         LL_AHB1_GRP1_EnableClock
 355:Drivers/STM32WBxx_HAL_Driver/Inc/stm32wbxx_ll_bus.h ****   * @param  Periphs This parameter can be a combination of the following values:
 356:Drivers/STM32WBxx_HAL_Driver/Inc/stm32wbxx_ll_bus.h ****   *         @arg @ref LL_AHB1_GRP1_PERIPH_DMA1
 357:Drivers/STM32WBxx_HAL_Driver/Inc/stm32wbxx_ll_bus.h ****   *         @arg @ref LL_AHB1_GRP1_PERIPH_DMA2 (*)
 358:Drivers/STM32WBxx_HAL_Driver/Inc/stm32wbxx_ll_bus.h ****   *         @arg @ref LL_AHB1_GRP1_PERIPH_DMAMUX1
 359:Drivers/STM32WBxx_HAL_Driver/Inc/stm32wbxx_ll_bus.h ****   *         @arg @ref LL_AHB1_GRP1_PERIPH_CRC
 360:Drivers/STM32WBxx_HAL_Driver/Inc/stm32wbxx_ll_bus.h ****   *         @arg @ref LL_AHB1_GRP1_PERIPH_TSC
 361:Drivers/STM32WBxx_HAL_Driver/Inc/stm32wbxx_ll_bus.h ****   * @note  (*) Not supported by all the devices
 362:Drivers/STM32WBxx_HAL_Driver/Inc/stm32wbxx_ll_bus.h ****   * @retval None
 363:Drivers/STM32WBxx_HAL_Driver/Inc/stm32wbxx_ll_bus.h ****   */
 364:Drivers/STM32WBxx_HAL_Driver/Inc/stm32wbxx_ll_bus.h **** __STATIC_INLINE void LL_AHB1_GRP1_EnableClock(uint32_t Periphs)
 365:Drivers/STM32WBxx_HAL_Driver/Inc/stm32wbxx_ll_bus.h **** {
 366:Drivers/STM32WBxx_HAL_Driver/Inc/stm32wbxx_ll_bus.h ****   __IO uint32_t tmpreg;
 367:Drivers/STM32WBxx_HAL_Driver/Inc/stm32wbxx_ll_bus.h ****   SET_BIT(RCC->AHB1ENR, Periphs);
 368:Drivers/STM32WBxx_HAL_Driver/Inc/stm32wbxx_ll_bus.h ****   /* Delay after an RCC peripheral clock enabling */
 369:Drivers/STM32WBxx_HAL_Driver/Inc/stm32wbxx_ll_bus.h ****   tmpreg = READ_BIT(RCC->AHB1ENR, Periphs);
 370:Drivers/STM32WBxx_HAL_Driver/Inc/stm32wbxx_ll_bus.h ****   (void)tmpreg;
 371:Drivers/STM32WBxx_HAL_Driver/Inc/stm32wbxx_ll_bus.h **** }
 372:Drivers/STM32WBxx_HAL_Driver/Inc/stm32wbxx_ll_bus.h **** 
 373:Drivers/STM32WBxx_HAL_Driver/Inc/stm32wbxx_ll_bus.h **** /**
 374:Drivers/STM32WBxx_HAL_Driver/Inc/stm32wbxx_ll_bus.h ****   * @brief  Check if AHB1 peripheral clock is enabled or not
 375:Drivers/STM32WBxx_HAL_Driver/Inc/stm32wbxx_ll_bus.h ****   * @rmtoll AHB1ENR      DMA1EN        LL_AHB1_GRP1_IsEnabledClock\n
 376:Drivers/STM32WBxx_HAL_Driver/Inc/stm32wbxx_ll_bus.h ****   *         AHB1ENR      DMA2EN        LL_AHB1_GRP1_IsEnabledClock\n
 377:Drivers/STM32WBxx_HAL_Driver/Inc/stm32wbxx_ll_bus.h ****   *         AHB1ENR      DMAMUX1EN      LL_AHB1_GRP1_IsEnabledClock\n
 378:Drivers/STM32WBxx_HAL_Driver/Inc/stm32wbxx_ll_bus.h ****   *         AHB1ENR      CRCEN         LL_AHB1_GRP1_IsEnabledClock\n
 379:Drivers/STM32WBxx_HAL_Driver/Inc/stm32wbxx_ll_bus.h ****   *         AHB1ENR      TSCEN         LL_AHB1_GRP1_IsEnabledClock
 380:Drivers/STM32WBxx_HAL_Driver/Inc/stm32wbxx_ll_bus.h ****   * @param  Periphs This parameter can be a combination of the following values:
 381:Drivers/STM32WBxx_HAL_Driver/Inc/stm32wbxx_ll_bus.h ****   *         @arg @ref LL_AHB1_GRP1_PERIPH_DMA1
 382:Drivers/STM32WBxx_HAL_Driver/Inc/stm32wbxx_ll_bus.h ****   *         @arg @ref LL_AHB1_GRP1_PERIPH_DMA2 (*)
 383:Drivers/STM32WBxx_HAL_Driver/Inc/stm32wbxx_ll_bus.h ****   *         @arg @ref LL_AHB1_GRP1_PERIPH_DMAMUX1
 384:Drivers/STM32WBxx_HAL_Driver/Inc/stm32wbxx_ll_bus.h ****   *         @arg @ref LL_AHB1_GRP1_PERIPH_CRC
 385:Drivers/STM32WBxx_HAL_Driver/Inc/stm32wbxx_ll_bus.h ****   *         @arg @ref LL_AHB1_GRP1_PERIPH_TSC
 386:Drivers/STM32WBxx_HAL_Driver/Inc/stm32wbxx_ll_bus.h ****   * @note  (*) Not supported by all the devices
 387:Drivers/STM32WBxx_HAL_Driver/Inc/stm32wbxx_ll_bus.h ****   * @retval uint32_t
 388:Drivers/STM32WBxx_HAL_Driver/Inc/stm32wbxx_ll_bus.h ****   */
 389:Drivers/STM32WBxx_HAL_Driver/Inc/stm32wbxx_ll_bus.h **** __STATIC_INLINE uint32_t LL_AHB1_GRP1_IsEnabledClock(uint32_t Periphs)
 390:Drivers/STM32WBxx_HAL_Driver/Inc/stm32wbxx_ll_bus.h **** {
 391:Drivers/STM32WBxx_HAL_Driver/Inc/stm32wbxx_ll_bus.h ****   return ((READ_BIT(RCC->AHB1ENR, Periphs) == (Periphs)) ? 1UL : 0UL);
 392:Drivers/STM32WBxx_HAL_Driver/Inc/stm32wbxx_ll_bus.h **** }
 393:Drivers/STM32WBxx_HAL_Driver/Inc/stm32wbxx_ll_bus.h **** 
 394:Drivers/STM32WBxx_HAL_Driver/Inc/stm32wbxx_ll_bus.h **** /**
 395:Drivers/STM32WBxx_HAL_Driver/Inc/stm32wbxx_ll_bus.h ****   * @brief  Disable AHB1 peripherals clock.
 396:Drivers/STM32WBxx_HAL_Driver/Inc/stm32wbxx_ll_bus.h ****   * @rmtoll AHB1ENR      DMA1EN        LL_AHB1_GRP1_DisableClock\n
 397:Drivers/STM32WBxx_HAL_Driver/Inc/stm32wbxx_ll_bus.h ****   *         AHB1ENR      DMA2EN        LL_AHB1_GRP1_DisableClock\n
 398:Drivers/STM32WBxx_HAL_Driver/Inc/stm32wbxx_ll_bus.h ****   *         AHB1ENR      DMAMUX1EN      LL_AHB1_GRP1_DisableClock\n
 399:Drivers/STM32WBxx_HAL_Driver/Inc/stm32wbxx_ll_bus.h ****   *         AHB1ENR      CRCEN         LL_AHB1_GRP1_DisableClock\n
 400:Drivers/STM32WBxx_HAL_Driver/Inc/stm32wbxx_ll_bus.h ****   *         AHB1ENR      TSCEN         LL_AHB1_GRP1_DisableClock
 401:Drivers/STM32WBxx_HAL_Driver/Inc/stm32wbxx_ll_bus.h ****   * @param  Periphs This parameter can be a combination of the following values:
ARM GAS  C:\Users\bku598\AppData\Local\Temp\ccPOR4r7.s 			page 22


 402:Drivers/STM32WBxx_HAL_Driver/Inc/stm32wbxx_ll_bus.h ****   *         @arg @ref LL_AHB1_GRP1_PERIPH_DMA1
 403:Drivers/STM32WBxx_HAL_Driver/Inc/stm32wbxx_ll_bus.h ****   *         @arg @ref LL_AHB1_GRP1_PERIPH_DMA2 (*)
 404:Drivers/STM32WBxx_HAL_Driver/Inc/stm32wbxx_ll_bus.h ****   *         @arg @ref LL_AHB1_GRP1_PERIPH_DMAMUX1
 405:Drivers/STM32WBxx_HAL_Driver/Inc/stm32wbxx_ll_bus.h ****   *         @arg @ref LL_AHB1_GRP1_PERIPH_CRC
 406:Drivers/STM32WBxx_HAL_Driver/Inc/stm32wbxx_ll_bus.h ****   *         @arg @ref LL_AHB1_GRP1_PERIPH_TSC
 407:Drivers/STM32WBxx_HAL_Driver/Inc/stm32wbxx_ll_bus.h ****   * @note  (*) Not supported by all the devices
 408:Drivers/STM32WBxx_HAL_Driver/Inc/stm32wbxx_ll_bus.h ****   * @retval None
 409:Drivers/STM32WBxx_HAL_Driver/Inc/stm32wbxx_ll_bus.h ****   */
 410:Drivers/STM32WBxx_HAL_Driver/Inc/stm32wbxx_ll_bus.h **** __STATIC_INLINE void LL_AHB1_GRP1_DisableClock(uint32_t Periphs)
 411:Drivers/STM32WBxx_HAL_Driver/Inc/stm32wbxx_ll_bus.h **** {
 412:Drivers/STM32WBxx_HAL_Driver/Inc/stm32wbxx_ll_bus.h ****   CLEAR_BIT(RCC->AHB1ENR, Periphs);
 413:Drivers/STM32WBxx_HAL_Driver/Inc/stm32wbxx_ll_bus.h **** }
 414:Drivers/STM32WBxx_HAL_Driver/Inc/stm32wbxx_ll_bus.h **** 
 415:Drivers/STM32WBxx_HAL_Driver/Inc/stm32wbxx_ll_bus.h **** /**
 416:Drivers/STM32WBxx_HAL_Driver/Inc/stm32wbxx_ll_bus.h ****   * @brief  Force AHB1 peripherals reset.
 417:Drivers/STM32WBxx_HAL_Driver/Inc/stm32wbxx_ll_bus.h ****   * @rmtoll AHB1RSTR     DMA1RST       LL_AHB1_GRP1_ForceReset\n
 418:Drivers/STM32WBxx_HAL_Driver/Inc/stm32wbxx_ll_bus.h ****   *         AHB1RSTR     DMA2RST       LL_AHB1_GRP1_ForceReset\n
 419:Drivers/STM32WBxx_HAL_Driver/Inc/stm32wbxx_ll_bus.h ****   *         AHB1RSTR     DMAMUX1RST     LL_AHB1_GRP1_ForceReset\n
 420:Drivers/STM32WBxx_HAL_Driver/Inc/stm32wbxx_ll_bus.h ****   *         AHB1RSTR     CRCRST        LL_AHB1_GRP1_ForceReset\n
 421:Drivers/STM32WBxx_HAL_Driver/Inc/stm32wbxx_ll_bus.h ****   *         AHB1RSTR     TSCRST        LL_AHB1_GRP1_ForceReset
 422:Drivers/STM32WBxx_HAL_Driver/Inc/stm32wbxx_ll_bus.h ****   * @param  Periphs This parameter can be a combination of the following values:
 423:Drivers/STM32WBxx_HAL_Driver/Inc/stm32wbxx_ll_bus.h ****   *         @arg @ref LL_AHB1_GRP1_PERIPH_ALL
 424:Drivers/STM32WBxx_HAL_Driver/Inc/stm32wbxx_ll_bus.h ****   *         @arg @ref LL_AHB1_GRP1_PERIPH_DMA1
 425:Drivers/STM32WBxx_HAL_Driver/Inc/stm32wbxx_ll_bus.h ****   *         @arg @ref LL_AHB1_GRP1_PERIPH_DMA2 (*)
 426:Drivers/STM32WBxx_HAL_Driver/Inc/stm32wbxx_ll_bus.h ****   *         @arg @ref LL_AHB1_GRP1_PERIPH_DMAMUX1
 427:Drivers/STM32WBxx_HAL_Driver/Inc/stm32wbxx_ll_bus.h ****   *         @arg @ref LL_AHB1_GRP1_PERIPH_CRC
 428:Drivers/STM32WBxx_HAL_Driver/Inc/stm32wbxx_ll_bus.h ****   *         @arg @ref LL_AHB1_GRP1_PERIPH_TSC
 429:Drivers/STM32WBxx_HAL_Driver/Inc/stm32wbxx_ll_bus.h ****   * @note  (*) Not supported by all the devices
 430:Drivers/STM32WBxx_HAL_Driver/Inc/stm32wbxx_ll_bus.h ****   * @retval None
 431:Drivers/STM32WBxx_HAL_Driver/Inc/stm32wbxx_ll_bus.h ****   */
 432:Drivers/STM32WBxx_HAL_Driver/Inc/stm32wbxx_ll_bus.h **** __STATIC_INLINE void LL_AHB1_GRP1_ForceReset(uint32_t Periphs)
 433:Drivers/STM32WBxx_HAL_Driver/Inc/stm32wbxx_ll_bus.h **** {
 434:Drivers/STM32WBxx_HAL_Driver/Inc/stm32wbxx_ll_bus.h ****   SET_BIT(RCC->AHB1RSTR, Periphs);
 435:Drivers/STM32WBxx_HAL_Driver/Inc/stm32wbxx_ll_bus.h **** }
 436:Drivers/STM32WBxx_HAL_Driver/Inc/stm32wbxx_ll_bus.h **** 
 437:Drivers/STM32WBxx_HAL_Driver/Inc/stm32wbxx_ll_bus.h **** /**
 438:Drivers/STM32WBxx_HAL_Driver/Inc/stm32wbxx_ll_bus.h ****   * @brief  Release AHB1 peripherals reset.
 439:Drivers/STM32WBxx_HAL_Driver/Inc/stm32wbxx_ll_bus.h ****   * @rmtoll AHB1RSTR     DMA1RST       LL_AHB1_GRP1_ReleaseReset\n
 440:Drivers/STM32WBxx_HAL_Driver/Inc/stm32wbxx_ll_bus.h ****   *         AHB1RSTR     DMA2RST       LL_AHB1_GRP1_ReleaseReset\n
 441:Drivers/STM32WBxx_HAL_Driver/Inc/stm32wbxx_ll_bus.h ****   *         AHB1RSTR     DMAMUX1RST     LL_AHB1_GRP1_ReleaseReset\n
 442:Drivers/STM32WBxx_HAL_Driver/Inc/stm32wbxx_ll_bus.h ****   *         AHB1RSTR     CRCRST        LL_AHB1_GRP1_ReleaseReset\n
 443:Drivers/STM32WBxx_HAL_Driver/Inc/stm32wbxx_ll_bus.h ****   *         AHB1RSTR     TSCRST        LL_AHB1_GRP1_ReleaseReset
 444:Drivers/STM32WBxx_HAL_Driver/Inc/stm32wbxx_ll_bus.h ****   * @param  Periphs This parameter can be a combination of the following values:
 445:Drivers/STM32WBxx_HAL_Driver/Inc/stm32wbxx_ll_bus.h ****   *         @arg @ref LL_AHB1_GRP1_PERIPH_ALL
 446:Drivers/STM32WBxx_HAL_Driver/Inc/stm32wbxx_ll_bus.h ****   *         @arg @ref LL_AHB1_GRP1_PERIPH_DMA1
 447:Drivers/STM32WBxx_HAL_Driver/Inc/stm32wbxx_ll_bus.h ****   *         @arg @ref LL_AHB1_GRP1_PERIPH_DMA2 (*)
 448:Drivers/STM32WBxx_HAL_Driver/Inc/stm32wbxx_ll_bus.h ****   *         @arg @ref LL_AHB1_GRP1_PERIPH_DMAMUX1
 449:Drivers/STM32WBxx_HAL_Driver/Inc/stm32wbxx_ll_bus.h ****   *         @arg @ref LL_AHB1_GRP1_PERIPH_CRC
 450:Drivers/STM32WBxx_HAL_Driver/Inc/stm32wbxx_ll_bus.h ****   *         @arg @ref LL_AHB1_GRP1_PERIPH_TSC
 451:Drivers/STM32WBxx_HAL_Driver/Inc/stm32wbxx_ll_bus.h ****   * @note  (*) Not supported by all the devices
 452:Drivers/STM32WBxx_HAL_Driver/Inc/stm32wbxx_ll_bus.h ****   * @retval None
 453:Drivers/STM32WBxx_HAL_Driver/Inc/stm32wbxx_ll_bus.h ****   */
 454:Drivers/STM32WBxx_HAL_Driver/Inc/stm32wbxx_ll_bus.h **** __STATIC_INLINE void LL_AHB1_GRP1_ReleaseReset(uint32_t Periphs)
 455:Drivers/STM32WBxx_HAL_Driver/Inc/stm32wbxx_ll_bus.h **** {
 456:Drivers/STM32WBxx_HAL_Driver/Inc/stm32wbxx_ll_bus.h ****   CLEAR_BIT(RCC->AHB1RSTR, Periphs);
 457:Drivers/STM32WBxx_HAL_Driver/Inc/stm32wbxx_ll_bus.h **** }
 458:Drivers/STM32WBxx_HAL_Driver/Inc/stm32wbxx_ll_bus.h **** 
ARM GAS  C:\Users\bku598\AppData\Local\Temp\ccPOR4r7.s 			page 23


 459:Drivers/STM32WBxx_HAL_Driver/Inc/stm32wbxx_ll_bus.h **** /**
 460:Drivers/STM32WBxx_HAL_Driver/Inc/stm32wbxx_ll_bus.h ****   * @brief  Enable AHB1 peripherals clock during Low Power (Sleep) mode.
 461:Drivers/STM32WBxx_HAL_Driver/Inc/stm32wbxx_ll_bus.h ****   * @rmtoll AHB1SMENR    DMA1SMEN      LL_AHB1_GRP1_EnableClockSleep\n
 462:Drivers/STM32WBxx_HAL_Driver/Inc/stm32wbxx_ll_bus.h ****   *         AHB1SMENR    DMA2SMEN      LL_AHB1_GRP1_EnableClockSleep\n
 463:Drivers/STM32WBxx_HAL_Driver/Inc/stm32wbxx_ll_bus.h ****   *         AHB1SMENR    DMAMUX1SMEN    LL_AHB1_GRP1_EnableClockSleep\n
 464:Drivers/STM32WBxx_HAL_Driver/Inc/stm32wbxx_ll_bus.h ****   *         AHB1SMENR    SRAM1SMEN     LL_AHB1_GRP1_EnableClockSleep\n
 465:Drivers/STM32WBxx_HAL_Driver/Inc/stm32wbxx_ll_bus.h ****   *         AHB1SMENR    CRCSMEN       LL_AHB1_GRP1_EnableClockSleep\n
 466:Drivers/STM32WBxx_HAL_Driver/Inc/stm32wbxx_ll_bus.h ****   *         AHB1SMENR    TSCSMEN       LL_AHB1_GRP1_EnableClockSleep
 467:Drivers/STM32WBxx_HAL_Driver/Inc/stm32wbxx_ll_bus.h ****   * @param  Periphs This parameter can be a combination of the following values:
 468:Drivers/STM32WBxx_HAL_Driver/Inc/stm32wbxx_ll_bus.h ****   *         @arg @ref LL_AHB1_GRP1_PERIPH_DMA1
 469:Drivers/STM32WBxx_HAL_Driver/Inc/stm32wbxx_ll_bus.h ****   *         @arg @ref LL_AHB1_GRP1_PERIPH_DMA2 (*)
 470:Drivers/STM32WBxx_HAL_Driver/Inc/stm32wbxx_ll_bus.h ****   *         @arg @ref LL_AHB1_GRP1_PERIPH_DMAMUX1
 471:Drivers/STM32WBxx_HAL_Driver/Inc/stm32wbxx_ll_bus.h ****   *         @arg @ref LL_AHB1_GRP1_PERIPH_SRAM1
 472:Drivers/STM32WBxx_HAL_Driver/Inc/stm32wbxx_ll_bus.h ****   *         @arg @ref LL_AHB1_GRP1_PERIPH_CRC
 473:Drivers/STM32WBxx_HAL_Driver/Inc/stm32wbxx_ll_bus.h ****   *         @arg @ref LL_AHB1_GRP1_PERIPH_TSC
 474:Drivers/STM32WBxx_HAL_Driver/Inc/stm32wbxx_ll_bus.h ****   * @note  (*) Not supported by all the devices
 475:Drivers/STM32WBxx_HAL_Driver/Inc/stm32wbxx_ll_bus.h ****   * @retval None
 476:Drivers/STM32WBxx_HAL_Driver/Inc/stm32wbxx_ll_bus.h ****   */
 477:Drivers/STM32WBxx_HAL_Driver/Inc/stm32wbxx_ll_bus.h **** __STATIC_INLINE void LL_AHB1_GRP1_EnableClockSleep(uint32_t Periphs)
 478:Drivers/STM32WBxx_HAL_Driver/Inc/stm32wbxx_ll_bus.h **** {
 479:Drivers/STM32WBxx_HAL_Driver/Inc/stm32wbxx_ll_bus.h ****   __IO uint32_t tmpreg;
 480:Drivers/STM32WBxx_HAL_Driver/Inc/stm32wbxx_ll_bus.h ****   SET_BIT(RCC->AHB1SMENR, Periphs);
 481:Drivers/STM32WBxx_HAL_Driver/Inc/stm32wbxx_ll_bus.h ****   /* Delay after an RCC peripheral clock enabling */
 482:Drivers/STM32WBxx_HAL_Driver/Inc/stm32wbxx_ll_bus.h ****   tmpreg = READ_BIT(RCC->AHB1SMENR, Periphs);
 483:Drivers/STM32WBxx_HAL_Driver/Inc/stm32wbxx_ll_bus.h ****   (void)tmpreg;
 484:Drivers/STM32WBxx_HAL_Driver/Inc/stm32wbxx_ll_bus.h **** }
 485:Drivers/STM32WBxx_HAL_Driver/Inc/stm32wbxx_ll_bus.h **** 
 486:Drivers/STM32WBxx_HAL_Driver/Inc/stm32wbxx_ll_bus.h **** /**
 487:Drivers/STM32WBxx_HAL_Driver/Inc/stm32wbxx_ll_bus.h ****   * @brief  Disable AHB1 peripherals clock during Low Power (Sleep) mode.
 488:Drivers/STM32WBxx_HAL_Driver/Inc/stm32wbxx_ll_bus.h ****   * @rmtoll AHB1SMENR    DMA1SMEN      LL_AHB1_GRP1_DisableClockSleep\n
 489:Drivers/STM32WBxx_HAL_Driver/Inc/stm32wbxx_ll_bus.h ****   *         AHB1SMENR    DMA2SMEN      LL_AHB1_GRP1_DisableClockSleep\n
 490:Drivers/STM32WBxx_HAL_Driver/Inc/stm32wbxx_ll_bus.h ****   *         AHB1SMENR    DMAMUX1SMEN    LL_AHB1_GRP1_DisableClockSleep\n
 491:Drivers/STM32WBxx_HAL_Driver/Inc/stm32wbxx_ll_bus.h ****   *         AHB1SMENR    SRAM1SMEN     LL_AHB1_GRP1_DisableClockSleep\n
 492:Drivers/STM32WBxx_HAL_Driver/Inc/stm32wbxx_ll_bus.h ****   *         AHB1SMENR    CRCSMEN       LL_AHB1_GRP1_DisableClockSleep\n
 493:Drivers/STM32WBxx_HAL_Driver/Inc/stm32wbxx_ll_bus.h ****   *         AHB1SMENR    TSCSMEN       LL_AHB1_GRP1_DisableClockSleep
 494:Drivers/STM32WBxx_HAL_Driver/Inc/stm32wbxx_ll_bus.h ****   * @param  Periphs This parameter can be a combination of the following values:
 495:Drivers/STM32WBxx_HAL_Driver/Inc/stm32wbxx_ll_bus.h ****   *         @arg @ref LL_AHB1_GRP1_PERIPH_DMA1
 496:Drivers/STM32WBxx_HAL_Driver/Inc/stm32wbxx_ll_bus.h ****   *         @arg @ref LL_AHB1_GRP1_PERIPH_DMA2 (*)
 497:Drivers/STM32WBxx_HAL_Driver/Inc/stm32wbxx_ll_bus.h ****   *         @arg @ref LL_AHB1_GRP1_PERIPH_DMAMUX1
 498:Drivers/STM32WBxx_HAL_Driver/Inc/stm32wbxx_ll_bus.h ****   *         @arg @ref LL_AHB1_GRP1_PERIPH_SRAM1
 499:Drivers/STM32WBxx_HAL_Driver/Inc/stm32wbxx_ll_bus.h ****   *         @arg @ref LL_AHB1_GRP1_PERIPH_CRC
 500:Drivers/STM32WBxx_HAL_Driver/Inc/stm32wbxx_ll_bus.h ****   *         @arg @ref LL_AHB1_GRP1_PERIPH_TSC
 501:Drivers/STM32WBxx_HAL_Driver/Inc/stm32wbxx_ll_bus.h ****   * @note  (*) Not supported by all the devices
 502:Drivers/STM32WBxx_HAL_Driver/Inc/stm32wbxx_ll_bus.h ****   * @retval None
 503:Drivers/STM32WBxx_HAL_Driver/Inc/stm32wbxx_ll_bus.h ****   */
 504:Drivers/STM32WBxx_HAL_Driver/Inc/stm32wbxx_ll_bus.h **** __STATIC_INLINE void LL_AHB1_GRP1_DisableClockSleep(uint32_t Periphs)
 505:Drivers/STM32WBxx_HAL_Driver/Inc/stm32wbxx_ll_bus.h **** {
 506:Drivers/STM32WBxx_HAL_Driver/Inc/stm32wbxx_ll_bus.h ****   CLEAR_BIT(RCC->AHB1SMENR, Periphs);
 507:Drivers/STM32WBxx_HAL_Driver/Inc/stm32wbxx_ll_bus.h **** }
 508:Drivers/STM32WBxx_HAL_Driver/Inc/stm32wbxx_ll_bus.h **** 
 509:Drivers/STM32WBxx_HAL_Driver/Inc/stm32wbxx_ll_bus.h **** /**
 510:Drivers/STM32WBxx_HAL_Driver/Inc/stm32wbxx_ll_bus.h ****   * @}
 511:Drivers/STM32WBxx_HAL_Driver/Inc/stm32wbxx_ll_bus.h ****   */
 512:Drivers/STM32WBxx_HAL_Driver/Inc/stm32wbxx_ll_bus.h **** 
 513:Drivers/STM32WBxx_HAL_Driver/Inc/stm32wbxx_ll_bus.h **** /** @defgroup BUS_LL_EF_AHB2 AHB2
 514:Drivers/STM32WBxx_HAL_Driver/Inc/stm32wbxx_ll_bus.h ****   * @{
 515:Drivers/STM32WBxx_HAL_Driver/Inc/stm32wbxx_ll_bus.h ****   */
ARM GAS  C:\Users\bku598\AppData\Local\Temp\ccPOR4r7.s 			page 24


 516:Drivers/STM32WBxx_HAL_Driver/Inc/stm32wbxx_ll_bus.h **** 
 517:Drivers/STM32WBxx_HAL_Driver/Inc/stm32wbxx_ll_bus.h **** /**
 518:Drivers/STM32WBxx_HAL_Driver/Inc/stm32wbxx_ll_bus.h ****   * @brief  Enable AHB2 peripherals clock.
 519:Drivers/STM32WBxx_HAL_Driver/Inc/stm32wbxx_ll_bus.h ****   * @rmtoll AHB2ENR      GPIOAEN       LL_AHB2_GRP1_EnableClock\n
 520:Drivers/STM32WBxx_HAL_Driver/Inc/stm32wbxx_ll_bus.h ****   *         AHB2ENR      GPIOBEN       LL_AHB2_GRP1_EnableClock\n
 521:Drivers/STM32WBxx_HAL_Driver/Inc/stm32wbxx_ll_bus.h ****   *         AHB2ENR      GPIOCEN       LL_AHB2_GRP1_EnableClock\n
 522:Drivers/STM32WBxx_HAL_Driver/Inc/stm32wbxx_ll_bus.h ****   *         AHB2ENR      GPIODEN       LL_AHB2_GRP1_EnableClock\n
 523:Drivers/STM32WBxx_HAL_Driver/Inc/stm32wbxx_ll_bus.h ****   *         AHB2ENR      GPIOEEN       LL_AHB2_GRP1_EnableClock\n
 524:Drivers/STM32WBxx_HAL_Driver/Inc/stm32wbxx_ll_bus.h ****   *         AHB2ENR      GPIOHEN       LL_AHB2_GRP1_EnableClock\n
 525:Drivers/STM32WBxx_HAL_Driver/Inc/stm32wbxx_ll_bus.h ****   *         AHB2ENR      ADCEN         LL_AHB2_GRP1_EnableClock\n
 526:Drivers/STM32WBxx_HAL_Driver/Inc/stm32wbxx_ll_bus.h ****   *         AHB2ENR      AES1EN        LL_AHB2_GRP1_EnableClock
 527:Drivers/STM32WBxx_HAL_Driver/Inc/stm32wbxx_ll_bus.h ****   * @param  Periphs This parameter can be a combination of the following values:
 528:Drivers/STM32WBxx_HAL_Driver/Inc/stm32wbxx_ll_bus.h ****   *         @arg @ref LL_AHB2_GRP1_PERIPH_GPIOA
 529:Drivers/STM32WBxx_HAL_Driver/Inc/stm32wbxx_ll_bus.h ****   *         @arg @ref LL_AHB2_GRP1_PERIPH_GPIOB
 530:Drivers/STM32WBxx_HAL_Driver/Inc/stm32wbxx_ll_bus.h ****   *         @arg @ref LL_AHB2_GRP1_PERIPH_GPIOC
 531:Drivers/STM32WBxx_HAL_Driver/Inc/stm32wbxx_ll_bus.h ****   *         @arg @ref LL_AHB2_GRP1_PERIPH_GPIOD (*)
 532:Drivers/STM32WBxx_HAL_Driver/Inc/stm32wbxx_ll_bus.h ****   *         @arg @ref LL_AHB2_GRP1_PERIPH_GPIOE
 533:Drivers/STM32WBxx_HAL_Driver/Inc/stm32wbxx_ll_bus.h ****   *         @arg @ref LL_AHB2_GRP1_PERIPH_GPIOH
 534:Drivers/STM32WBxx_HAL_Driver/Inc/stm32wbxx_ll_bus.h ****   *         @arg @ref LL_AHB2_GRP1_PERIPH_ADC (*)
 535:Drivers/STM32WBxx_HAL_Driver/Inc/stm32wbxx_ll_bus.h ****   *         @arg @ref LL_AHB2_GRP1_PERIPH_AES1 (*)
 536:Drivers/STM32WBxx_HAL_Driver/Inc/stm32wbxx_ll_bus.h ****   * @note  (*) Not supported by all the devices
 537:Drivers/STM32WBxx_HAL_Driver/Inc/stm32wbxx_ll_bus.h ****   * @retval None
 538:Drivers/STM32WBxx_HAL_Driver/Inc/stm32wbxx_ll_bus.h ****   */
 539:Drivers/STM32WBxx_HAL_Driver/Inc/stm32wbxx_ll_bus.h **** __STATIC_INLINE void LL_AHB2_GRP1_EnableClock(uint32_t Periphs)
  55              		.loc 2 539 22 view .LVU4
  56              	.LBB20:
 540:Drivers/STM32WBxx_HAL_Driver/Inc/stm32wbxx_ll_bus.h **** {
 541:Drivers/STM32WBxx_HAL_Driver/Inc/stm32wbxx_ll_bus.h ****   __IO uint32_t tmpreg;
  57              		.loc 2 541 3 view .LVU5
 542:Drivers/STM32WBxx_HAL_Driver/Inc/stm32wbxx_ll_bus.h ****   SET_BIT(RCC->AHB2ENR, Periphs);
  58              		.loc 2 542 3 view .LVU6
  59 0010 4FF0B043 		mov	r3, #1476395008
  60 0014 DA6C     		ldr	r2, [r3, #76]
  61 0016 42F00402 		orr	r2, r2, #4
  62 001a DA64     		str	r2, [r3, #76]
 543:Drivers/STM32WBxx_HAL_Driver/Inc/stm32wbxx_ll_bus.h ****   /* Delay after an RCC peripheral clock enabling */
 544:Drivers/STM32WBxx_HAL_Driver/Inc/stm32wbxx_ll_bus.h ****   tmpreg = READ_BIT(RCC->AHB2ENR, Periphs);
  63              		.loc 2 544 3 view .LVU7
  64              		.loc 2 544 12 is_stmt 0 view .LVU8
  65 001c DA6C     		ldr	r2, [r3, #76]
  66 001e 02F00402 		and	r2, r2, #4
  67              		.loc 2 544 10 view .LVU9
  68 0022 0292     		str	r2, [sp, #8]
 545:Drivers/STM32WBxx_HAL_Driver/Inc/stm32wbxx_ll_bus.h ****   (void)tmpreg;
  69              		.loc 2 545 3 is_stmt 1 view .LVU10
  70 0024 029A     		ldr	r2, [sp, #8]
  71              	.LVL1:
  72              		.loc 2 545 3 is_stmt 0 view .LVU11
  73              	.LBE20:
  74              	.LBE19:
 744:Core/Src/main.c ****   __HAL_RCC_GPIOB_CLK_ENABLE();
  75              		.loc 1 744 3 is_stmt 1 view .LVU12
  76              	.LBB21:
  77              	.LBI21:
 539:Drivers/STM32WBxx_HAL_Driver/Inc/stm32wbxx_ll_bus.h **** {
  78              		.loc 2 539 22 view .LVU13
  79              	.LBB22:
ARM GAS  C:\Users\bku598\AppData\Local\Temp\ccPOR4r7.s 			page 25


 541:Drivers/STM32WBxx_HAL_Driver/Inc/stm32wbxx_ll_bus.h ****   SET_BIT(RCC->AHB2ENR, Periphs);
  80              		.loc 2 541 3 view .LVU14
 542:Drivers/STM32WBxx_HAL_Driver/Inc/stm32wbxx_ll_bus.h ****   /* Delay after an RCC peripheral clock enabling */
  81              		.loc 2 542 3 view .LVU15
  82 0026 DA6C     		ldr	r2, [r3, #76]
  83 0028 42F00202 		orr	r2, r2, #2
  84 002c DA64     		str	r2, [r3, #76]
 544:Drivers/STM32WBxx_HAL_Driver/Inc/stm32wbxx_ll_bus.h ****   (void)tmpreg;
  85              		.loc 2 544 3 view .LVU16
 544:Drivers/STM32WBxx_HAL_Driver/Inc/stm32wbxx_ll_bus.h ****   (void)tmpreg;
  86              		.loc 2 544 12 is_stmt 0 view .LVU17
  87 002e DA6C     		ldr	r2, [r3, #76]
  88 0030 02F00202 		and	r2, r2, #2
 544:Drivers/STM32WBxx_HAL_Driver/Inc/stm32wbxx_ll_bus.h ****   (void)tmpreg;
  89              		.loc 2 544 10 view .LVU18
  90 0034 0192     		str	r2, [sp, #4]
  91              		.loc 2 545 3 is_stmt 1 view .LVU19
  92 0036 019A     		ldr	r2, [sp, #4]
  93              	.LVL2:
  94              		.loc 2 545 3 is_stmt 0 view .LVU20
  95              	.LBE22:
  96              	.LBE21:
 745:Core/Src/main.c ****   __HAL_RCC_GPIOA_CLK_ENABLE();
  97              		.loc 1 745 3 is_stmt 1 view .LVU21
  98              	.LBB23:
  99              	.LBI23:
 539:Drivers/STM32WBxx_HAL_Driver/Inc/stm32wbxx_ll_bus.h **** {
 100              		.loc 2 539 22 view .LVU22
 101              	.LBB24:
 541:Drivers/STM32WBxx_HAL_Driver/Inc/stm32wbxx_ll_bus.h ****   SET_BIT(RCC->AHB2ENR, Periphs);
 102              		.loc 2 541 3 view .LVU23
 542:Drivers/STM32WBxx_HAL_Driver/Inc/stm32wbxx_ll_bus.h ****   /* Delay after an RCC peripheral clock enabling */
 103              		.loc 2 542 3 view .LVU24
 104 0038 DA6C     		ldr	r2, [r3, #76]
 105 003a 42F00102 		orr	r2, r2, #1
 106 003e DA64     		str	r2, [r3, #76]
 544:Drivers/STM32WBxx_HAL_Driver/Inc/stm32wbxx_ll_bus.h ****   (void)tmpreg;
 107              		.loc 2 544 3 view .LVU25
 544:Drivers/STM32WBxx_HAL_Driver/Inc/stm32wbxx_ll_bus.h ****   (void)tmpreg;
 108              		.loc 2 544 12 is_stmt 0 view .LVU26
 109 0040 DB6C     		ldr	r3, [r3, #76]
 110 0042 03F00103 		and	r3, r3, #1
 544:Drivers/STM32WBxx_HAL_Driver/Inc/stm32wbxx_ll_bus.h ****   (void)tmpreg;
 111              		.loc 2 544 10 view .LVU27
 112 0046 0093     		str	r3, [sp]
 113              		.loc 2 545 3 is_stmt 1 view .LVU28
 114 0048 009B     		ldr	r3, [sp]
 115              	.LVL3:
 116              		.loc 2 545 3 is_stmt 0 view .LVU29
 117              	.LBE24:
 118              	.LBE23:
 746:Core/Src/main.c **** 
 747:Core/Src/main.c ****   /*Configure GPIO pin Output Level */
 748:Core/Src/main.c ****   HAL_GPIO_WritePin(GPIOB, LED_R_Pin|LED_G_Pin|LED_B_Pin, GPIO_PIN_RESET);
 119              		.loc 1 748 3 is_stmt 1 view .LVU30
 120 004a 1E4D     		ldr	r5, .L3
 121 004c 2246     		mov	r2, r4
ARM GAS  C:\Users\bku598\AppData\Local\Temp\ccPOR4r7.s 			page 26


 122 004e 1321     		movs	r1, #19
 123 0050 2846     		mov	r0, r5
 124 0052 FFF7FEFF 		bl	HAL_GPIO_WritePin
 125              	.LVL4:
 749:Core/Src/main.c **** 
 750:Core/Src/main.c ****   /*Configure GPIO pins : BTN_YELLOW_Pin BTN_BLUE_Pin */
 751:Core/Src/main.c ****   GPIO_InitStruct.Pin = BTN_YELLOW_Pin|BTN_BLUE_Pin;
 126              		.loc 1 751 3 view .LVU31
 127              		.loc 1 751 23 is_stmt 0 view .LVU32
 128 0056 3023     		movs	r3, #48
 129 0058 0393     		str	r3, [sp, #12]
 752:Core/Src/main.c ****   GPIO_InitStruct.Mode = GPIO_MODE_IT_FALLING;
 130              		.loc 1 752 3 is_stmt 1 view .LVU33
 131              		.loc 1 752 24 is_stmt 0 view .LVU34
 132 005a 4FF40416 		mov	r6, #2162688
 133 005e 0496     		str	r6, [sp, #16]
 753:Core/Src/main.c ****   GPIO_InitStruct.Pull = GPIO_NOPULL;
 134              		.loc 1 753 3 is_stmt 1 view .LVU35
 135              		.loc 1 753 24 is_stmt 0 view .LVU36
 136 0060 0594     		str	r4, [sp, #20]
 754:Core/Src/main.c ****   HAL_GPIO_Init(GPIOA, &GPIO_InitStruct);
 137              		.loc 1 754 3 is_stmt 1 view .LVU37
 138 0062 03A9     		add	r1, sp, #12
 139 0064 4FF09040 		mov	r0, #1207959552
 140 0068 FFF7FEFF 		bl	HAL_GPIO_Init
 141              	.LVL5:
 755:Core/Src/main.c **** 
 756:Core/Src/main.c ****   /*Configure GPIO pin : BTN_1_Pin */
 757:Core/Src/main.c ****   GPIO_InitStruct.Pin = BTN_1_Pin;
 142              		.loc 1 757 3 view .LVU38
 143              		.loc 1 757 23 is_stmt 0 view .LVU39
 144 006c 0423     		movs	r3, #4
 145 006e 0393     		str	r3, [sp, #12]
 758:Core/Src/main.c ****   GPIO_InitStruct.Mode = GPIO_MODE_IT_FALLING;
 146              		.loc 1 758 3 is_stmt 1 view .LVU40
 147              		.loc 1 758 24 is_stmt 0 view .LVU41
 148 0070 0496     		str	r6, [sp, #16]
 759:Core/Src/main.c ****   GPIO_InitStruct.Pull = GPIO_NOPULL;
 149              		.loc 1 759 3 is_stmt 1 view .LVU42
 150              		.loc 1 759 24 is_stmt 0 view .LVU43
 151 0072 0594     		str	r4, [sp, #20]
 760:Core/Src/main.c ****   HAL_GPIO_Init(BTN_1_GPIO_Port, &GPIO_InitStruct);
 152              		.loc 1 760 3 is_stmt 1 view .LVU44
 153 0074 03A9     		add	r1, sp, #12
 154 0076 2846     		mov	r0, r5
 155 0078 FFF7FEFF 		bl	HAL_GPIO_Init
 156              	.LVL6:
 761:Core/Src/main.c **** 
 762:Core/Src/main.c ****   /*Configure GPIO pins : LED_R_Pin LED_G_Pin LED_B_Pin */
 763:Core/Src/main.c ****   GPIO_InitStruct.Pin = LED_R_Pin|LED_G_Pin|LED_B_Pin;
 157              		.loc 1 763 3 view .LVU45
 158              		.loc 1 763 23 is_stmt 0 view .LVU46
 159 007c 1323     		movs	r3, #19
 160 007e 0393     		str	r3, [sp, #12]
 764:Core/Src/main.c ****   GPIO_InitStruct.Mode = GPIO_MODE_OUTPUT_PP;
 161              		.loc 1 764 3 is_stmt 1 view .LVU47
 162              		.loc 1 764 24 is_stmt 0 view .LVU48
ARM GAS  C:\Users\bku598\AppData\Local\Temp\ccPOR4r7.s 			page 27


 163 0080 0123     		movs	r3, #1
 164 0082 0493     		str	r3, [sp, #16]
 765:Core/Src/main.c ****   GPIO_InitStruct.Pull = GPIO_NOPULL;
 165              		.loc 1 765 3 is_stmt 1 view .LVU49
 166              		.loc 1 765 24 is_stmt 0 view .LVU50
 167 0084 0594     		str	r4, [sp, #20]
 766:Core/Src/main.c ****   GPIO_InitStruct.Speed = GPIO_SPEED_FREQ_LOW;
 168              		.loc 1 766 3 is_stmt 1 view .LVU51
 169              		.loc 1 766 25 is_stmt 0 view .LVU52
 170 0086 0694     		str	r4, [sp, #24]
 767:Core/Src/main.c ****   HAL_GPIO_Init(GPIOB, &GPIO_InitStruct);
 171              		.loc 1 767 3 is_stmt 1 view .LVU53
 172 0088 03A9     		add	r1, sp, #12
 173 008a 2846     		mov	r0, r5
 174 008c FFF7FEFF 		bl	HAL_GPIO_Init
 175              	.LVL7:
 768:Core/Src/main.c **** 
 769:Core/Src/main.c ****   /* EXTI interrupt init*/
 770:Core/Src/main.c ****   HAL_NVIC_SetPriority(EXTI2_IRQn, 8, 0);
 176              		.loc 1 770 3 view .LVU54
 177 0090 2246     		mov	r2, r4
 178 0092 0821     		movs	r1, #8
 179 0094 0846     		mov	r0, r1
 180 0096 FFF7FEFF 		bl	HAL_NVIC_SetPriority
 181              	.LVL8:
 771:Core/Src/main.c ****   HAL_NVIC_EnableIRQ(EXTI2_IRQn);
 182              		.loc 1 771 3 view .LVU55
 183 009a 0820     		movs	r0, #8
 184 009c FFF7FEFF 		bl	HAL_NVIC_EnableIRQ
 185              	.LVL9:
 772:Core/Src/main.c **** 
 773:Core/Src/main.c ****   HAL_NVIC_SetPriority(EXTI4_IRQn, 8, 0);
 186              		.loc 1 773 3 view .LVU56
 187 00a0 2246     		mov	r2, r4
 188 00a2 0821     		movs	r1, #8
 189 00a4 0A20     		movs	r0, #10
 190 00a6 FFF7FEFF 		bl	HAL_NVIC_SetPriority
 191              	.LVL10:
 774:Core/Src/main.c ****   HAL_NVIC_EnableIRQ(EXTI4_IRQn);
 192              		.loc 1 774 3 view .LVU57
 193 00aa 0A20     		movs	r0, #10
 194 00ac FFF7FEFF 		bl	HAL_NVIC_EnableIRQ
 195              	.LVL11:
 775:Core/Src/main.c **** 
 776:Core/Src/main.c ****   HAL_NVIC_SetPriority(EXTI9_5_IRQn, 8, 0);
 196              		.loc 1 776 3 view .LVU58
 197 00b0 2246     		mov	r2, r4
 198 00b2 0821     		movs	r1, #8
 199 00b4 1720     		movs	r0, #23
 200 00b6 FFF7FEFF 		bl	HAL_NVIC_SetPriority
 201              	.LVL12:
 777:Core/Src/main.c ****   HAL_NVIC_EnableIRQ(EXTI9_5_IRQn);
 202              		.loc 1 777 3 view .LVU59
 203 00ba 1720     		movs	r0, #23
 204 00bc FFF7FEFF 		bl	HAL_NVIC_EnableIRQ
 205              	.LVL13:
 778:Core/Src/main.c **** 
ARM GAS  C:\Users\bku598\AppData\Local\Temp\ccPOR4r7.s 			page 28


 779:Core/Src/main.c ****   /* USER CODE BEGIN MX_GPIO_Init_2 */
 780:Core/Src/main.c **** 
 781:Core/Src/main.c ****   /* USER CODE END MX_GPIO_Init_2 */
 782:Core/Src/main.c **** }
 206              		.loc 1 782 1 is_stmt 0 view .LVU60
 207 00c0 08B0     		add	sp, sp, #32
 208              	.LCFI2:
 209              		.cfi_def_cfa_offset 16
 210              		@ sp needed
 211 00c2 70BD     		pop	{r4, r5, r6, pc}
 212              	.L4:
 213              		.align	2
 214              	.L3:
 215 00c4 00040048 		.word	1207960576
 216              		.cfi_endproc
 217              	.LFE1429:
 219              		.section	.text.MX_DMA_Init,"ax",%progbits
 220              		.align	1
 221              		.syntax unified
 222              		.thumb
 223              		.thumb_func
 225              	MX_DMA_Init:
 226              	.LFB1428:
 717:Core/Src/main.c **** 
 227              		.loc 1 717 1 is_stmt 1 view -0
 228              		.cfi_startproc
 229              		@ args = 0, pretend = 0, frame = 8
 230              		@ frame_needed = 0, uses_anonymous_args = 0
 231 0000 00B5     		push	{lr}
 232              	.LCFI3:
 233              		.cfi_def_cfa_offset 4
 234              		.cfi_offset 14, -4
 235 0002 83B0     		sub	sp, sp, #12
 236              	.LCFI4:
 237              		.cfi_def_cfa_offset 16
 720:Core/Src/main.c ****   __HAL_RCC_DMA1_CLK_ENABLE();
 238              		.loc 1 720 3 view .LVU62
 239              	.LVL14:
 240              	.LBB25:
 241              	.LBI25:
 364:Drivers/STM32WBxx_HAL_Driver/Inc/stm32wbxx_ll_bus.h **** {
 242              		.loc 2 364 22 view .LVU63
 243              	.LBB26:
 366:Drivers/STM32WBxx_HAL_Driver/Inc/stm32wbxx_ll_bus.h ****   SET_BIT(RCC->AHB1ENR, Periphs);
 244              		.loc 2 366 3 view .LVU64
 367:Drivers/STM32WBxx_HAL_Driver/Inc/stm32wbxx_ll_bus.h ****   /* Delay after an RCC peripheral clock enabling */
 245              		.loc 2 367 3 view .LVU65
 246 0004 4FF0B043 		mov	r3, #1476395008
 247 0008 9A6C     		ldr	r2, [r3, #72]
 248 000a 42F00402 		orr	r2, r2, #4
 249 000e 9A64     		str	r2, [r3, #72]
 369:Drivers/STM32WBxx_HAL_Driver/Inc/stm32wbxx_ll_bus.h ****   (void)tmpreg;
 250              		.loc 2 369 3 view .LVU66
 369:Drivers/STM32WBxx_HAL_Driver/Inc/stm32wbxx_ll_bus.h ****   (void)tmpreg;
 251              		.loc 2 369 12 is_stmt 0 view .LVU67
 252 0010 9A6C     		ldr	r2, [r3, #72]
 253 0012 02F00402 		and	r2, r2, #4
ARM GAS  C:\Users\bku598\AppData\Local\Temp\ccPOR4r7.s 			page 29


 369:Drivers/STM32WBxx_HAL_Driver/Inc/stm32wbxx_ll_bus.h ****   (void)tmpreg;
 254              		.loc 2 369 10 view .LVU68
 255 0016 0192     		str	r2, [sp, #4]
 370:Drivers/STM32WBxx_HAL_Driver/Inc/stm32wbxx_ll_bus.h **** }
 256              		.loc 2 370 3 is_stmt 1 view .LVU69
 257 0018 019A     		ldr	r2, [sp, #4]
 258              	.LVL15:
 370:Drivers/STM32WBxx_HAL_Driver/Inc/stm32wbxx_ll_bus.h **** }
 259              		.loc 2 370 3 is_stmt 0 view .LVU70
 260              	.LBE26:
 261              	.LBE25:
 721:Core/Src/main.c **** 
 262              		.loc 1 721 3 is_stmt 1 view .LVU71
 263              	.LBB27:
 264              	.LBI27:
 364:Drivers/STM32WBxx_HAL_Driver/Inc/stm32wbxx_ll_bus.h **** {
 265              		.loc 2 364 22 view .LVU72
 266              	.LBB28:
 366:Drivers/STM32WBxx_HAL_Driver/Inc/stm32wbxx_ll_bus.h ****   SET_BIT(RCC->AHB1ENR, Periphs);
 267              		.loc 2 366 3 view .LVU73
 367:Drivers/STM32WBxx_HAL_Driver/Inc/stm32wbxx_ll_bus.h ****   /* Delay after an RCC peripheral clock enabling */
 268              		.loc 2 367 3 view .LVU74
 269 001a 9A6C     		ldr	r2, [r3, #72]
 270 001c 42F00102 		orr	r2, r2, #1
 271 0020 9A64     		str	r2, [r3, #72]
 369:Drivers/STM32WBxx_HAL_Driver/Inc/stm32wbxx_ll_bus.h ****   (void)tmpreg;
 272              		.loc 2 369 3 view .LVU75
 369:Drivers/STM32WBxx_HAL_Driver/Inc/stm32wbxx_ll_bus.h ****   (void)tmpreg;
 273              		.loc 2 369 12 is_stmt 0 view .LVU76
 274 0022 9B6C     		ldr	r3, [r3, #72]
 275 0024 03F00103 		and	r3, r3, #1
 369:Drivers/STM32WBxx_HAL_Driver/Inc/stm32wbxx_ll_bus.h ****   (void)tmpreg;
 276              		.loc 2 369 10 view .LVU77
 277 0028 0093     		str	r3, [sp]
 370:Drivers/STM32WBxx_HAL_Driver/Inc/stm32wbxx_ll_bus.h **** }
 278              		.loc 2 370 3 is_stmt 1 view .LVU78
 279 002a 009B     		ldr	r3, [sp]
 280              	.LVL16:
 370:Drivers/STM32WBxx_HAL_Driver/Inc/stm32wbxx_ll_bus.h **** }
 281              		.loc 2 370 3 is_stmt 0 view .LVU79
 282              	.LBE28:
 283              	.LBE27:
 725:Core/Src/main.c ****   HAL_NVIC_EnableIRQ(DMA1_Channel1_IRQn);
 284              		.loc 1 725 3 is_stmt 1 view .LVU80
 285 002c 0022     		movs	r2, #0
 286 002e 0721     		movs	r1, #7
 287 0030 0B20     		movs	r0, #11
 288 0032 FFF7FEFF 		bl	HAL_NVIC_SetPriority
 289              	.LVL17:
 726:Core/Src/main.c **** 
 290              		.loc 1 726 3 view .LVU81
 291 0036 0B20     		movs	r0, #11
 292 0038 FFF7FEFF 		bl	HAL_NVIC_EnableIRQ
 293              	.LVL18:
 728:Core/Src/main.c **** 
 294              		.loc 1 728 1 is_stmt 0 view .LVU82
 295 003c 03B0     		add	sp, sp, #12
ARM GAS  C:\Users\bku598\AppData\Local\Temp\ccPOR4r7.s 			page 30


 296              	.LCFI5:
 297              		.cfi_def_cfa_offset 4
 298              		@ sp needed
 299 003e 5DF804FB 		ldr	pc, [sp], #4
 300              		.cfi_endproc
 301              	.LFE1428:
 303              		.section	.text.HAL_GPIO_EXTI_Callback,"ax",%progbits
 304              		.align	1
 305              		.global	HAL_GPIO_EXTI_Callback
 306              		.syntax unified
 307              		.thumb
 308              		.thumb_func
 310              	HAL_GPIO_EXTI_Callback:
 311              	.LVL19:
 312              	.LFB1430:
 783:Core/Src/main.c **** 
 784:Core/Src/main.c **** /* USER CODE BEGIN 4 */
 785:Core/Src/main.c **** 
 786:Core/Src/main.c **** /* Callback function for button, rising edge */
 787:Core/Src/main.c **** void HAL_GPIO_EXTI_Callback(uint16_t GPIO_Pin)
 788:Core/Src/main.c **** {
 313              		.loc 1 788 1 is_stmt 1 view -0
 314              		.cfi_startproc
 315              		@ args = 0, pretend = 0, frame = 0
 316              		@ frame_needed = 0, uses_anonymous_args = 0
 317              		.loc 1 788 1 is_stmt 0 view .LVU84
 318 0000 10B5     		push	{r4, lr}
 319              	.LCFI6:
 320              		.cfi_def_cfa_offset 8
 321              		.cfi_offset 4, -8
 322              		.cfi_offset 14, -4
 323 0002 0446     		mov	r4, r0
 789:Core/Src/main.c ****   uint32_t interruptTime = HAL_GetTick();
 324              		.loc 1 789 3 is_stmt 1 view .LVU85
 325              		.loc 1 789 28 is_stmt 0 view .LVU86
 326 0004 FFF7FEFF 		bl	HAL_GetTick
 327              	.LVL20:
 790:Core/Src/main.c ****   static uint32_t lastTime = 0;
 328              		.loc 1 790 3 is_stmt 1 view .LVU87
 791:Core/Src/main.c **** 
 792:Core/Src/main.c ****   if(interruptTime - lastTime < 200) return; //Debounce
 329              		.loc 1 792 3 view .LVU88
 330              		.loc 1 792 20 is_stmt 0 view .LVU89
 331 0008 194B     		ldr	r3, .L18
 332 000a 1B68     		ldr	r3, [r3]
 333 000c C31A     		subs	r3, r0, r3
 334              		.loc 1 792 5 view .LVU90
 335 000e C72B     		cmp	r3, #199
 336 0010 07D9     		bls	.L7
 793:Core/Src/main.c **** 
 794:Core/Src/main.c ****   if (GPIO_Pin == BTN_1_Pin)
 337              		.loc 1 794 3 is_stmt 1 view .LVU91
 338              		.loc 1 794 6 is_stmt 0 view .LVU92
 339 0012 042C     		cmp	r4, #4
 340 0014 06D0     		beq	.L15
 341              	.L9:
 795:Core/Src/main.c ****   {
ARM GAS  C:\Users\bku598\AppData\Local\Temp\ccPOR4r7.s 			page 31


 796:Core/Src/main.c ****     if(currentLvl == MAIN_MENU)
 797:Core/Src/main.c ****     {
 798:Core/Src/main.c ****       cursorChange = 1;
 799:Core/Src/main.c ****       currentCur = (currentCur == CUR_START) ? CUR_SEND : CUR_START;
 800:Core/Src/main.c ****     }
 801:Core/Src/main.c ****   }
 802:Core/Src/main.c ****   if(GPIO_Pin == BTN_BLUE_Pin)
 342              		.loc 1 802 3 is_stmt 1 view .LVU93
 343              		.loc 1 802 5 is_stmt 0 view .LVU94
 344 0016 202C     		cmp	r4, #32
 345 0018 12D0     		beq	.L16
 346              	.L10:
 803:Core/Src/main.c ****   {
 804:Core/Src/main.c ****     if(currentLvl == MAIN_MENU)
 805:Core/Src/main.c ****     {
 806:Core/Src/main.c ****       stateChange = 1;
 807:Core/Src/main.c ****       currentLvl = (currentCur == CUR_START) ? MEASURING : SENDING;
 808:Core/Src/main.c ****     }
 809:Core/Src/main.c ****   }
 810:Core/Src/main.c ****   if(GPIO_Pin == BTN_YELLOW_Pin)
 347              		.loc 1 810 3 is_stmt 1 view .LVU95
 348              		.loc 1 810 5 is_stmt 0 view .LVU96
 349 001a 102C     		cmp	r4, #16
 350 001c 1ED0     		beq	.L17
 351              	.L12:
 811:Core/Src/main.c ****   {
 812:Core/Src/main.c ****     stateChange = 1;
 813:Core/Src/main.c ****     cursorChange = 1;
 814:Core/Src/main.c ****     currentLvl = MAIN_MENU;
 815:Core/Src/main.c ****   }
 816:Core/Src/main.c ****   lastTime = interruptTime;
 352              		.loc 1 816 3 is_stmt 1 view .LVU97
 353              		.loc 1 816 12 is_stmt 0 view .LVU98
 354 001e 144B     		ldr	r3, .L18
 355 0020 1860     		str	r0, [r3]
 356              	.L7:
 817:Core/Src/main.c **** }
 357              		.loc 1 817 1 view .LVU99
 358 0022 10BD     		pop	{r4, pc}
 359              	.LVL21:
 360              	.L15:
 796:Core/Src/main.c ****     {
 361              		.loc 1 796 5 is_stmt 1 view .LVU100
 796:Core/Src/main.c ****     {
 362              		.loc 1 796 19 is_stmt 0 view .LVU101
 363 0024 134B     		ldr	r3, .L18+4
 364 0026 1B78     		ldrb	r3, [r3]	@ zero_extendqisi2
 796:Core/Src/main.c ****     {
 365              		.loc 1 796 7 view .LVU102
 366 0028 002B     		cmp	r3, #0
 367 002a F4D1     		bne	.L9
 798:Core/Src/main.c ****       currentCur = (currentCur == CUR_START) ? CUR_SEND : CUR_START;
 368              		.loc 1 798 7 is_stmt 1 view .LVU103
 798:Core/Src/main.c ****       currentCur = (currentCur == CUR_START) ? CUR_SEND : CUR_START;
 369              		.loc 1 798 20 is_stmt 0 view .LVU104
 370 002c 124B     		ldr	r3, .L18+8
 371 002e 0122     		movs	r2, #1
ARM GAS  C:\Users\bku598\AppData\Local\Temp\ccPOR4r7.s 			page 32


 372 0030 1A70     		strb	r2, [r3]
 799:Core/Src/main.c ****     }
 373              		.loc 1 799 7 is_stmt 1 view .LVU105
 799:Core/Src/main.c ****     }
 374              		.loc 1 799 57 is_stmt 0 view .LVU106
 375 0032 124A     		ldr	r2, .L18+12
 376 0034 1378     		ldrb	r3, [r2]	@ zero_extendqisi2
 377 0036 B3FA83F3 		clz	r3, r3
 378 003a 5B09     		lsrs	r3, r3, #5
 799:Core/Src/main.c ****     }
 379              		.loc 1 799 18 view .LVU107
 380 003c 1370     		strb	r3, [r2]
 381 003e EAE7     		b	.L9
 382              	.L16:
 804:Core/Src/main.c ****     {
 383              		.loc 1 804 5 is_stmt 1 view .LVU108
 804:Core/Src/main.c ****     {
 384              		.loc 1 804 19 is_stmt 0 view .LVU109
 385 0040 0C4B     		ldr	r3, .L18+4
 386 0042 1B78     		ldrb	r3, [r3]	@ zero_extendqisi2
 804:Core/Src/main.c ****     {
 387              		.loc 1 804 7 view .LVU110
 388 0044 002B     		cmp	r3, #0
 389 0046 E8D1     		bne	.L10
 806:Core/Src/main.c ****       currentLvl = (currentCur == CUR_START) ? MEASURING : SENDING;
 390              		.loc 1 806 7 is_stmt 1 view .LVU111
 806:Core/Src/main.c ****       currentLvl = (currentCur == CUR_START) ? MEASURING : SENDING;
 391              		.loc 1 806 19 is_stmt 0 view .LVU112
 392 0048 0D4B     		ldr	r3, .L18+16
 393 004a 0122     		movs	r2, #1
 394 004c 1A70     		strb	r2, [r3]
 807:Core/Src/main.c ****     }
 395              		.loc 1 807 7 is_stmt 1 view .LVU113
 807:Core/Src/main.c ****     }
 396              		.loc 1 807 32 is_stmt 0 view .LVU114
 397 004e 0B4B     		ldr	r3, .L18+12
 398 0050 1B78     		ldrb	r3, [r3]	@ zero_extendqisi2
 807:Core/Src/main.c ****     }
 399              		.loc 1 807 58 view .LVU115
 400 0052 03B1     		cbz	r3, .L11
 807:Core/Src/main.c ****     }
 401              		.loc 1 807 58 discriminator 2 view .LVU116
 402 0054 0222     		movs	r2, #2
 403              	.L11:
 807:Core/Src/main.c ****     }
 404              		.loc 1 807 18 discriminator 4 view .LVU117
 405 0056 074B     		ldr	r3, .L18+4
 406 0058 1A70     		strb	r2, [r3]
 407 005a DEE7     		b	.L10
 408              	.L17:
 812:Core/Src/main.c ****     cursorChange = 1;
 409              		.loc 1 812 5 is_stmt 1 view .LVU118
 812:Core/Src/main.c ****     cursorChange = 1;
 410              		.loc 1 812 17 is_stmt 0 view .LVU119
 411 005c 0123     		movs	r3, #1
 412 005e 084A     		ldr	r2, .L18+16
 413 0060 1370     		strb	r3, [r2]
ARM GAS  C:\Users\bku598\AppData\Local\Temp\ccPOR4r7.s 			page 33


 813:Core/Src/main.c ****     currentLvl = MAIN_MENU;
 414              		.loc 1 813 5 is_stmt 1 view .LVU120
 813:Core/Src/main.c ****     currentLvl = MAIN_MENU;
 415              		.loc 1 813 18 is_stmt 0 view .LVU121
 416 0062 054A     		ldr	r2, .L18+8
 417 0064 1370     		strb	r3, [r2]
 814:Core/Src/main.c ****   }
 418              		.loc 1 814 5 is_stmt 1 view .LVU122
 814:Core/Src/main.c ****   }
 419              		.loc 1 814 16 is_stmt 0 view .LVU123
 420 0066 034B     		ldr	r3, .L18+4
 421 0068 0022     		movs	r2, #0
 422 006a 1A70     		strb	r2, [r3]
 423 006c D7E7     		b	.L12
 424              	.L19:
 425 006e 00BF     		.align	2
 426              	.L18:
 427 0070 00000000 		.word	lastTime.0
 428 0074 00000000 		.word	currentLvl
 429 0078 00000000 		.word	cursorChange
 430 007c 00000000 		.word	currentCur
 431 0080 00000000 		.word	stateChange
 432              		.cfi_endproc
 433              	.LFE1430:
 435              		.section	.text.HAL_TIM_PeriodElapsedCallback,"ax",%progbits
 436              		.align	1
 437              		.global	HAL_TIM_PeriodElapsedCallback
 438              		.syntax unified
 439              		.thumb
 440              		.thumb_func
 442              	HAL_TIM_PeriodElapsedCallback:
 443              	.LVL22:
 444              	.LFB1431:
 818:Core/Src/main.c **** 
 819:Core/Src/main.c **** void HAL_TIM_PeriodElapsedCallback(TIM_HandleTypeDef *htim)
 820:Core/Src/main.c **** {
 445              		.loc 1 820 1 is_stmt 1 view -0
 446              		.cfi_startproc
 447              		@ args = 0, pretend = 0, frame = 0
 448              		@ frame_needed = 0, uses_anonymous_args = 0
 449              		@ link register save eliminated.
 821:Core/Src/main.c ****   if (htim == &htim16)
 450              		.loc 1 821 3 view .LVU125
 451              		.loc 1 821 6 is_stmt 0 view .LVU126
 452 0000 044B     		ldr	r3, .L23
 453 0002 8342     		cmp	r3, r0
 454 0004 00D0     		beq	.L22
 455              	.L20:
 822:Core/Src/main.c ****   {
 823:Core/Src/main.c ****     tastScheduler++;
 824:Core/Src/main.c ****   }
 825:Core/Src/main.c **** }
 456              		.loc 1 825 1 view .LVU127
 457 0006 7047     		bx	lr
 458              	.L22:
 823:Core/Src/main.c ****   }
 459              		.loc 1 823 5 is_stmt 1 view .LVU128
ARM GAS  C:\Users\bku598\AppData\Local\Temp\ccPOR4r7.s 			page 34


 823:Core/Src/main.c ****   }
 460              		.loc 1 823 18 is_stmt 0 view .LVU129
 461 0008 034A     		ldr	r2, .L23+4
 462 000a 1378     		ldrb	r3, [r2]	@ zero_extendqisi2
 463 000c 0133     		adds	r3, r3, #1
 464 000e 1370     		strb	r3, [r2]
 465              		.loc 1 825 1 view .LVU130
 466 0010 F9E7     		b	.L20
 467              	.L24:
 468 0012 00BF     		.align	2
 469              	.L23:
 470 0014 00000000 		.word	htim16
 471 0018 00000000 		.word	tastScheduler
 472              		.cfi_endproc
 473              	.LFE1431:
 475              		.section	.text.Error_Handler,"ax",%progbits
 476              		.align	1
 477              		.global	Error_Handler
 478              		.syntax unified
 479              		.thumb
 480              		.thumb_func
 482              	Error_Handler:
 483              	.LFB1432:
 826:Core/Src/main.c **** 
 827:Core/Src/main.c **** /* USER CODE END 4 */
 828:Core/Src/main.c **** 
 829:Core/Src/main.c **** /**
 830:Core/Src/main.c ****   * @brief  This function is executed in case of error occurrence.
 831:Core/Src/main.c ****   * @retval None
 832:Core/Src/main.c ****   */
 833:Core/Src/main.c **** void Error_Handler(void)
 834:Core/Src/main.c **** {
 484              		.loc 1 834 1 is_stmt 1 view -0
 485              		.cfi_startproc
 486              		@ Volatile: function does not return.
 487              		@ args = 0, pretend = 0, frame = 0
 488              		@ frame_needed = 0, uses_anonymous_args = 0
 489              		@ link register save eliminated.
 835:Core/Src/main.c ****   /* USER CODE BEGIN Error_Handler_Debug */
 836:Core/Src/main.c ****   /* User can add his own implementation to report the HAL error return state */
 837:Core/Src/main.c ****   __disable_irq();
 490              		.loc 1 837 3 view .LVU132
 491              	.LBB29:
 492              	.LBI29:
 493              		.file 3 "Drivers/CMSIS/Include/cmsis_gcc.h"
   1:Drivers/CMSIS/Include/cmsis_gcc.h **** /**************************************************************************//**
   2:Drivers/CMSIS/Include/cmsis_gcc.h ****  * @file     cmsis_gcc.h
   3:Drivers/CMSIS/Include/cmsis_gcc.h ****  * @brief    CMSIS compiler GCC header file
   4:Drivers/CMSIS/Include/cmsis_gcc.h ****  * @version  V5.2.0
   5:Drivers/CMSIS/Include/cmsis_gcc.h ****  * @date     08. May 2019
   6:Drivers/CMSIS/Include/cmsis_gcc.h ****  ******************************************************************************/
   7:Drivers/CMSIS/Include/cmsis_gcc.h **** /*
   8:Drivers/CMSIS/Include/cmsis_gcc.h ****  * Copyright (c) 2009-2019 Arm Limited. All rights reserved.
   9:Drivers/CMSIS/Include/cmsis_gcc.h ****  *
  10:Drivers/CMSIS/Include/cmsis_gcc.h ****  * SPDX-License-Identifier: Apache-2.0
  11:Drivers/CMSIS/Include/cmsis_gcc.h ****  *
  12:Drivers/CMSIS/Include/cmsis_gcc.h ****  * Licensed under the Apache License, Version 2.0 (the License); you may
ARM GAS  C:\Users\bku598\AppData\Local\Temp\ccPOR4r7.s 			page 35


  13:Drivers/CMSIS/Include/cmsis_gcc.h ****  * not use this file except in compliance with the License.
  14:Drivers/CMSIS/Include/cmsis_gcc.h ****  * You may obtain a copy of the License at
  15:Drivers/CMSIS/Include/cmsis_gcc.h ****  *
  16:Drivers/CMSIS/Include/cmsis_gcc.h ****  * www.apache.org/licenses/LICENSE-2.0
  17:Drivers/CMSIS/Include/cmsis_gcc.h ****  *
  18:Drivers/CMSIS/Include/cmsis_gcc.h ****  * Unless required by applicable law or agreed to in writing, software
  19:Drivers/CMSIS/Include/cmsis_gcc.h ****  * distributed under the License is distributed on an AS IS BASIS, WITHOUT
  20:Drivers/CMSIS/Include/cmsis_gcc.h ****  * WARRANTIES OR CONDITIONS OF ANY KIND, either express or implied.
  21:Drivers/CMSIS/Include/cmsis_gcc.h ****  * See the License for the specific language governing permissions and
  22:Drivers/CMSIS/Include/cmsis_gcc.h ****  * limitations under the License.
  23:Drivers/CMSIS/Include/cmsis_gcc.h ****  */
  24:Drivers/CMSIS/Include/cmsis_gcc.h **** 
  25:Drivers/CMSIS/Include/cmsis_gcc.h **** #ifndef __CMSIS_GCC_H
  26:Drivers/CMSIS/Include/cmsis_gcc.h **** #define __CMSIS_GCC_H
  27:Drivers/CMSIS/Include/cmsis_gcc.h **** 
  28:Drivers/CMSIS/Include/cmsis_gcc.h **** /* ignore some GCC warnings */
  29:Drivers/CMSIS/Include/cmsis_gcc.h **** #pragma GCC diagnostic push
  30:Drivers/CMSIS/Include/cmsis_gcc.h **** #pragma GCC diagnostic ignored "-Wsign-conversion"
  31:Drivers/CMSIS/Include/cmsis_gcc.h **** #pragma GCC diagnostic ignored "-Wconversion"
  32:Drivers/CMSIS/Include/cmsis_gcc.h **** #pragma GCC diagnostic ignored "-Wunused-parameter"
  33:Drivers/CMSIS/Include/cmsis_gcc.h **** 
  34:Drivers/CMSIS/Include/cmsis_gcc.h **** /* Fallback for __has_builtin */
  35:Drivers/CMSIS/Include/cmsis_gcc.h **** #ifndef __has_builtin
  36:Drivers/CMSIS/Include/cmsis_gcc.h ****   #define __has_builtin(x) (0)
  37:Drivers/CMSIS/Include/cmsis_gcc.h **** #endif
  38:Drivers/CMSIS/Include/cmsis_gcc.h **** 
  39:Drivers/CMSIS/Include/cmsis_gcc.h **** /* CMSIS compiler specific defines */
  40:Drivers/CMSIS/Include/cmsis_gcc.h **** #ifndef   __ASM
  41:Drivers/CMSIS/Include/cmsis_gcc.h ****   #define __ASM                                  __asm
  42:Drivers/CMSIS/Include/cmsis_gcc.h **** #endif
  43:Drivers/CMSIS/Include/cmsis_gcc.h **** #ifndef   __INLINE
  44:Drivers/CMSIS/Include/cmsis_gcc.h ****   #define __INLINE                               inline
  45:Drivers/CMSIS/Include/cmsis_gcc.h **** #endif
  46:Drivers/CMSIS/Include/cmsis_gcc.h **** #ifndef   __STATIC_INLINE
  47:Drivers/CMSIS/Include/cmsis_gcc.h ****   #define __STATIC_INLINE                        static inline
  48:Drivers/CMSIS/Include/cmsis_gcc.h **** #endif
  49:Drivers/CMSIS/Include/cmsis_gcc.h **** #ifndef   __STATIC_FORCEINLINE                 
  50:Drivers/CMSIS/Include/cmsis_gcc.h ****   #define __STATIC_FORCEINLINE                   __attribute__((always_inline)) static inline
  51:Drivers/CMSIS/Include/cmsis_gcc.h **** #endif                                           
  52:Drivers/CMSIS/Include/cmsis_gcc.h **** #ifndef   __NO_RETURN
  53:Drivers/CMSIS/Include/cmsis_gcc.h ****   #define __NO_RETURN                            __attribute__((__noreturn__))
  54:Drivers/CMSIS/Include/cmsis_gcc.h **** #endif
  55:Drivers/CMSIS/Include/cmsis_gcc.h **** #ifndef   __USED
  56:Drivers/CMSIS/Include/cmsis_gcc.h ****   #define __USED                                 __attribute__((used))
  57:Drivers/CMSIS/Include/cmsis_gcc.h **** #endif
  58:Drivers/CMSIS/Include/cmsis_gcc.h **** #ifndef   __WEAK
  59:Drivers/CMSIS/Include/cmsis_gcc.h ****   #define __WEAK                                 __attribute__((weak))
  60:Drivers/CMSIS/Include/cmsis_gcc.h **** #endif
  61:Drivers/CMSIS/Include/cmsis_gcc.h **** #ifndef   __PACKED
  62:Drivers/CMSIS/Include/cmsis_gcc.h ****   #define __PACKED                               __attribute__((packed, aligned(1)))
  63:Drivers/CMSIS/Include/cmsis_gcc.h **** #endif
  64:Drivers/CMSIS/Include/cmsis_gcc.h **** #ifndef   __PACKED_STRUCT
  65:Drivers/CMSIS/Include/cmsis_gcc.h ****   #define __PACKED_STRUCT                        struct __attribute__((packed, aligned(1)))
  66:Drivers/CMSIS/Include/cmsis_gcc.h **** #endif
  67:Drivers/CMSIS/Include/cmsis_gcc.h **** #ifndef   __PACKED_UNION
  68:Drivers/CMSIS/Include/cmsis_gcc.h ****   #define __PACKED_UNION                         union __attribute__((packed, aligned(1)))
  69:Drivers/CMSIS/Include/cmsis_gcc.h **** #endif
ARM GAS  C:\Users\bku598\AppData\Local\Temp\ccPOR4r7.s 			page 36


  70:Drivers/CMSIS/Include/cmsis_gcc.h **** #ifndef   __UNALIGNED_UINT32        /* deprecated */
  71:Drivers/CMSIS/Include/cmsis_gcc.h ****   #pragma GCC diagnostic push
  72:Drivers/CMSIS/Include/cmsis_gcc.h ****   #pragma GCC diagnostic ignored "-Wpacked"
  73:Drivers/CMSIS/Include/cmsis_gcc.h ****   #pragma GCC diagnostic ignored "-Wattributes"
  74:Drivers/CMSIS/Include/cmsis_gcc.h ****   struct __attribute__((packed)) T_UINT32 { uint32_t v; };
  75:Drivers/CMSIS/Include/cmsis_gcc.h ****   #pragma GCC diagnostic pop
  76:Drivers/CMSIS/Include/cmsis_gcc.h ****   #define __UNALIGNED_UINT32(x)                  (((struct T_UINT32 *)(x))->v)
  77:Drivers/CMSIS/Include/cmsis_gcc.h **** #endif
  78:Drivers/CMSIS/Include/cmsis_gcc.h **** #ifndef   __UNALIGNED_UINT16_WRITE
  79:Drivers/CMSIS/Include/cmsis_gcc.h ****   #pragma GCC diagnostic push
  80:Drivers/CMSIS/Include/cmsis_gcc.h ****   #pragma GCC diagnostic ignored "-Wpacked"
  81:Drivers/CMSIS/Include/cmsis_gcc.h ****   #pragma GCC diagnostic ignored "-Wattributes"
  82:Drivers/CMSIS/Include/cmsis_gcc.h ****   __PACKED_STRUCT T_UINT16_WRITE { uint16_t v; };
  83:Drivers/CMSIS/Include/cmsis_gcc.h ****   #pragma GCC diagnostic pop
  84:Drivers/CMSIS/Include/cmsis_gcc.h ****   #define __UNALIGNED_UINT16_WRITE(addr, val)    (void)((((struct T_UINT16_WRITE *)(void *)(addr))-
  85:Drivers/CMSIS/Include/cmsis_gcc.h **** #endif
  86:Drivers/CMSIS/Include/cmsis_gcc.h **** #ifndef   __UNALIGNED_UINT16_READ
  87:Drivers/CMSIS/Include/cmsis_gcc.h ****   #pragma GCC diagnostic push
  88:Drivers/CMSIS/Include/cmsis_gcc.h ****   #pragma GCC diagnostic ignored "-Wpacked"
  89:Drivers/CMSIS/Include/cmsis_gcc.h ****   #pragma GCC diagnostic ignored "-Wattributes"
  90:Drivers/CMSIS/Include/cmsis_gcc.h ****   __PACKED_STRUCT T_UINT16_READ { uint16_t v; };
  91:Drivers/CMSIS/Include/cmsis_gcc.h ****   #pragma GCC diagnostic pop
  92:Drivers/CMSIS/Include/cmsis_gcc.h ****   #define __UNALIGNED_UINT16_READ(addr)          (((const struct T_UINT16_READ *)(const void *)(add
  93:Drivers/CMSIS/Include/cmsis_gcc.h **** #endif
  94:Drivers/CMSIS/Include/cmsis_gcc.h **** #ifndef   __UNALIGNED_UINT32_WRITE
  95:Drivers/CMSIS/Include/cmsis_gcc.h ****   #pragma GCC diagnostic push
  96:Drivers/CMSIS/Include/cmsis_gcc.h ****   #pragma GCC diagnostic ignored "-Wpacked"
  97:Drivers/CMSIS/Include/cmsis_gcc.h ****   #pragma GCC diagnostic ignored "-Wattributes"
  98:Drivers/CMSIS/Include/cmsis_gcc.h ****   __PACKED_STRUCT T_UINT32_WRITE { uint32_t v; };
  99:Drivers/CMSIS/Include/cmsis_gcc.h ****   #pragma GCC diagnostic pop
 100:Drivers/CMSIS/Include/cmsis_gcc.h ****   #define __UNALIGNED_UINT32_WRITE(addr, val)    (void)((((struct T_UINT32_WRITE *)(void *)(addr))-
 101:Drivers/CMSIS/Include/cmsis_gcc.h **** #endif
 102:Drivers/CMSIS/Include/cmsis_gcc.h **** #ifndef   __UNALIGNED_UINT32_READ
 103:Drivers/CMSIS/Include/cmsis_gcc.h ****   #pragma GCC diagnostic push
 104:Drivers/CMSIS/Include/cmsis_gcc.h ****   #pragma GCC diagnostic ignored "-Wpacked"
 105:Drivers/CMSIS/Include/cmsis_gcc.h ****   #pragma GCC diagnostic ignored "-Wattributes"
 106:Drivers/CMSIS/Include/cmsis_gcc.h ****   __PACKED_STRUCT T_UINT32_READ { uint32_t v; };
 107:Drivers/CMSIS/Include/cmsis_gcc.h ****   #pragma GCC diagnostic pop
 108:Drivers/CMSIS/Include/cmsis_gcc.h ****   #define __UNALIGNED_UINT32_READ(addr)          (((const struct T_UINT32_READ *)(const void *)(add
 109:Drivers/CMSIS/Include/cmsis_gcc.h **** #endif
 110:Drivers/CMSIS/Include/cmsis_gcc.h **** #ifndef   __ALIGNED
 111:Drivers/CMSIS/Include/cmsis_gcc.h ****   #define __ALIGNED(x)                           __attribute__((aligned(x)))
 112:Drivers/CMSIS/Include/cmsis_gcc.h **** #endif
 113:Drivers/CMSIS/Include/cmsis_gcc.h **** #ifndef   __RESTRICT
 114:Drivers/CMSIS/Include/cmsis_gcc.h ****   #define __RESTRICT                             __restrict
 115:Drivers/CMSIS/Include/cmsis_gcc.h **** #endif
 116:Drivers/CMSIS/Include/cmsis_gcc.h **** #ifndef   __COMPILER_BARRIER
 117:Drivers/CMSIS/Include/cmsis_gcc.h ****   #define __COMPILER_BARRIER()                   __ASM volatile("":::"memory")
 118:Drivers/CMSIS/Include/cmsis_gcc.h **** #endif
 119:Drivers/CMSIS/Include/cmsis_gcc.h **** 
 120:Drivers/CMSIS/Include/cmsis_gcc.h **** /* #########################  Startup and Lowlevel Init  ######################## */
 121:Drivers/CMSIS/Include/cmsis_gcc.h **** 
 122:Drivers/CMSIS/Include/cmsis_gcc.h **** #ifndef __PROGRAM_START
 123:Drivers/CMSIS/Include/cmsis_gcc.h **** 
 124:Drivers/CMSIS/Include/cmsis_gcc.h **** /**
 125:Drivers/CMSIS/Include/cmsis_gcc.h ****   \brief   Initializes data and bss sections
 126:Drivers/CMSIS/Include/cmsis_gcc.h ****   \details This default implementations initialized all data and additional bss
ARM GAS  C:\Users\bku598\AppData\Local\Temp\ccPOR4r7.s 			page 37


 127:Drivers/CMSIS/Include/cmsis_gcc.h ****            sections relying on .copy.table and .zero.table specified properly
 128:Drivers/CMSIS/Include/cmsis_gcc.h ****            in the used linker script.
 129:Drivers/CMSIS/Include/cmsis_gcc.h ****   
 130:Drivers/CMSIS/Include/cmsis_gcc.h ****  */
 131:Drivers/CMSIS/Include/cmsis_gcc.h **** __STATIC_FORCEINLINE __NO_RETURN void __cmsis_start(void)
 132:Drivers/CMSIS/Include/cmsis_gcc.h **** {
 133:Drivers/CMSIS/Include/cmsis_gcc.h ****   extern void _start(void) __NO_RETURN;
 134:Drivers/CMSIS/Include/cmsis_gcc.h ****   
 135:Drivers/CMSIS/Include/cmsis_gcc.h ****   typedef struct {
 136:Drivers/CMSIS/Include/cmsis_gcc.h ****     uint32_t const* src;
 137:Drivers/CMSIS/Include/cmsis_gcc.h ****     uint32_t* dest;
 138:Drivers/CMSIS/Include/cmsis_gcc.h ****     uint32_t  wlen;
 139:Drivers/CMSIS/Include/cmsis_gcc.h ****   } __copy_table_t;
 140:Drivers/CMSIS/Include/cmsis_gcc.h ****   
 141:Drivers/CMSIS/Include/cmsis_gcc.h ****   typedef struct {
 142:Drivers/CMSIS/Include/cmsis_gcc.h ****     uint32_t* dest;
 143:Drivers/CMSIS/Include/cmsis_gcc.h ****     uint32_t  wlen;
 144:Drivers/CMSIS/Include/cmsis_gcc.h ****   } __zero_table_t;
 145:Drivers/CMSIS/Include/cmsis_gcc.h ****   
 146:Drivers/CMSIS/Include/cmsis_gcc.h ****   extern const __copy_table_t __copy_table_start__;
 147:Drivers/CMSIS/Include/cmsis_gcc.h ****   extern const __copy_table_t __copy_table_end__;
 148:Drivers/CMSIS/Include/cmsis_gcc.h ****   extern const __zero_table_t __zero_table_start__;
 149:Drivers/CMSIS/Include/cmsis_gcc.h ****   extern const __zero_table_t __zero_table_end__;
 150:Drivers/CMSIS/Include/cmsis_gcc.h **** 
 151:Drivers/CMSIS/Include/cmsis_gcc.h ****   for (__copy_table_t const* pTable = &__copy_table_start__; pTable < &__copy_table_end__; ++pTable
 152:Drivers/CMSIS/Include/cmsis_gcc.h ****     for(uint32_t i=0u; i<pTable->wlen; ++i) {
 153:Drivers/CMSIS/Include/cmsis_gcc.h ****       pTable->dest[i] = pTable->src[i];
 154:Drivers/CMSIS/Include/cmsis_gcc.h ****     }
 155:Drivers/CMSIS/Include/cmsis_gcc.h ****   }
 156:Drivers/CMSIS/Include/cmsis_gcc.h ****  
 157:Drivers/CMSIS/Include/cmsis_gcc.h ****   for (__zero_table_t const* pTable = &__zero_table_start__; pTable < &__zero_table_end__; ++pTable
 158:Drivers/CMSIS/Include/cmsis_gcc.h ****     for(uint32_t i=0u; i<pTable->wlen; ++i) {
 159:Drivers/CMSIS/Include/cmsis_gcc.h ****       pTable->dest[i] = 0u;
 160:Drivers/CMSIS/Include/cmsis_gcc.h ****     }
 161:Drivers/CMSIS/Include/cmsis_gcc.h ****   }
 162:Drivers/CMSIS/Include/cmsis_gcc.h ****  
 163:Drivers/CMSIS/Include/cmsis_gcc.h ****   _start();
 164:Drivers/CMSIS/Include/cmsis_gcc.h **** }
 165:Drivers/CMSIS/Include/cmsis_gcc.h ****   
 166:Drivers/CMSIS/Include/cmsis_gcc.h **** #define __PROGRAM_START           __cmsis_start
 167:Drivers/CMSIS/Include/cmsis_gcc.h **** #endif
 168:Drivers/CMSIS/Include/cmsis_gcc.h **** 
 169:Drivers/CMSIS/Include/cmsis_gcc.h **** #ifndef __INITIAL_SP
 170:Drivers/CMSIS/Include/cmsis_gcc.h **** #define __INITIAL_SP              __StackTop
 171:Drivers/CMSIS/Include/cmsis_gcc.h **** #endif
 172:Drivers/CMSIS/Include/cmsis_gcc.h **** 
 173:Drivers/CMSIS/Include/cmsis_gcc.h **** #ifndef __STACK_LIMIT
 174:Drivers/CMSIS/Include/cmsis_gcc.h **** #define __STACK_LIMIT             __StackLimit
 175:Drivers/CMSIS/Include/cmsis_gcc.h **** #endif
 176:Drivers/CMSIS/Include/cmsis_gcc.h **** 
 177:Drivers/CMSIS/Include/cmsis_gcc.h **** #ifndef __VECTOR_TABLE
 178:Drivers/CMSIS/Include/cmsis_gcc.h **** #define __VECTOR_TABLE            __Vectors
 179:Drivers/CMSIS/Include/cmsis_gcc.h **** #endif
 180:Drivers/CMSIS/Include/cmsis_gcc.h **** 
 181:Drivers/CMSIS/Include/cmsis_gcc.h **** #ifndef __VECTOR_TABLE_ATTRIBUTE
 182:Drivers/CMSIS/Include/cmsis_gcc.h **** #define __VECTOR_TABLE_ATTRIBUTE  __attribute((used, section(".vectors")))
 183:Drivers/CMSIS/Include/cmsis_gcc.h **** #endif
ARM GAS  C:\Users\bku598\AppData\Local\Temp\ccPOR4r7.s 			page 38


 184:Drivers/CMSIS/Include/cmsis_gcc.h **** 
 185:Drivers/CMSIS/Include/cmsis_gcc.h **** /* ###########################  Core Function Access  ########################### */
 186:Drivers/CMSIS/Include/cmsis_gcc.h **** /** \ingroup  CMSIS_Core_FunctionInterface
 187:Drivers/CMSIS/Include/cmsis_gcc.h ****     \defgroup CMSIS_Core_RegAccFunctions CMSIS Core Register Access Functions
 188:Drivers/CMSIS/Include/cmsis_gcc.h ****   @{
 189:Drivers/CMSIS/Include/cmsis_gcc.h ****  */
 190:Drivers/CMSIS/Include/cmsis_gcc.h **** 
 191:Drivers/CMSIS/Include/cmsis_gcc.h **** /**
 192:Drivers/CMSIS/Include/cmsis_gcc.h ****   \brief   Enable IRQ Interrupts
 193:Drivers/CMSIS/Include/cmsis_gcc.h ****   \details Enables IRQ interrupts by clearing the I-bit in the CPSR.
 194:Drivers/CMSIS/Include/cmsis_gcc.h ****            Can only be executed in Privileged modes.
 195:Drivers/CMSIS/Include/cmsis_gcc.h ****  */
 196:Drivers/CMSIS/Include/cmsis_gcc.h **** __STATIC_FORCEINLINE void __enable_irq(void)
 197:Drivers/CMSIS/Include/cmsis_gcc.h **** {
 198:Drivers/CMSIS/Include/cmsis_gcc.h ****   __ASM volatile ("cpsie i" : : : "memory");
 199:Drivers/CMSIS/Include/cmsis_gcc.h **** }
 200:Drivers/CMSIS/Include/cmsis_gcc.h **** 
 201:Drivers/CMSIS/Include/cmsis_gcc.h **** 
 202:Drivers/CMSIS/Include/cmsis_gcc.h **** /**
 203:Drivers/CMSIS/Include/cmsis_gcc.h ****   \brief   Disable IRQ Interrupts
 204:Drivers/CMSIS/Include/cmsis_gcc.h ****   \details Disables IRQ interrupts by setting the I-bit in the CPSR.
 205:Drivers/CMSIS/Include/cmsis_gcc.h ****            Can only be executed in Privileged modes.
 206:Drivers/CMSIS/Include/cmsis_gcc.h ****  */
 207:Drivers/CMSIS/Include/cmsis_gcc.h **** __STATIC_FORCEINLINE void __disable_irq(void)
 494              		.loc 3 207 27 view .LVU133
 495              	.LBB30:
 208:Drivers/CMSIS/Include/cmsis_gcc.h **** {
 209:Drivers/CMSIS/Include/cmsis_gcc.h ****   __ASM volatile ("cpsid i" : : : "memory");
 496              		.loc 3 209 3 view .LVU134
 497              		.syntax unified
 498              	@ 209 "Drivers/CMSIS/Include/cmsis_gcc.h" 1
 499 0000 72B6     		cpsid i
 500              	@ 0 "" 2
 501              		.thumb
 502              		.syntax unified
 503              	.L26:
 504              	.LBE30:
 505              	.LBE29:
 838:Core/Src/main.c ****   while (1)
 506              		.loc 1 838 3 view .LVU135
 839:Core/Src/main.c ****   {
 840:Core/Src/main.c ****     //NVIC_SystemReset();
 841:Core/Src/main.c ****   }
 507              		.loc 1 841 3 view .LVU136
 838:Core/Src/main.c ****   while (1)
 508              		.loc 1 838 9 view .LVU137
 509 0002 FEE7     		b	.L26
 510              		.cfi_endproc
 511              	.LFE1432:
 513              		.section	.text.MX_IPCC_Init,"ax",%progbits
 514              		.align	1
 515              		.syntax unified
 516              		.thumb
 517              		.thumb_func
 519              	MX_IPCC_Init:
 520              	.LFB1421:
 487:Core/Src/main.c **** 
ARM GAS  C:\Users\bku598\AppData\Local\Temp\ccPOR4r7.s 			page 39


 521              		.loc 1 487 1 view -0
 522              		.cfi_startproc
 523              		@ args = 0, pretend = 0, frame = 0
 524              		@ frame_needed = 0, uses_anonymous_args = 0
 525 0000 08B5     		push	{r3, lr}
 526              	.LCFI7:
 527              		.cfi_def_cfa_offset 8
 528              		.cfi_offset 3, -8
 529              		.cfi_offset 14, -4
 496:Core/Src/main.c ****   if (HAL_IPCC_Init(&hipcc) != HAL_OK)
 530              		.loc 1 496 3 view .LVU139
 496:Core/Src/main.c ****   if (HAL_IPCC_Init(&hipcc) != HAL_OK)
 531              		.loc 1 496 18 is_stmt 0 view .LVU140
 532 0002 0448     		ldr	r0, .L31
 533 0004 044B     		ldr	r3, .L31+4
 534 0006 0360     		str	r3, [r0]
 497:Core/Src/main.c ****   {
 535              		.loc 1 497 3 is_stmt 1 view .LVU141
 497:Core/Src/main.c ****   {
 536              		.loc 1 497 7 is_stmt 0 view .LVU142
 537 0008 FFF7FEFF 		bl	HAL_IPCC_Init
 538              	.LVL23:
 497:Core/Src/main.c ****   {
 539              		.loc 1 497 6 discriminator 1 view .LVU143
 540 000c 00B9     		cbnz	r0, .L30
 505:Core/Src/main.c **** 
 541              		.loc 1 505 1 view .LVU144
 542 000e 08BD     		pop	{r3, pc}
 543              	.L30:
 499:Core/Src/main.c ****   }
 544              		.loc 1 499 5 is_stmt 1 view .LVU145
 545 0010 FFF7FEFF 		bl	Error_Handler
 546              	.LVL24:
 547              	.L32:
 548              		.align	2
 549              	.L31:
 550 0014 00000000 		.word	hipcc
 551 0018 000C0058 		.word	1476398080
 552              		.cfi_endproc
 553              	.LFE1421:
 555              		.section	.text.MX_I2C1_Init,"ax",%progbits
 556              		.align	1
 557              		.syntax unified
 558              		.thumb
 559              		.thumb_func
 561              	MX_I2C1_Init:
 562              	.LFB1420:
 435:Core/Src/main.c **** 
 563              		.loc 1 435 1 view -0
 564              		.cfi_startproc
 565              		@ args = 0, pretend = 0, frame = 0
 566              		@ frame_needed = 0, uses_anonymous_args = 0
 567 0000 08B5     		push	{r3, lr}
 568              	.LCFI8:
 569              		.cfi_def_cfa_offset 8
 570              		.cfi_offset 3, -8
 571              		.cfi_offset 14, -4
ARM GAS  C:\Users\bku598\AppData\Local\Temp\ccPOR4r7.s 			page 40


 444:Core/Src/main.c ****   hi2c1.Init.Timing = 0x00910B1C;
 572              		.loc 1 444 3 view .LVU147
 444:Core/Src/main.c ****   hi2c1.Init.Timing = 0x00910B1C;
 573              		.loc 1 444 18 is_stmt 0 view .LVU148
 574 0002 1348     		ldr	r0, .L41
 575 0004 134B     		ldr	r3, .L41+4
 576 0006 0360     		str	r3, [r0]
 445:Core/Src/main.c ****   hi2c1.Init.OwnAddress1 = 0;
 577              		.loc 1 445 3 is_stmt 1 view .LVU149
 445:Core/Src/main.c ****   hi2c1.Init.OwnAddress1 = 0;
 578              		.loc 1 445 21 is_stmt 0 view .LVU150
 579 0008 134B     		ldr	r3, .L41+8
 580 000a 4360     		str	r3, [r0, #4]
 446:Core/Src/main.c ****   hi2c1.Init.AddressingMode = I2C_ADDRESSINGMODE_7BIT;
 581              		.loc 1 446 3 is_stmt 1 view .LVU151
 446:Core/Src/main.c ****   hi2c1.Init.AddressingMode = I2C_ADDRESSINGMODE_7BIT;
 582              		.loc 1 446 26 is_stmt 0 view .LVU152
 583 000c 0023     		movs	r3, #0
 584 000e 8360     		str	r3, [r0, #8]
 447:Core/Src/main.c ****   hi2c1.Init.DualAddressMode = I2C_DUALADDRESS_DISABLE;
 585              		.loc 1 447 3 is_stmt 1 view .LVU153
 447:Core/Src/main.c ****   hi2c1.Init.DualAddressMode = I2C_DUALADDRESS_DISABLE;
 586              		.loc 1 447 29 is_stmt 0 view .LVU154
 587 0010 0122     		movs	r2, #1
 588 0012 C260     		str	r2, [r0, #12]
 448:Core/Src/main.c ****   hi2c1.Init.OwnAddress2 = 0;
 589              		.loc 1 448 3 is_stmt 1 view .LVU155
 448:Core/Src/main.c ****   hi2c1.Init.OwnAddress2 = 0;
 590              		.loc 1 448 30 is_stmt 0 view .LVU156
 591 0014 0361     		str	r3, [r0, #16]
 449:Core/Src/main.c ****   hi2c1.Init.OwnAddress2Masks = I2C_OA2_NOMASK;
 592              		.loc 1 449 3 is_stmt 1 view .LVU157
 449:Core/Src/main.c ****   hi2c1.Init.OwnAddress2Masks = I2C_OA2_NOMASK;
 593              		.loc 1 449 26 is_stmt 0 view .LVU158
 594 0016 4361     		str	r3, [r0, #20]
 450:Core/Src/main.c ****   hi2c1.Init.GeneralCallMode = I2C_GENERALCALL_DISABLE;
 595              		.loc 1 450 3 is_stmt 1 view .LVU159
 450:Core/Src/main.c ****   hi2c1.Init.GeneralCallMode = I2C_GENERALCALL_DISABLE;
 596              		.loc 1 450 31 is_stmt 0 view .LVU160
 597 0018 8361     		str	r3, [r0, #24]
 451:Core/Src/main.c ****   hi2c1.Init.NoStretchMode = I2C_NOSTRETCH_DISABLE;
 598              		.loc 1 451 3 is_stmt 1 view .LVU161
 451:Core/Src/main.c ****   hi2c1.Init.NoStretchMode = I2C_NOSTRETCH_DISABLE;
 599              		.loc 1 451 30 is_stmt 0 view .LVU162
 600 001a C361     		str	r3, [r0, #28]
 452:Core/Src/main.c ****   if (HAL_I2C_Init(&hi2c1) != HAL_OK)
 601              		.loc 1 452 3 is_stmt 1 view .LVU163
 452:Core/Src/main.c ****   if (HAL_I2C_Init(&hi2c1) != HAL_OK)
 602              		.loc 1 452 28 is_stmt 0 view .LVU164
 603 001c 0362     		str	r3, [r0, #32]
 453:Core/Src/main.c ****   {
 604              		.loc 1 453 3 is_stmt 1 view .LVU165
 453:Core/Src/main.c ****   {
 605              		.loc 1 453 7 is_stmt 0 view .LVU166
 606 001e FFF7FEFF 		bl	HAL_I2C_Init
 607              	.LVL25:
 453:Core/Src/main.c ****   {
ARM GAS  C:\Users\bku598\AppData\Local\Temp\ccPOR4r7.s 			page 41


 608              		.loc 1 453 6 discriminator 1 view .LVU167
 609 0022 70B9     		cbnz	r0, .L38
 460:Core/Src/main.c ****   {
 610              		.loc 1 460 3 is_stmt 1 view .LVU168
 460:Core/Src/main.c ****   {
 611              		.loc 1 460 7 is_stmt 0 view .LVU169
 612 0024 0021     		movs	r1, #0
 613 0026 0A48     		ldr	r0, .L41
 614 0028 FFF7FEFF 		bl	HAL_I2CEx_ConfigAnalogFilter
 615              	.LVL26:
 460:Core/Src/main.c ****   {
 616              		.loc 1 460 6 discriminator 1 view .LVU170
 617 002c 58B9     		cbnz	r0, .L39
 467:Core/Src/main.c ****   {
 618              		.loc 1 467 3 is_stmt 1 view .LVU171
 467:Core/Src/main.c ****   {
 619              		.loc 1 467 7 is_stmt 0 view .LVU172
 620 002e 0021     		movs	r1, #0
 621 0030 0748     		ldr	r0, .L41
 622 0032 FFF7FEFF 		bl	HAL_I2CEx_ConfigDigitalFilter
 623              	.LVL27:
 467:Core/Src/main.c ****   {
 624              		.loc 1 467 6 discriminator 1 view .LVU173
 625 0036 40B9     		cbnz	r0, .L40
 474:Core/Src/main.c ****   /* USER CODE BEGIN I2C1_Init 2 */
 626              		.loc 1 474 3 is_stmt 1 view .LVU174
 627 0038 4FF48010 		mov	r0, #1048576
 628 003c FFF7FEFF 		bl	HAL_I2CEx_EnableFastModePlus
 629              	.LVL28:
 479:Core/Src/main.c **** 
 630              		.loc 1 479 1 is_stmt 0 view .LVU175
 631 0040 08BD     		pop	{r3, pc}
 632              	.L38:
 455:Core/Src/main.c ****   }
 633              		.loc 1 455 5 is_stmt 1 view .LVU176
 634 0042 FFF7FEFF 		bl	Error_Handler
 635              	.LVL29:
 636              	.L39:
 462:Core/Src/main.c ****   }
 637              		.loc 1 462 5 view .LVU177
 638 0046 FFF7FEFF 		bl	Error_Handler
 639              	.LVL30:
 640              	.L40:
 469:Core/Src/main.c ****   }
 641              		.loc 1 469 5 view .LVU178
 642 004a FFF7FEFF 		bl	Error_Handler
 643              	.LVL31:
 644              	.L42:
 645 004e 00BF     		.align	2
 646              	.L41:
 647 0050 00000000 		.word	hi2c1
 648 0054 00540040 		.word	1073763328
 649 0058 1C0B9100 		.word	9505564
 650              		.cfi_endproc
 651              	.LFE1420:
 653              		.section	.text.MX_TIM16_Init,"ax",%progbits
 654              		.align	1
ARM GAS  C:\Users\bku598\AppData\Local\Temp\ccPOR4r7.s 			page 42


 655              		.syntax unified
 656              		.thumb
 657              		.thumb_func
 659              	MX_TIM16_Init:
 660              	.LFB1427:
 684:Core/Src/main.c **** 
 661              		.loc 1 684 1 view -0
 662              		.cfi_startproc
 663              		@ args = 0, pretend = 0, frame = 0
 664              		@ frame_needed = 0, uses_anonymous_args = 0
 665 0000 08B5     		push	{r3, lr}
 666              	.LCFI9:
 667              		.cfi_def_cfa_offset 8
 668              		.cfi_offset 3, -8
 669              		.cfi_offset 14, -4
 693:Core/Src/main.c ****   htim16.Init.Prescaler = 100;
 670              		.loc 1 693 3 view .LVU180
 693:Core/Src/main.c ****   htim16.Init.Prescaler = 100;
 671              		.loc 1 693 19 is_stmt 0 view .LVU181
 672 0002 0B48     		ldr	r0, .L47
 673 0004 0B4B     		ldr	r3, .L47+4
 674 0006 0360     		str	r3, [r0]
 694:Core/Src/main.c ****   htim16.Init.CounterMode = TIM_COUNTERMODE_UP;
 675              		.loc 1 694 3 is_stmt 1 view .LVU182
 694:Core/Src/main.c ****   htim16.Init.CounterMode = TIM_COUNTERMODE_UP;
 676              		.loc 1 694 25 is_stmt 0 view .LVU183
 677 0008 6423     		movs	r3, #100
 678 000a 4360     		str	r3, [r0, #4]
 695:Core/Src/main.c ****   htim16.Init.Period = 6400;
 679              		.loc 1 695 3 is_stmt 1 view .LVU184
 695:Core/Src/main.c ****   htim16.Init.Period = 6400;
 680              		.loc 1 695 27 is_stmt 0 view .LVU185
 681 000c 0023     		movs	r3, #0
 682 000e 8360     		str	r3, [r0, #8]
 696:Core/Src/main.c ****   htim16.Init.ClockDivision = TIM_CLOCKDIVISION_DIV1;
 683              		.loc 1 696 3 is_stmt 1 view .LVU186
 696:Core/Src/main.c ****   htim16.Init.ClockDivision = TIM_CLOCKDIVISION_DIV1;
 684              		.loc 1 696 22 is_stmt 0 view .LVU187
 685 0010 4FF4C852 		mov	r2, #6400
 686 0014 C260     		str	r2, [r0, #12]
 697:Core/Src/main.c ****   htim16.Init.RepetitionCounter = 0;
 687              		.loc 1 697 3 is_stmt 1 view .LVU188
 697:Core/Src/main.c ****   htim16.Init.RepetitionCounter = 0;
 688              		.loc 1 697 29 is_stmt 0 view .LVU189
 689 0016 0361     		str	r3, [r0, #16]
 698:Core/Src/main.c ****   htim16.Init.AutoReloadPreload = TIM_AUTORELOAD_PRELOAD_DISABLE;
 690              		.loc 1 698 3 is_stmt 1 view .LVU190
 698:Core/Src/main.c ****   htim16.Init.AutoReloadPreload = TIM_AUTORELOAD_PRELOAD_DISABLE;
 691              		.loc 1 698 33 is_stmt 0 view .LVU191
 692 0018 4361     		str	r3, [r0, #20]
 699:Core/Src/main.c ****   if (HAL_TIM_Base_Init(&htim16) != HAL_OK)
 693              		.loc 1 699 3 is_stmt 1 view .LVU192
 699:Core/Src/main.c ****   if (HAL_TIM_Base_Init(&htim16) != HAL_OK)
 694              		.loc 1 699 33 is_stmt 0 view .LVU193
 695 001a 8361     		str	r3, [r0, #24]
 700:Core/Src/main.c ****   {
 696              		.loc 1 700 3 is_stmt 1 view .LVU194
ARM GAS  C:\Users\bku598\AppData\Local\Temp\ccPOR4r7.s 			page 43


 700:Core/Src/main.c ****   {
 697              		.loc 1 700 7 is_stmt 0 view .LVU195
 698 001c FFF7FEFF 		bl	HAL_TIM_Base_Init
 699              	.LVL32:
 700:Core/Src/main.c ****   {
 700              		.loc 1 700 6 discriminator 1 view .LVU196
 701 0020 18B9     		cbnz	r0, .L46
 707:Core/Src/main.c **** 
 702              		.loc 1 707 3 is_stmt 1 view .LVU197
 703 0022 0348     		ldr	r0, .L47
 704 0024 FFF7FEFF 		bl	HAL_TIM_Base_Start_IT
 705              	.LVL33:
 711:Core/Src/main.c **** 
 706              		.loc 1 711 1 is_stmt 0 view .LVU198
 707 0028 08BD     		pop	{r3, pc}
 708              	.L46:
 702:Core/Src/main.c ****   }
 709              		.loc 1 702 5 is_stmt 1 view .LVU199
 710 002a FFF7FEFF 		bl	Error_Handler
 711              	.LVL34:
 712              	.L48:
 713 002e 00BF     		.align	2
 714              	.L47:
 715 0030 00000000 		.word	htim16
 716 0034 00440140 		.word	1073824768
 717              		.cfi_endproc
 718              	.LFE1427:
 720              		.section	.text.MX_RTC_Init,"ax",%progbits
 721              		.align	1
 722              		.syntax unified
 723              		.thumb
 724              		.thumb_func
 726              	MX_RTC_Init:
 727              	.LFB1426:
 641:Core/Src/main.c **** 
 728              		.loc 1 641 1 view -0
 729              		.cfi_startproc
 730              		@ args = 0, pretend = 0, frame = 0
 731              		@ frame_needed = 0, uses_anonymous_args = 0
 732 0000 08B5     		push	{r3, lr}
 733              	.LCFI10:
 734              		.cfi_def_cfa_offset 8
 735              		.cfi_offset 3, -8
 736              		.cfi_offset 14, -4
 653:Core/Src/main.c ****   hrtc.Init.HourFormat = RTC_HOURFORMAT_24;
 737              		.loc 1 653 3 view .LVU201
 653:Core/Src/main.c ****   hrtc.Init.HourFormat = RTC_HOURFORMAT_24;
 738              		.loc 1 653 17 is_stmt 0 view .LVU202
 739 0002 0E48     		ldr	r0, .L55
 740 0004 0E4B     		ldr	r3, .L55+4
 741 0006 0360     		str	r3, [r0]
 654:Core/Src/main.c ****   hrtc.Init.AsynchPrediv = CFG_RTC_ASYNCH_PRESCALER;
 742              		.loc 1 654 3 is_stmt 1 view .LVU203
 654:Core/Src/main.c ****   hrtc.Init.AsynchPrediv = CFG_RTC_ASYNCH_PRESCALER;
 743              		.loc 1 654 24 is_stmt 0 view .LVU204
 744 0008 0023     		movs	r3, #0
 745 000a 4360     		str	r3, [r0, #4]
ARM GAS  C:\Users\bku598\AppData\Local\Temp\ccPOR4r7.s 			page 44


 655:Core/Src/main.c ****   hrtc.Init.SynchPrediv = CFG_RTC_SYNCH_PRESCALER;
 746              		.loc 1 655 3 is_stmt 1 view .LVU205
 655:Core/Src/main.c ****   hrtc.Init.SynchPrediv = CFG_RTC_SYNCH_PRESCALER;
 747              		.loc 1 655 26 is_stmt 0 view .LVU206
 748 000c 0F22     		movs	r2, #15
 749 000e 8260     		str	r2, [r0, #8]
 656:Core/Src/main.c ****   hrtc.Init.OutPut = RTC_OUTPUT_DISABLE;
 750              		.loc 1 656 3 is_stmt 1 view .LVU207
 656:Core/Src/main.c ****   hrtc.Init.OutPut = RTC_OUTPUT_DISABLE;
 751              		.loc 1 656 25 is_stmt 0 view .LVU208
 752 0010 47F6FF72 		movw	r2, #32767
 753 0014 C260     		str	r2, [r0, #12]
 657:Core/Src/main.c ****   hrtc.Init.OutPutPolarity = RTC_OUTPUT_POLARITY_HIGH;
 754              		.loc 1 657 3 is_stmt 1 view .LVU209
 657:Core/Src/main.c ****   hrtc.Init.OutPutPolarity = RTC_OUTPUT_POLARITY_HIGH;
 755              		.loc 1 657 20 is_stmt 0 view .LVU210
 756 0016 0361     		str	r3, [r0, #16]
 658:Core/Src/main.c ****   hrtc.Init.OutPutType = RTC_OUTPUT_TYPE_OPENDRAIN;
 757              		.loc 1 658 3 is_stmt 1 view .LVU211
 658:Core/Src/main.c ****   hrtc.Init.OutPutType = RTC_OUTPUT_TYPE_OPENDRAIN;
 758              		.loc 1 658 28 is_stmt 0 view .LVU212
 759 0018 8361     		str	r3, [r0, #24]
 659:Core/Src/main.c ****   hrtc.Init.OutPutRemap = RTC_OUTPUT_REMAP_NONE;
 760              		.loc 1 659 3 is_stmt 1 view .LVU213
 659:Core/Src/main.c ****   hrtc.Init.OutPutRemap = RTC_OUTPUT_REMAP_NONE;
 761              		.loc 1 659 24 is_stmt 0 view .LVU214
 762 001a C361     		str	r3, [r0, #28]
 660:Core/Src/main.c ****   if (HAL_RTC_Init(&hrtc) != HAL_OK)
 763              		.loc 1 660 3 is_stmt 1 view .LVU215
 660:Core/Src/main.c ****   if (HAL_RTC_Init(&hrtc) != HAL_OK)
 764              		.loc 1 660 25 is_stmt 0 view .LVU216
 765 001c 4361     		str	r3, [r0, #20]
 661:Core/Src/main.c ****   {
 766              		.loc 1 661 3 is_stmt 1 view .LVU217
 661:Core/Src/main.c ****   {
 767              		.loc 1 661 7 is_stmt 0 view .LVU218
 768 001e FFF7FEFF 		bl	HAL_RTC_Init
 769              	.LVL35:
 661:Core/Src/main.c ****   {
 770              		.loc 1 661 6 discriminator 1 view .LVU219
 771 0022 30B9     		cbnz	r0, .L53
 668:Core/Src/main.c ****   {
 772              		.loc 1 668 3 is_stmt 1 view .LVU220
 668:Core/Src/main.c ****   {
 773              		.loc 1 668 7 is_stmt 0 view .LVU221
 774 0024 0022     		movs	r2, #0
 775 0026 1146     		mov	r1, r2
 776 0028 0448     		ldr	r0, .L55
 777 002a FFF7FEFF 		bl	HAL_RTCEx_SetWakeUpTimer_IT
 778              	.LVL36:
 668:Core/Src/main.c ****   {
 779              		.loc 1 668 6 discriminator 1 view .LVU222
 780 002e 10B9     		cbnz	r0, .L54
 676:Core/Src/main.c **** 
 781              		.loc 1 676 1 view .LVU223
 782 0030 08BD     		pop	{r3, pc}
 783              	.L53:
ARM GAS  C:\Users\bku598\AppData\Local\Temp\ccPOR4r7.s 			page 45


 663:Core/Src/main.c ****   }
 784              		.loc 1 663 5 is_stmt 1 view .LVU224
 785 0032 FFF7FEFF 		bl	Error_Handler
 786              	.LVL37:
 787              	.L54:
 670:Core/Src/main.c ****   }
 788              		.loc 1 670 5 view .LVU225
 789 0036 FFF7FEFF 		bl	Error_Handler
 790              	.LVL38:
 791              	.L56:
 792 003a 00BF     		.align	2
 793              	.L55:
 794 003c 00000000 		.word	hrtc
 795 0040 00280040 		.word	1073752064
 796              		.cfi_endproc
 797              	.LFE1426:
 799              		.section	.text.MX_LPUART1_UART_Init,"ax",%progbits
 800              		.align	1
 801              		.syntax unified
 802              		.thumb
 803              		.thumb_func
 805              	MX_LPUART1_UART_Init:
 806              	.LFB1422:
 513:Core/Src/main.c **** 
 807              		.loc 1 513 1 view -0
 808              		.cfi_startproc
 809              		@ args = 0, pretend = 0, frame = 0
 810              		@ frame_needed = 0, uses_anonymous_args = 0
 811 0000 08B5     		push	{r3, lr}
 812              	.LCFI11:
 813              		.cfi_def_cfa_offset 8
 814              		.cfi_offset 3, -8
 815              		.cfi_offset 14, -4
 522:Core/Src/main.c ****   hlpuart1.Init.BaudRate = 38400;
 816              		.loc 1 522 3 view .LVU227
 522:Core/Src/main.c ****   hlpuart1.Init.BaudRate = 38400;
 817              		.loc 1 522 21 is_stmt 0 view .LVU228
 818 0002 1548     		ldr	r0, .L67
 819 0004 154B     		ldr	r3, .L67+4
 820 0006 0360     		str	r3, [r0]
 523:Core/Src/main.c ****   hlpuart1.Init.WordLength = UART_WORDLENGTH_8B;
 821              		.loc 1 523 3 is_stmt 1 view .LVU229
 523:Core/Src/main.c ****   hlpuart1.Init.WordLength = UART_WORDLENGTH_8B;
 822              		.loc 1 523 26 is_stmt 0 view .LVU230
 823 0008 4FF41643 		mov	r3, #38400
 824 000c 4360     		str	r3, [r0, #4]
 524:Core/Src/main.c ****   hlpuart1.Init.StopBits = UART_STOPBITS_1;
 825              		.loc 1 524 3 is_stmt 1 view .LVU231
 524:Core/Src/main.c ****   hlpuart1.Init.StopBits = UART_STOPBITS_1;
 826              		.loc 1 524 28 is_stmt 0 view .LVU232
 827 000e 0023     		movs	r3, #0
 828 0010 8360     		str	r3, [r0, #8]
 525:Core/Src/main.c ****   hlpuart1.Init.Parity = UART_PARITY_NONE;
 829              		.loc 1 525 3 is_stmt 1 view .LVU233
 525:Core/Src/main.c ****   hlpuart1.Init.Parity = UART_PARITY_NONE;
 830              		.loc 1 525 26 is_stmt 0 view .LVU234
 831 0012 C360     		str	r3, [r0, #12]
ARM GAS  C:\Users\bku598\AppData\Local\Temp\ccPOR4r7.s 			page 46


 526:Core/Src/main.c ****   hlpuart1.Init.Mode = UART_MODE_RX;
 832              		.loc 1 526 3 is_stmt 1 view .LVU235
 526:Core/Src/main.c ****   hlpuart1.Init.Mode = UART_MODE_RX;
 833              		.loc 1 526 24 is_stmt 0 view .LVU236
 834 0014 0361     		str	r3, [r0, #16]
 527:Core/Src/main.c ****   hlpuart1.Init.HwFlowCtl = UART_HWCONTROL_NONE;
 835              		.loc 1 527 3 is_stmt 1 view .LVU237
 527:Core/Src/main.c ****   hlpuart1.Init.HwFlowCtl = UART_HWCONTROL_NONE;
 836              		.loc 1 527 22 is_stmt 0 view .LVU238
 837 0016 0422     		movs	r2, #4
 838 0018 4261     		str	r2, [r0, #20]
 528:Core/Src/main.c ****   hlpuart1.Init.OneBitSampling = UART_ONE_BIT_SAMPLE_DISABLE;
 839              		.loc 1 528 3 is_stmt 1 view .LVU239
 528:Core/Src/main.c ****   hlpuart1.Init.OneBitSampling = UART_ONE_BIT_SAMPLE_DISABLE;
 840              		.loc 1 528 27 is_stmt 0 view .LVU240
 841 001a 8361     		str	r3, [r0, #24]
 529:Core/Src/main.c ****   hlpuart1.Init.ClockPrescaler = UART_PRESCALER_DIV1;
 842              		.loc 1 529 3 is_stmt 1 view .LVU241
 529:Core/Src/main.c ****   hlpuart1.Init.ClockPrescaler = UART_PRESCALER_DIV1;
 843              		.loc 1 529 32 is_stmt 0 view .LVU242
 844 001c 0362     		str	r3, [r0, #32]
 530:Core/Src/main.c ****   hlpuart1.AdvancedInit.AdvFeatureInit = UART_ADVFEATURE_NO_INIT;
 845              		.loc 1 530 3 is_stmt 1 view .LVU243
 530:Core/Src/main.c ****   hlpuart1.AdvancedInit.AdvFeatureInit = UART_ADVFEATURE_NO_INIT;
 846              		.loc 1 530 32 is_stmt 0 view .LVU244
 847 001e 4362     		str	r3, [r0, #36]
 531:Core/Src/main.c ****   if (HAL_HalfDuplex_Init(&hlpuart1) != HAL_OK)
 848              		.loc 1 531 3 is_stmt 1 view .LVU245
 531:Core/Src/main.c ****   if (HAL_HalfDuplex_Init(&hlpuart1) != HAL_OK)
 849              		.loc 1 531 40 is_stmt 0 view .LVU246
 850 0020 8362     		str	r3, [r0, #40]
 532:Core/Src/main.c ****   {
 851              		.loc 1 532 3 is_stmt 1 view .LVU247
 532:Core/Src/main.c ****   {
 852              		.loc 1 532 7 is_stmt 0 view .LVU248
 853 0022 FFF7FEFF 		bl	HAL_HalfDuplex_Init
 854              	.LVL39:
 532:Core/Src/main.c ****   {
 855              		.loc 1 532 6 discriminator 1 view .LVU249
 856 0026 70B9     		cbnz	r0, .L63
 536:Core/Src/main.c ****   {
 857              		.loc 1 536 3 is_stmt 1 view .LVU250
 536:Core/Src/main.c ****   {
 858              		.loc 1 536 7 is_stmt 0 view .LVU251
 859 0028 0021     		movs	r1, #0
 860 002a 0B48     		ldr	r0, .L67
 861 002c FFF7FEFF 		bl	HAL_UARTEx_SetTxFifoThreshold
 862              	.LVL40:
 536:Core/Src/main.c ****   {
 863              		.loc 1 536 6 discriminator 1 view .LVU252
 864 0030 58B9     		cbnz	r0, .L64
 540:Core/Src/main.c ****   {
 865              		.loc 1 540 3 is_stmt 1 view .LVU253
 540:Core/Src/main.c ****   {
 866              		.loc 1 540 7 is_stmt 0 view .LVU254
 867 0032 0021     		movs	r1, #0
 868 0034 0848     		ldr	r0, .L67
ARM GAS  C:\Users\bku598\AppData\Local\Temp\ccPOR4r7.s 			page 47


 869 0036 FFF7FEFF 		bl	HAL_UARTEx_SetRxFifoThreshold
 870              	.LVL41:
 540:Core/Src/main.c ****   {
 871              		.loc 1 540 6 discriminator 1 view .LVU255
 872 003a 40B9     		cbnz	r0, .L65
 544:Core/Src/main.c ****   {
 873              		.loc 1 544 3 is_stmt 1 view .LVU256
 544:Core/Src/main.c ****   {
 874              		.loc 1 544 7 is_stmt 0 view .LVU257
 875 003c 0648     		ldr	r0, .L67
 876 003e FFF7FEFF 		bl	HAL_UARTEx_DisableFifoMode
 877              	.LVL42:
 544:Core/Src/main.c ****   {
 878              		.loc 1 544 6 discriminator 1 view .LVU258
 879 0042 30B9     		cbnz	r0, .L66
 552:Core/Src/main.c **** 
 880              		.loc 1 552 1 view .LVU259
 881 0044 08BD     		pop	{r3, pc}
 882              	.L63:
 534:Core/Src/main.c ****   }
 883              		.loc 1 534 5 is_stmt 1 view .LVU260
 884 0046 FFF7FEFF 		bl	Error_Handler
 885              	.LVL43:
 886              	.L64:
 538:Core/Src/main.c ****   }
 887              		.loc 1 538 5 view .LVU261
 888 004a FFF7FEFF 		bl	Error_Handler
 889              	.LVL44:
 890              	.L65:
 542:Core/Src/main.c ****   }
 891              		.loc 1 542 5 view .LVU262
 892 004e FFF7FEFF 		bl	Error_Handler
 893              	.LVL45:
 894              	.L66:
 546:Core/Src/main.c ****   }
 895              		.loc 1 546 5 view .LVU263
 896 0052 FFF7FEFF 		bl	Error_Handler
 897              	.LVL46:
 898              	.L68:
 899 0056 00BF     		.align	2
 900              	.L67:
 901 0058 00000000 		.word	hlpuart1
 902 005c 00800040 		.word	1073774592
 903              		.cfi_endproc
 904              	.LFE1422:
 906              		.section	.text.MX_QUADSPI_Init,"ax",%progbits
 907              		.align	1
 908              		.syntax unified
 909              		.thumb
 910              		.thumb_func
 912              	MX_QUADSPI_Init:
 913              	.LFB1423:
 560:Core/Src/main.c **** 
 914              		.loc 1 560 1 view -0
 915              		.cfi_startproc
 916              		@ args = 0, pretend = 0, frame = 0
 917              		@ frame_needed = 0, uses_anonymous_args = 0
ARM GAS  C:\Users\bku598\AppData\Local\Temp\ccPOR4r7.s 			page 48


 918 0000 08B5     		push	{r3, lr}
 919              	.LCFI12:
 920              		.cfi_def_cfa_offset 8
 921              		.cfi_offset 3, -8
 922              		.cfi_offset 14, -4
 570:Core/Src/main.c ****   hqspi.Init.ClockPrescaler = 255;
 923              		.loc 1 570 3 view .LVU265
 570:Core/Src/main.c ****   hqspi.Init.ClockPrescaler = 255;
 924              		.loc 1 570 18 is_stmt 0 view .LVU266
 925 0002 0A48     		ldr	r0, .L73
 926 0004 0A4B     		ldr	r3, .L73+4
 927 0006 0360     		str	r3, [r0]
 571:Core/Src/main.c ****   hqspi.Init.FifoThreshold = 4;
 928              		.loc 1 571 3 is_stmt 1 view .LVU267
 571:Core/Src/main.c ****   hqspi.Init.FifoThreshold = 4;
 929              		.loc 1 571 29 is_stmt 0 view .LVU268
 930 0008 FF23     		movs	r3, #255
 931 000a 4360     		str	r3, [r0, #4]
 572:Core/Src/main.c ****   hqspi.Init.SampleShifting = QSPI_SAMPLE_SHIFTING_NONE;
 932              		.loc 1 572 3 is_stmt 1 view .LVU269
 572:Core/Src/main.c ****   hqspi.Init.SampleShifting = QSPI_SAMPLE_SHIFTING_NONE;
 933              		.loc 1 572 28 is_stmt 0 view .LVU270
 934 000c 0423     		movs	r3, #4
 935 000e 8360     		str	r3, [r0, #8]
 573:Core/Src/main.c ****   hqspi.Init.FlashSize = 25;
 936              		.loc 1 573 3 is_stmt 1 view .LVU271
 573:Core/Src/main.c ****   hqspi.Init.FlashSize = 25;
 937              		.loc 1 573 29 is_stmt 0 view .LVU272
 938 0010 0023     		movs	r3, #0
 939 0012 C360     		str	r3, [r0, #12]
 574:Core/Src/main.c ****   hqspi.Init.ChipSelectHighTime = QSPI_CS_HIGH_TIME_2_CYCLE;
 940              		.loc 1 574 3 is_stmt 1 view .LVU273
 574:Core/Src/main.c ****   hqspi.Init.ChipSelectHighTime = QSPI_CS_HIGH_TIME_2_CYCLE;
 941              		.loc 1 574 24 is_stmt 0 view .LVU274
 942 0014 1922     		movs	r2, #25
 943 0016 0261     		str	r2, [r0, #16]
 575:Core/Src/main.c ****   hqspi.Init.ClockMode = QSPI_CLOCK_MODE_0;
 944              		.loc 1 575 3 is_stmt 1 view .LVU275
 575:Core/Src/main.c ****   hqspi.Init.ClockMode = QSPI_CLOCK_MODE_0;
 945              		.loc 1 575 33 is_stmt 0 view .LVU276
 946 0018 4FF48072 		mov	r2, #256
 947 001c 4261     		str	r2, [r0, #20]
 576:Core/Src/main.c ****   if (HAL_QSPI_Init(&hqspi) != HAL_OK)
 948              		.loc 1 576 3 is_stmt 1 view .LVU277
 576:Core/Src/main.c ****   if (HAL_QSPI_Init(&hqspi) != HAL_OK)
 949              		.loc 1 576 24 is_stmt 0 view .LVU278
 950 001e 8361     		str	r3, [r0, #24]
 577:Core/Src/main.c ****   {
 951              		.loc 1 577 3 is_stmt 1 view .LVU279
 577:Core/Src/main.c ****   {
 952              		.loc 1 577 7 is_stmt 0 view .LVU280
 953 0020 FFF7FEFF 		bl	HAL_QSPI_Init
 954              	.LVL47:
 577:Core/Src/main.c ****   {
 955              		.loc 1 577 6 discriminator 1 view .LVU281
 956 0024 00B9     		cbnz	r0, .L72
 585:Core/Src/main.c **** 
ARM GAS  C:\Users\bku598\AppData\Local\Temp\ccPOR4r7.s 			page 49


 957              		.loc 1 585 1 view .LVU282
 958 0026 08BD     		pop	{r3, pc}
 959              	.L72:
 579:Core/Src/main.c ****   }
 960              		.loc 1 579 5 is_stmt 1 view .LVU283
 961 0028 FFF7FEFF 		bl	Error_Handler
 962              	.LVL48:
 963              	.L74:
 964              		.align	2
 965              	.L73:
 966 002c 00000000 		.word	hqspi
 967 0030 001000A0 		.word	-1610608640
 968              		.cfi_endproc
 969              	.LFE1423:
 971              		.section	.text.MX_ADC1_Init,"ax",%progbits
 972              		.align	1
 973              		.syntax unified
 974              		.thumb
 975              		.thumb_func
 977              	MX_ADC1_Init:
 978              	.LFB1419:
 377:Core/Src/main.c **** 
 979              		.loc 1 377 1 view -0
 980              		.cfi_startproc
 981              		@ args = 0, pretend = 0, frame = 24
 982              		@ frame_needed = 0, uses_anonymous_args = 0
 983 0000 00B5     		push	{lr}
 984              	.LCFI13:
 985              		.cfi_def_cfa_offset 4
 986              		.cfi_offset 14, -4
 987 0002 87B0     		sub	sp, sp, #28
 988              	.LCFI14:
 989              		.cfi_def_cfa_offset 32
 383:Core/Src/main.c **** 
 990              		.loc 1 383 3 view .LVU285
 383:Core/Src/main.c **** 
 991              		.loc 1 383 26 is_stmt 0 view .LVU286
 992 0004 0023     		movs	r3, #0
 993 0006 0093     		str	r3, [sp]
 994 0008 0193     		str	r3, [sp, #4]
 995 000a 0293     		str	r3, [sp, #8]
 996 000c 0393     		str	r3, [sp, #12]
 997 000e 0493     		str	r3, [sp, #16]
 998 0010 0593     		str	r3, [sp, #20]
 391:Core/Src/main.c ****   hadc1.Init.ClockPrescaler = ADC_CLOCK_ASYNC_DIV1;
 999              		.loc 1 391 3 is_stmt 1 view .LVU287
 391:Core/Src/main.c ****   hadc1.Init.ClockPrescaler = ADC_CLOCK_ASYNC_DIV1;
 1000              		.loc 1 391 18 is_stmt 0 view .LVU288
 1001 0012 1848     		ldr	r0, .L81
 1002 0014 184A     		ldr	r2, .L81+4
 1003 0016 0260     		str	r2, [r0]
 392:Core/Src/main.c ****   hadc1.Init.Resolution = ADC_RESOLUTION_12B;
 1004              		.loc 1 392 3 is_stmt 1 view .LVU289
 392:Core/Src/main.c ****   hadc1.Init.Resolution = ADC_RESOLUTION_12B;
 1005              		.loc 1 392 29 is_stmt 0 view .LVU290
 1006 0018 4360     		str	r3, [r0, #4]
 393:Core/Src/main.c ****   hadc1.Init.DataAlign = ADC_DATAALIGN_RIGHT;
ARM GAS  C:\Users\bku598\AppData\Local\Temp\ccPOR4r7.s 			page 50


 1007              		.loc 1 393 3 is_stmt 1 view .LVU291
 393:Core/Src/main.c ****   hadc1.Init.DataAlign = ADC_DATAALIGN_RIGHT;
 1008              		.loc 1 393 25 is_stmt 0 view .LVU292
 1009 001a 8360     		str	r3, [r0, #8]
 394:Core/Src/main.c ****   hadc1.Init.ScanConvMode = ADC_SCAN_DISABLE;
 1010              		.loc 1 394 3 is_stmt 1 view .LVU293
 394:Core/Src/main.c ****   hadc1.Init.ScanConvMode = ADC_SCAN_DISABLE;
 1011              		.loc 1 394 24 is_stmt 0 view .LVU294
 1012 001c C360     		str	r3, [r0, #12]
 395:Core/Src/main.c ****   hadc1.Init.EOCSelection = ADC_EOC_SINGLE_CONV;
 1013              		.loc 1 395 3 is_stmt 1 view .LVU295
 395:Core/Src/main.c ****   hadc1.Init.EOCSelection = ADC_EOC_SINGLE_CONV;
 1014              		.loc 1 395 27 is_stmt 0 view .LVU296
 1015 001e 0361     		str	r3, [r0, #16]
 396:Core/Src/main.c ****   hadc1.Init.LowPowerAutoWait = DISABLE;
 1016              		.loc 1 396 3 is_stmt 1 view .LVU297
 396:Core/Src/main.c ****   hadc1.Init.LowPowerAutoWait = DISABLE;
 1017              		.loc 1 396 27 is_stmt 0 view .LVU298
 1018 0020 0422     		movs	r2, #4
 1019 0022 4261     		str	r2, [r0, #20]
 397:Core/Src/main.c ****   hadc1.Init.ContinuousConvMode = DISABLE;
 1020              		.loc 1 397 3 is_stmt 1 view .LVU299
 397:Core/Src/main.c ****   hadc1.Init.ContinuousConvMode = DISABLE;
 1021              		.loc 1 397 31 is_stmt 0 view .LVU300
 1022 0024 0376     		strb	r3, [r0, #24]
 398:Core/Src/main.c ****   hadc1.Init.NbrOfConversion = 1;
 1023              		.loc 1 398 3 is_stmt 1 view .LVU301
 398:Core/Src/main.c ****   hadc1.Init.NbrOfConversion = 1;
 1024              		.loc 1 398 33 is_stmt 0 view .LVU302
 1025 0026 4376     		strb	r3, [r0, #25]
 399:Core/Src/main.c ****   hadc1.Init.DiscontinuousConvMode = DISABLE;
 1026              		.loc 1 399 3 is_stmt 1 view .LVU303
 399:Core/Src/main.c ****   hadc1.Init.DiscontinuousConvMode = DISABLE;
 1027              		.loc 1 399 30 is_stmt 0 view .LVU304
 1028 0028 0122     		movs	r2, #1
 1029 002a C261     		str	r2, [r0, #28]
 400:Core/Src/main.c ****   hadc1.Init.ExternalTrigConv = ADC_SOFTWARE_START;
 1030              		.loc 1 400 3 is_stmt 1 view .LVU305
 400:Core/Src/main.c ****   hadc1.Init.ExternalTrigConv = ADC_SOFTWARE_START;
 1031              		.loc 1 400 36 is_stmt 0 view .LVU306
 1032 002c 80F82030 		strb	r3, [r0, #32]
 401:Core/Src/main.c ****   hadc1.Init.ExternalTrigConvEdge = ADC_EXTERNALTRIGCONVEDGE_NONE;
 1033              		.loc 1 401 3 is_stmt 1 view .LVU307
 401:Core/Src/main.c ****   hadc1.Init.ExternalTrigConvEdge = ADC_EXTERNALTRIGCONVEDGE_NONE;
 1034              		.loc 1 401 31 is_stmt 0 view .LVU308
 1035 0030 8362     		str	r3, [r0, #40]
 402:Core/Src/main.c ****   hadc1.Init.DMAContinuousRequests = DISABLE;
 1036              		.loc 1 402 3 is_stmt 1 view .LVU309
 402:Core/Src/main.c ****   hadc1.Init.DMAContinuousRequests = DISABLE;
 1037              		.loc 1 402 35 is_stmt 0 view .LVU310
 1038 0032 C362     		str	r3, [r0, #44]
 403:Core/Src/main.c ****   hadc1.Init.Overrun = ADC_OVR_DATA_PRESERVED;
 1039              		.loc 1 403 3 is_stmt 1 view .LVU311
 403:Core/Src/main.c ****   hadc1.Init.Overrun = ADC_OVR_DATA_PRESERVED;
 1040              		.loc 1 403 36 is_stmt 0 view .LVU312
 1041 0034 80F83030 		strb	r3, [r0, #48]
 404:Core/Src/main.c ****   hadc1.Init.OversamplingMode = DISABLE;
ARM GAS  C:\Users\bku598\AppData\Local\Temp\ccPOR4r7.s 			page 51


 1042              		.loc 1 404 3 is_stmt 1 view .LVU313
 404:Core/Src/main.c ****   hadc1.Init.OversamplingMode = DISABLE;
 1043              		.loc 1 404 22 is_stmt 0 view .LVU314
 1044 0038 4363     		str	r3, [r0, #52]
 405:Core/Src/main.c ****   if (HAL_ADC_Init(&hadc1) != HAL_OK)
 1045              		.loc 1 405 3 is_stmt 1 view .LVU315
 405:Core/Src/main.c ****   if (HAL_ADC_Init(&hadc1) != HAL_OK)
 1046              		.loc 1 405 31 is_stmt 0 view .LVU316
 1047 003a 80F83830 		strb	r3, [r0, #56]
 406:Core/Src/main.c ****   {
 1048              		.loc 1 406 3 is_stmt 1 view .LVU317
 406:Core/Src/main.c ****   {
 1049              		.loc 1 406 7 is_stmt 0 view .LVU318
 1050 003e FFF7FEFF 		bl	HAL_ADC_Init
 1051              	.LVL49:
 406:Core/Src/main.c ****   {
 1052              		.loc 1 406 6 discriminator 1 view .LVU319
 1053 0042 90B9     		cbnz	r0, .L79
 413:Core/Src/main.c ****   sConfig.Rank = ADC_REGULAR_RANK_1;
 1054              		.loc 1 413 3 is_stmt 1 view .LVU320
 413:Core/Src/main.c ****   sConfig.Rank = ADC_REGULAR_RANK_1;
 1055              		.loc 1 413 19 is_stmt 0 view .LVU321
 1056 0044 0D4B     		ldr	r3, .L81+8
 1057 0046 0093     		str	r3, [sp]
 414:Core/Src/main.c ****   sConfig.SamplingTime = ADC_SAMPLETIME_2CYCLES_5;
 1058              		.loc 1 414 3 is_stmt 1 view .LVU322
 414:Core/Src/main.c ****   sConfig.SamplingTime = ADC_SAMPLETIME_2CYCLES_5;
 1059              		.loc 1 414 16 is_stmt 0 view .LVU323
 1060 0048 0623     		movs	r3, #6
 1061 004a 0193     		str	r3, [sp, #4]
 415:Core/Src/main.c ****   sConfig.SingleDiff = ADC_SINGLE_ENDED;
 1062              		.loc 1 415 3 is_stmt 1 view .LVU324
 415:Core/Src/main.c ****   sConfig.SingleDiff = ADC_SINGLE_ENDED;
 1063              		.loc 1 415 24 is_stmt 0 view .LVU325
 1064 004c 0023     		movs	r3, #0
 1065 004e 0293     		str	r3, [sp, #8]
 416:Core/Src/main.c ****   sConfig.OffsetNumber = ADC_OFFSET_NONE;
 1066              		.loc 1 416 3 is_stmt 1 view .LVU326
 416:Core/Src/main.c ****   sConfig.OffsetNumber = ADC_OFFSET_NONE;
 1067              		.loc 1 416 22 is_stmt 0 view .LVU327
 1068 0050 7F22     		movs	r2, #127
 1069 0052 0392     		str	r2, [sp, #12]
 417:Core/Src/main.c ****   sConfig.Offset = 0;
 1070              		.loc 1 417 3 is_stmt 1 view .LVU328
 417:Core/Src/main.c ****   sConfig.Offset = 0;
 1071              		.loc 1 417 24 is_stmt 0 view .LVU329
 1072 0054 0422     		movs	r2, #4
 1073 0056 0492     		str	r2, [sp, #16]
 418:Core/Src/main.c ****   if (HAL_ADC_ConfigChannel(&hadc1, &sConfig) != HAL_OK)
 1074              		.loc 1 418 3 is_stmt 1 view .LVU330
 418:Core/Src/main.c ****   if (HAL_ADC_ConfigChannel(&hadc1, &sConfig) != HAL_OK)
 1075              		.loc 1 418 18 is_stmt 0 view .LVU331
 1076 0058 0593     		str	r3, [sp, #20]
 419:Core/Src/main.c ****   {
 1077              		.loc 1 419 3 is_stmt 1 view .LVU332
 419:Core/Src/main.c ****   {
 1078              		.loc 1 419 7 is_stmt 0 view .LVU333
ARM GAS  C:\Users\bku598\AppData\Local\Temp\ccPOR4r7.s 			page 52


 1079 005a 6946     		mov	r1, sp
 1080 005c 0548     		ldr	r0, .L81
 1081 005e FFF7FEFF 		bl	HAL_ADC_ConfigChannel
 1082              	.LVL50:
 419:Core/Src/main.c ****   {
 1083              		.loc 1 419 6 discriminator 1 view .LVU334
 1084 0062 20B9     		cbnz	r0, .L80
 427:Core/Src/main.c **** 
 1085              		.loc 1 427 1 view .LVU335
 1086 0064 07B0     		add	sp, sp, #28
 1087              	.LCFI15:
 1088              		.cfi_remember_state
 1089              		.cfi_def_cfa_offset 4
 1090              		@ sp needed
 1091 0066 5DF804FB 		ldr	pc, [sp], #4
 1092              	.L79:
 1093              	.LCFI16:
 1094              		.cfi_restore_state
 408:Core/Src/main.c ****   }
 1095              		.loc 1 408 5 is_stmt 1 view .LVU336
 1096 006a FFF7FEFF 		bl	Error_Handler
 1097              	.LVL51:
 1098              	.L80:
 421:Core/Src/main.c ****   }
 1099              		.loc 1 421 5 view .LVU337
 1100 006e FFF7FEFF 		bl	Error_Handler
 1101              	.LVL52:
 1102              	.L82:
 1103 0072 00BF     		.align	2
 1104              	.L81:
 1105 0074 00000000 		.word	hadc1
 1106 0078 00000450 		.word	1342439424
 1107 007c 01000080 		.word	-2147483647
 1108              		.cfi_endproc
 1109              	.LFE1419:
 1111              		.section	.text.MX_RNG_Init,"ax",%progbits
 1112              		.align	1
 1113              		.syntax unified
 1114              		.thumb
 1115              		.thumb_func
 1117              	MX_RNG_Init:
 1118              	.LFB1425:
 614:Core/Src/main.c **** 
 1119              		.loc 1 614 1 view -0
 1120              		.cfi_startproc
 1121              		@ args = 0, pretend = 0, frame = 0
 1122              		@ frame_needed = 0, uses_anonymous_args = 0
 1123 0000 08B5     		push	{r3, lr}
 1124              	.LCFI17:
 1125              		.cfi_def_cfa_offset 8
 1126              		.cfi_offset 3, -8
 1127              		.cfi_offset 14, -4
 623:Core/Src/main.c ****   hrng.Init.ClockErrorDetection = RNG_CED_ENABLE;
 1128              		.loc 1 623 3 view .LVU339
 623:Core/Src/main.c ****   hrng.Init.ClockErrorDetection = RNG_CED_ENABLE;
 1129              		.loc 1 623 17 is_stmt 0 view .LVU340
 1130 0002 0548     		ldr	r0, .L87
ARM GAS  C:\Users\bku598\AppData\Local\Temp\ccPOR4r7.s 			page 53


 1131 0004 054B     		ldr	r3, .L87+4
 1132 0006 0360     		str	r3, [r0]
 624:Core/Src/main.c ****   if (HAL_RNG_Init(&hrng) != HAL_OK)
 1133              		.loc 1 624 3 is_stmt 1 view .LVU341
 624:Core/Src/main.c ****   if (HAL_RNG_Init(&hrng) != HAL_OK)
 1134              		.loc 1 624 33 is_stmt 0 view .LVU342
 1135 0008 0023     		movs	r3, #0
 1136 000a 4360     		str	r3, [r0, #4]
 625:Core/Src/main.c ****   {
 1137              		.loc 1 625 3 is_stmt 1 view .LVU343
 625:Core/Src/main.c ****   {
 1138              		.loc 1 625 7 is_stmt 0 view .LVU344
 1139 000c FFF7FEFF 		bl	HAL_RNG_Init
 1140              	.LVL53:
 625:Core/Src/main.c ****   {
 1141              		.loc 1 625 6 discriminator 1 view .LVU345
 1142 0010 00B9     		cbnz	r0, .L86
 633:Core/Src/main.c **** 
 1143              		.loc 1 633 1 view .LVU346
 1144 0012 08BD     		pop	{r3, pc}
 1145              	.L86:
 627:Core/Src/main.c ****   }
 1146              		.loc 1 627 5 is_stmt 1 view .LVU347
 1147 0014 FFF7FEFF 		bl	Error_Handler
 1148              	.LVL54:
 1149              	.L88:
 1150              		.align	2
 1151              	.L87:
 1152 0018 00000000 		.word	hrng
 1153 001c 00100058 		.word	1476399104
 1154              		.cfi_endproc
 1155              	.LFE1425:
 1157              		.section	.text.SystemClock_Config,"ax",%progbits
 1158              		.align	1
 1159              		.global	SystemClock_Config
 1160              		.syntax unified
 1161              		.thumb
 1162              		.thumb_func
 1164              	SystemClock_Config:
 1165              	.LFB1417:
 270:Core/Src/main.c ****   RCC_OscInitTypeDef RCC_OscInitStruct = {0};
 1166              		.loc 1 270 1 view -0
 1167              		.cfi_startproc
 1168              		@ args = 0, pretend = 0, frame = 136
 1169              		@ frame_needed = 0, uses_anonymous_args = 0
 1170 0000 00B5     		push	{lr}
 1171              	.LCFI18:
 1172              		.cfi_def_cfa_offset 4
 1173              		.cfi_offset 14, -4
 1174 0002 A3B0     		sub	sp, sp, #140
 1175              	.LCFI19:
 1176              		.cfi_def_cfa_offset 144
 271:Core/Src/main.c ****   RCC_ClkInitTypeDef RCC_ClkInitStruct = {0};
 1177              		.loc 1 271 3 view .LVU349
 271:Core/Src/main.c ****   RCC_ClkInitTypeDef RCC_ClkInitStruct = {0};
 1178              		.loc 1 271 22 is_stmt 0 view .LVU350
 1179 0004 4822     		movs	r2, #72
ARM GAS  C:\Users\bku598\AppData\Local\Temp\ccPOR4r7.s 			page 54


 1180 0006 0021     		movs	r1, #0
 1181 0008 10A8     		add	r0, sp, #64
 1182 000a FFF7FEFF 		bl	memset
 1183              	.LVL55:
 272:Core/Src/main.c ****   RCC_CRSInitTypeDef RCC_CRSInitStruct = {0};
 1184              		.loc 1 272 3 is_stmt 1 view .LVU351
 272:Core/Src/main.c ****   RCC_CRSInitTypeDef RCC_CRSInitStruct = {0};
 1185              		.loc 1 272 22 is_stmt 0 view .LVU352
 1186 000e 0023     		movs	r3, #0
 1187 0010 0993     		str	r3, [sp, #36]
 1188 0012 0A93     		str	r3, [sp, #40]
 1189 0014 0B93     		str	r3, [sp, #44]
 1190 0016 0C93     		str	r3, [sp, #48]
 1191 0018 0D93     		str	r3, [sp, #52]
 1192 001a 0E93     		str	r3, [sp, #56]
 1193 001c 0F93     		str	r3, [sp, #60]
 273:Core/Src/main.c **** 
 1194              		.loc 1 273 3 is_stmt 1 view .LVU353
 273:Core/Src/main.c **** 
 1195              		.loc 1 273 22 is_stmt 0 view .LVU354
 1196 001e 0393     		str	r3, [sp, #12]
 1197 0020 0493     		str	r3, [sp, #16]
 1198 0022 0593     		str	r3, [sp, #20]
 1199 0024 0693     		str	r3, [sp, #24]
 1200 0026 0793     		str	r3, [sp, #28]
 1201 0028 0893     		str	r3, [sp, #32]
 277:Core/Src/main.c ****   __HAL_RCC_LSEDRIVE_CONFIG(RCC_LSEDRIVE_MEDIUMHIGH);
 1202              		.loc 1 277 3 is_stmt 1 view .LVU355
 1203 002a FFF7FEFF 		bl	HAL_PWR_EnableBkUpAccess
 1204              	.LVL56:
 278:Core/Src/main.c **** 
 1205              		.loc 1 278 3 view .LVU356
 1206              	.LBB31:
 1207              	.LBI31:
 1208              		.file 4 "Drivers/STM32WBxx_HAL_Driver/Inc/stm32wbxx_ll_rcc.h"
   1:Drivers/STM32WBxx_HAL_Driver/Inc/stm32wbxx_ll_rcc.h **** /**
   2:Drivers/STM32WBxx_HAL_Driver/Inc/stm32wbxx_ll_rcc.h ****   ******************************************************************************
   3:Drivers/STM32WBxx_HAL_Driver/Inc/stm32wbxx_ll_rcc.h ****   * @file    stm32wbxx_ll_rcc.h
   4:Drivers/STM32WBxx_HAL_Driver/Inc/stm32wbxx_ll_rcc.h ****   * @author  MCD Application Team
   5:Drivers/STM32WBxx_HAL_Driver/Inc/stm32wbxx_ll_rcc.h ****   * @brief   Header file of RCC LL module.
   6:Drivers/STM32WBxx_HAL_Driver/Inc/stm32wbxx_ll_rcc.h ****   ******************************************************************************
   7:Drivers/STM32WBxx_HAL_Driver/Inc/stm32wbxx_ll_rcc.h ****   * @attention
   8:Drivers/STM32WBxx_HAL_Driver/Inc/stm32wbxx_ll_rcc.h ****   *
   9:Drivers/STM32WBxx_HAL_Driver/Inc/stm32wbxx_ll_rcc.h ****   * Copyright (c) 2019 STMicroelectronics.
  10:Drivers/STM32WBxx_HAL_Driver/Inc/stm32wbxx_ll_rcc.h ****   * All rights reserved.
  11:Drivers/STM32WBxx_HAL_Driver/Inc/stm32wbxx_ll_rcc.h ****   *
  12:Drivers/STM32WBxx_HAL_Driver/Inc/stm32wbxx_ll_rcc.h ****   * This software is licensed under terms that can be found in the LICENSE file
  13:Drivers/STM32WBxx_HAL_Driver/Inc/stm32wbxx_ll_rcc.h ****   * in the root directory of this software component.
  14:Drivers/STM32WBxx_HAL_Driver/Inc/stm32wbxx_ll_rcc.h ****   * If no LICENSE file comes with this software, it is provided AS-IS.
  15:Drivers/STM32WBxx_HAL_Driver/Inc/stm32wbxx_ll_rcc.h ****   *
  16:Drivers/STM32WBxx_HAL_Driver/Inc/stm32wbxx_ll_rcc.h ****   ******************************************************************************
  17:Drivers/STM32WBxx_HAL_Driver/Inc/stm32wbxx_ll_rcc.h ****   */
  18:Drivers/STM32WBxx_HAL_Driver/Inc/stm32wbxx_ll_rcc.h **** 
  19:Drivers/STM32WBxx_HAL_Driver/Inc/stm32wbxx_ll_rcc.h **** /* Define to prevent recursive inclusion -------------------------------------*/
  20:Drivers/STM32WBxx_HAL_Driver/Inc/stm32wbxx_ll_rcc.h **** #ifndef STM32WBxx_LL_RCC_H
  21:Drivers/STM32WBxx_HAL_Driver/Inc/stm32wbxx_ll_rcc.h **** #define STM32WBxx_LL_RCC_H
  22:Drivers/STM32WBxx_HAL_Driver/Inc/stm32wbxx_ll_rcc.h **** 
ARM GAS  C:\Users\bku598\AppData\Local\Temp\ccPOR4r7.s 			page 55


  23:Drivers/STM32WBxx_HAL_Driver/Inc/stm32wbxx_ll_rcc.h **** #ifdef __cplusplus
  24:Drivers/STM32WBxx_HAL_Driver/Inc/stm32wbxx_ll_rcc.h **** extern "C" {
  25:Drivers/STM32WBxx_HAL_Driver/Inc/stm32wbxx_ll_rcc.h **** #endif
  26:Drivers/STM32WBxx_HAL_Driver/Inc/stm32wbxx_ll_rcc.h **** 
  27:Drivers/STM32WBxx_HAL_Driver/Inc/stm32wbxx_ll_rcc.h **** /* Includes ------------------------------------------------------------------*/
  28:Drivers/STM32WBxx_HAL_Driver/Inc/stm32wbxx_ll_rcc.h **** #include "stm32wbxx.h"
  29:Drivers/STM32WBxx_HAL_Driver/Inc/stm32wbxx_ll_rcc.h **** 
  30:Drivers/STM32WBxx_HAL_Driver/Inc/stm32wbxx_ll_rcc.h **** /** @addtogroup STM32WBxx_LL_Driver
  31:Drivers/STM32WBxx_HAL_Driver/Inc/stm32wbxx_ll_rcc.h ****   * @{
  32:Drivers/STM32WBxx_HAL_Driver/Inc/stm32wbxx_ll_rcc.h ****   */
  33:Drivers/STM32WBxx_HAL_Driver/Inc/stm32wbxx_ll_rcc.h **** 
  34:Drivers/STM32WBxx_HAL_Driver/Inc/stm32wbxx_ll_rcc.h **** #if defined(RCC)
  35:Drivers/STM32WBxx_HAL_Driver/Inc/stm32wbxx_ll_rcc.h **** 
  36:Drivers/STM32WBxx_HAL_Driver/Inc/stm32wbxx_ll_rcc.h **** /** @defgroup RCC_LL RCC
  37:Drivers/STM32WBxx_HAL_Driver/Inc/stm32wbxx_ll_rcc.h ****   * @{
  38:Drivers/STM32WBxx_HAL_Driver/Inc/stm32wbxx_ll_rcc.h ****   */
  39:Drivers/STM32WBxx_HAL_Driver/Inc/stm32wbxx_ll_rcc.h **** 
  40:Drivers/STM32WBxx_HAL_Driver/Inc/stm32wbxx_ll_rcc.h **** /* Private types -------------------------------------------------------------*/
  41:Drivers/STM32WBxx_HAL_Driver/Inc/stm32wbxx_ll_rcc.h **** /* Private variables ---------------------------------------------------------*/
  42:Drivers/STM32WBxx_HAL_Driver/Inc/stm32wbxx_ll_rcc.h **** /** @defgroup RCC_LL_Private_Variables RCC Private Variables
  43:Drivers/STM32WBxx_HAL_Driver/Inc/stm32wbxx_ll_rcc.h ****   * @{
  44:Drivers/STM32WBxx_HAL_Driver/Inc/stm32wbxx_ll_rcc.h ****   */
  45:Drivers/STM32WBxx_HAL_Driver/Inc/stm32wbxx_ll_rcc.h **** 
  46:Drivers/STM32WBxx_HAL_Driver/Inc/stm32wbxx_ll_rcc.h **** #define HSE_CONTROL_UNLOCK_KEY 0xCAFECAFEU
  47:Drivers/STM32WBxx_HAL_Driver/Inc/stm32wbxx_ll_rcc.h **** 
  48:Drivers/STM32WBxx_HAL_Driver/Inc/stm32wbxx_ll_rcc.h **** /**
  49:Drivers/STM32WBxx_HAL_Driver/Inc/stm32wbxx_ll_rcc.h ****   * @}
  50:Drivers/STM32WBxx_HAL_Driver/Inc/stm32wbxx_ll_rcc.h ****   */
  51:Drivers/STM32WBxx_HAL_Driver/Inc/stm32wbxx_ll_rcc.h **** 
  52:Drivers/STM32WBxx_HAL_Driver/Inc/stm32wbxx_ll_rcc.h **** /* Private constants ---------------------------------------------------------*/
  53:Drivers/STM32WBxx_HAL_Driver/Inc/stm32wbxx_ll_rcc.h **** /* Private macros ------------------------------------------------------------*/
  54:Drivers/STM32WBxx_HAL_Driver/Inc/stm32wbxx_ll_rcc.h **** #if defined(USE_FULL_LL_DRIVER)
  55:Drivers/STM32WBxx_HAL_Driver/Inc/stm32wbxx_ll_rcc.h **** /** @defgroup RCC_LL_Private_Macros RCC Private Macros
  56:Drivers/STM32WBxx_HAL_Driver/Inc/stm32wbxx_ll_rcc.h ****   * @{
  57:Drivers/STM32WBxx_HAL_Driver/Inc/stm32wbxx_ll_rcc.h ****   */
  58:Drivers/STM32WBxx_HAL_Driver/Inc/stm32wbxx_ll_rcc.h **** /**
  59:Drivers/STM32WBxx_HAL_Driver/Inc/stm32wbxx_ll_rcc.h ****   * @}
  60:Drivers/STM32WBxx_HAL_Driver/Inc/stm32wbxx_ll_rcc.h ****   */
  61:Drivers/STM32WBxx_HAL_Driver/Inc/stm32wbxx_ll_rcc.h **** #endif /* USE_FULL_LL_DRIVER */
  62:Drivers/STM32WBxx_HAL_Driver/Inc/stm32wbxx_ll_rcc.h **** 
  63:Drivers/STM32WBxx_HAL_Driver/Inc/stm32wbxx_ll_rcc.h **** /* Exported types ------------------------------------------------------------*/
  64:Drivers/STM32WBxx_HAL_Driver/Inc/stm32wbxx_ll_rcc.h **** #if defined(USE_FULL_LL_DRIVER)
  65:Drivers/STM32WBxx_HAL_Driver/Inc/stm32wbxx_ll_rcc.h **** /** @defgroup RCC_LL_Exported_Types RCC Exported Types
  66:Drivers/STM32WBxx_HAL_Driver/Inc/stm32wbxx_ll_rcc.h ****   * @{
  67:Drivers/STM32WBxx_HAL_Driver/Inc/stm32wbxx_ll_rcc.h ****   */
  68:Drivers/STM32WBxx_HAL_Driver/Inc/stm32wbxx_ll_rcc.h **** 
  69:Drivers/STM32WBxx_HAL_Driver/Inc/stm32wbxx_ll_rcc.h **** /** @defgroup LL_ES_CLOCK_FREQ Clocks Frequency Structure
  70:Drivers/STM32WBxx_HAL_Driver/Inc/stm32wbxx_ll_rcc.h ****   * @{
  71:Drivers/STM32WBxx_HAL_Driver/Inc/stm32wbxx_ll_rcc.h ****   */
  72:Drivers/STM32WBxx_HAL_Driver/Inc/stm32wbxx_ll_rcc.h **** 
  73:Drivers/STM32WBxx_HAL_Driver/Inc/stm32wbxx_ll_rcc.h **** /**
  74:Drivers/STM32WBxx_HAL_Driver/Inc/stm32wbxx_ll_rcc.h ****   * @brief  RCC Clocks Frequency Structure
  75:Drivers/STM32WBxx_HAL_Driver/Inc/stm32wbxx_ll_rcc.h ****   */
  76:Drivers/STM32WBxx_HAL_Driver/Inc/stm32wbxx_ll_rcc.h **** typedef struct
  77:Drivers/STM32WBxx_HAL_Driver/Inc/stm32wbxx_ll_rcc.h **** {
  78:Drivers/STM32WBxx_HAL_Driver/Inc/stm32wbxx_ll_rcc.h ****   uint32_t SYSCLK_Frequency;         /*!< SYSCLK clock frequency */
  79:Drivers/STM32WBxx_HAL_Driver/Inc/stm32wbxx_ll_rcc.h ****   uint32_t HCLK1_Frequency;          /*!< HCLK1 clock frequency  */
ARM GAS  C:\Users\bku598\AppData\Local\Temp\ccPOR4r7.s 			page 56


  80:Drivers/STM32WBxx_HAL_Driver/Inc/stm32wbxx_ll_rcc.h ****   uint32_t HCLK2_Frequency;          /*!< HCLK2 clock frequency  */
  81:Drivers/STM32WBxx_HAL_Driver/Inc/stm32wbxx_ll_rcc.h ****   uint32_t HCLK4_Frequency;          /*!< HCLK4 clock frequency  */
  82:Drivers/STM32WBxx_HAL_Driver/Inc/stm32wbxx_ll_rcc.h ****   uint32_t HCLK5_Frequency;          /*!< HCLK5 clock frequency  */
  83:Drivers/STM32WBxx_HAL_Driver/Inc/stm32wbxx_ll_rcc.h ****   uint32_t PCLK1_Frequency;          /*!< PCLK1 clock frequency  */
  84:Drivers/STM32WBxx_HAL_Driver/Inc/stm32wbxx_ll_rcc.h ****   uint32_t PCLK2_Frequency;          /*!< PCLK2 clock frequency  */
  85:Drivers/STM32WBxx_HAL_Driver/Inc/stm32wbxx_ll_rcc.h **** } LL_RCC_ClocksTypeDef;
  86:Drivers/STM32WBxx_HAL_Driver/Inc/stm32wbxx_ll_rcc.h **** 
  87:Drivers/STM32WBxx_HAL_Driver/Inc/stm32wbxx_ll_rcc.h **** /**
  88:Drivers/STM32WBxx_HAL_Driver/Inc/stm32wbxx_ll_rcc.h ****   * @}
  89:Drivers/STM32WBxx_HAL_Driver/Inc/stm32wbxx_ll_rcc.h ****   */
  90:Drivers/STM32WBxx_HAL_Driver/Inc/stm32wbxx_ll_rcc.h **** 
  91:Drivers/STM32WBxx_HAL_Driver/Inc/stm32wbxx_ll_rcc.h **** /**
  92:Drivers/STM32WBxx_HAL_Driver/Inc/stm32wbxx_ll_rcc.h ****   * @}
  93:Drivers/STM32WBxx_HAL_Driver/Inc/stm32wbxx_ll_rcc.h ****   */
  94:Drivers/STM32WBxx_HAL_Driver/Inc/stm32wbxx_ll_rcc.h **** #endif /* USE_FULL_LL_DRIVER */
  95:Drivers/STM32WBxx_HAL_Driver/Inc/stm32wbxx_ll_rcc.h **** 
  96:Drivers/STM32WBxx_HAL_Driver/Inc/stm32wbxx_ll_rcc.h **** /* Exported constants --------------------------------------------------------*/
  97:Drivers/STM32WBxx_HAL_Driver/Inc/stm32wbxx_ll_rcc.h **** /** @defgroup RCC_LL_Exported_Constants RCC Exported Constants
  98:Drivers/STM32WBxx_HAL_Driver/Inc/stm32wbxx_ll_rcc.h ****   * @{
  99:Drivers/STM32WBxx_HAL_Driver/Inc/stm32wbxx_ll_rcc.h ****   */
 100:Drivers/STM32WBxx_HAL_Driver/Inc/stm32wbxx_ll_rcc.h **** 
 101:Drivers/STM32WBxx_HAL_Driver/Inc/stm32wbxx_ll_rcc.h **** /** @defgroup RCC_LL_EC_OSC_VALUES Oscillator Values adaptation
 102:Drivers/STM32WBxx_HAL_Driver/Inc/stm32wbxx_ll_rcc.h ****   * @brief    Defines used to adapt values of different oscillators
 103:Drivers/STM32WBxx_HAL_Driver/Inc/stm32wbxx_ll_rcc.h ****   * @note     These values could be modified in the user environment according to
 104:Drivers/STM32WBxx_HAL_Driver/Inc/stm32wbxx_ll_rcc.h ****   *           HW set-up.
 105:Drivers/STM32WBxx_HAL_Driver/Inc/stm32wbxx_ll_rcc.h ****   * @{
 106:Drivers/STM32WBxx_HAL_Driver/Inc/stm32wbxx_ll_rcc.h ****   */
 107:Drivers/STM32WBxx_HAL_Driver/Inc/stm32wbxx_ll_rcc.h **** #if !defined  (HSE_VALUE)
 108:Drivers/STM32WBxx_HAL_Driver/Inc/stm32wbxx_ll_rcc.h **** #define HSE_VALUE    32000000U  /*!< Value of the HSE oscillator in Hz */
 109:Drivers/STM32WBxx_HAL_Driver/Inc/stm32wbxx_ll_rcc.h **** #endif /* !HSE_VALUE */
 110:Drivers/STM32WBxx_HAL_Driver/Inc/stm32wbxx_ll_rcc.h **** 
 111:Drivers/STM32WBxx_HAL_Driver/Inc/stm32wbxx_ll_rcc.h **** #if !defined  (HSI_VALUE)
 112:Drivers/STM32WBxx_HAL_Driver/Inc/stm32wbxx_ll_rcc.h **** #define HSI_VALUE    16000000U  /*!< Value of the HSI oscillator in Hz */
 113:Drivers/STM32WBxx_HAL_Driver/Inc/stm32wbxx_ll_rcc.h **** #endif /* !HSI_VALUE */
 114:Drivers/STM32WBxx_HAL_Driver/Inc/stm32wbxx_ll_rcc.h **** 
 115:Drivers/STM32WBxx_HAL_Driver/Inc/stm32wbxx_ll_rcc.h **** #if !defined  (LSE_VALUE)
 116:Drivers/STM32WBxx_HAL_Driver/Inc/stm32wbxx_ll_rcc.h **** #if defined(STM32WB5Mxx)
 117:Drivers/STM32WBxx_HAL_Driver/Inc/stm32wbxx_ll_rcc.h **** #define LSE_VALUE    32774U     /*!< Value of the LSE oscillator in Hz */
 118:Drivers/STM32WBxx_HAL_Driver/Inc/stm32wbxx_ll_rcc.h **** #else
 119:Drivers/STM32WBxx_HAL_Driver/Inc/stm32wbxx_ll_rcc.h **** #define LSE_VALUE    32768U     /*!< Value of the LSE oscillator in Hz */
 120:Drivers/STM32WBxx_HAL_Driver/Inc/stm32wbxx_ll_rcc.h **** #endif /* STM32WB5Mxx */
 121:Drivers/STM32WBxx_HAL_Driver/Inc/stm32wbxx_ll_rcc.h **** #endif /* !LSE_VALUE */
 122:Drivers/STM32WBxx_HAL_Driver/Inc/stm32wbxx_ll_rcc.h **** 
 123:Drivers/STM32WBxx_HAL_Driver/Inc/stm32wbxx_ll_rcc.h **** #if !defined  (LSI_VALUE)
 124:Drivers/STM32WBxx_HAL_Driver/Inc/stm32wbxx_ll_rcc.h **** #define LSI_VALUE    32000U     /*!< Value of the LSI oscillator in Hz */
 125:Drivers/STM32WBxx_HAL_Driver/Inc/stm32wbxx_ll_rcc.h **** #endif /* !LSI_VALUE */
 126:Drivers/STM32WBxx_HAL_Driver/Inc/stm32wbxx_ll_rcc.h **** 
 127:Drivers/STM32WBxx_HAL_Driver/Inc/stm32wbxx_ll_rcc.h **** #if defined(RCC_HSI48_SUPPORT)
 128:Drivers/STM32WBxx_HAL_Driver/Inc/stm32wbxx_ll_rcc.h **** #if !defined  (HSI48_VALUE)
 129:Drivers/STM32WBxx_HAL_Driver/Inc/stm32wbxx_ll_rcc.h **** #define HSI48_VALUE  48000000U  /*!< Value of the HSI48 oscillator in Hz */
 130:Drivers/STM32WBxx_HAL_Driver/Inc/stm32wbxx_ll_rcc.h **** #endif /* !HSI48_VALUE */
 131:Drivers/STM32WBxx_HAL_Driver/Inc/stm32wbxx_ll_rcc.h **** #endif /* RCC_HSI48_SUPPORT */
 132:Drivers/STM32WBxx_HAL_Driver/Inc/stm32wbxx_ll_rcc.h **** 
 133:Drivers/STM32WBxx_HAL_Driver/Inc/stm32wbxx_ll_rcc.h **** /**
 134:Drivers/STM32WBxx_HAL_Driver/Inc/stm32wbxx_ll_rcc.h ****   * @}
 135:Drivers/STM32WBxx_HAL_Driver/Inc/stm32wbxx_ll_rcc.h ****   */
 136:Drivers/STM32WBxx_HAL_Driver/Inc/stm32wbxx_ll_rcc.h **** 
ARM GAS  C:\Users\bku598\AppData\Local\Temp\ccPOR4r7.s 			page 57


 137:Drivers/STM32WBxx_HAL_Driver/Inc/stm32wbxx_ll_rcc.h **** /** @defgroup RCC_LL_EC_CLEAR_FLAG Clear Flags Defines
 138:Drivers/STM32WBxx_HAL_Driver/Inc/stm32wbxx_ll_rcc.h ****   * @brief    Flags defines which can be used with LL_RCC_WriteReg function
 139:Drivers/STM32WBxx_HAL_Driver/Inc/stm32wbxx_ll_rcc.h ****   * @{
 140:Drivers/STM32WBxx_HAL_Driver/Inc/stm32wbxx_ll_rcc.h ****   */
 141:Drivers/STM32WBxx_HAL_Driver/Inc/stm32wbxx_ll_rcc.h **** #define LL_RCC_CICR_LSI1RDYC               RCC_CICR_LSI1RDYC    /*!< LSI1 Ready Interrupt Clear    
 142:Drivers/STM32WBxx_HAL_Driver/Inc/stm32wbxx_ll_rcc.h **** #define LL_RCC_CICR_LSI2RDYC               RCC_CICR_LSI2RDYC    /*!< LSI1 Ready Interrupt Clear    
 143:Drivers/STM32WBxx_HAL_Driver/Inc/stm32wbxx_ll_rcc.h **** #define LL_RCC_CICR_LSERDYC                RCC_CICR_LSERDYC     /*!< LSE Ready Interrupt Clear     
 144:Drivers/STM32WBxx_HAL_Driver/Inc/stm32wbxx_ll_rcc.h **** #define LL_RCC_CICR_MSIRDYC                RCC_CICR_MSIRDYC     /*!< MSI Ready Interrupt Clear     
 145:Drivers/STM32WBxx_HAL_Driver/Inc/stm32wbxx_ll_rcc.h **** #define LL_RCC_CICR_HSIRDYC                RCC_CICR_HSIRDYC     /*!< HSI Ready Interrupt Clear     
 146:Drivers/STM32WBxx_HAL_Driver/Inc/stm32wbxx_ll_rcc.h **** #define LL_RCC_CICR_HSERDYC                RCC_CICR_HSERDYC     /*!< HSE Ready Interrupt Clear     
 147:Drivers/STM32WBxx_HAL_Driver/Inc/stm32wbxx_ll_rcc.h **** #define LL_RCC_CICR_PLLRDYC                RCC_CICR_PLLRDYC     /*!< PLL Ready Interrupt Clear     
 148:Drivers/STM32WBxx_HAL_Driver/Inc/stm32wbxx_ll_rcc.h **** #if defined(RCC_HSI48_SUPPORT)
 149:Drivers/STM32WBxx_HAL_Driver/Inc/stm32wbxx_ll_rcc.h **** #define LL_RCC_CICR_HSI48RDYC              RCC_CICR_HSI48RDYC   /*!< HSI48 Ready Interrupt Clear   
 150:Drivers/STM32WBxx_HAL_Driver/Inc/stm32wbxx_ll_rcc.h **** #endif /* RCC_HSI48_SUPPORT */
 151:Drivers/STM32WBxx_HAL_Driver/Inc/stm32wbxx_ll_rcc.h **** #if defined(SAI1)
 152:Drivers/STM32WBxx_HAL_Driver/Inc/stm32wbxx_ll_rcc.h **** #define LL_RCC_CICR_PLLSAI1RDYC            RCC_CICR_PLLSAI1RDYC /*!< PLLSAI1 Ready Interrupt Clear 
 153:Drivers/STM32WBxx_HAL_Driver/Inc/stm32wbxx_ll_rcc.h **** #endif /* SAI1 */
 154:Drivers/STM32WBxx_HAL_Driver/Inc/stm32wbxx_ll_rcc.h **** #define LL_RCC_CICR_LSECSSC                RCC_CICR_LSECSSC     /*!< LSE Clock Security System Inte
 155:Drivers/STM32WBxx_HAL_Driver/Inc/stm32wbxx_ll_rcc.h **** #define LL_RCC_CICR_CSSC                   RCC_CICR_CSSC        /*!< Clock Security System Interrup
 156:Drivers/STM32WBxx_HAL_Driver/Inc/stm32wbxx_ll_rcc.h **** /**
 157:Drivers/STM32WBxx_HAL_Driver/Inc/stm32wbxx_ll_rcc.h ****   * @}
 158:Drivers/STM32WBxx_HAL_Driver/Inc/stm32wbxx_ll_rcc.h ****   */
 159:Drivers/STM32WBxx_HAL_Driver/Inc/stm32wbxx_ll_rcc.h **** 
 160:Drivers/STM32WBxx_HAL_Driver/Inc/stm32wbxx_ll_rcc.h **** /** @defgroup RCC_LL_EC_GET_FLAG Get Flags Defines
 161:Drivers/STM32WBxx_HAL_Driver/Inc/stm32wbxx_ll_rcc.h ****   * @brief    Flags defines which can be used with LL_RCC_ReadReg function
 162:Drivers/STM32WBxx_HAL_Driver/Inc/stm32wbxx_ll_rcc.h ****   * @{
 163:Drivers/STM32WBxx_HAL_Driver/Inc/stm32wbxx_ll_rcc.h ****   */
 164:Drivers/STM32WBxx_HAL_Driver/Inc/stm32wbxx_ll_rcc.h **** #define LL_RCC_CIFR_LSI1RDYF               RCC_CIFR_LSI1RDYF    /*!< LSI1 Ready Interrupt flag     
 165:Drivers/STM32WBxx_HAL_Driver/Inc/stm32wbxx_ll_rcc.h **** #define LL_RCC_CIFR_LSI2RDYF               RCC_CIFR_LSI2RDYF    /*!< LSI2 Ready Interrupt flag     
 166:Drivers/STM32WBxx_HAL_Driver/Inc/stm32wbxx_ll_rcc.h **** #define LL_RCC_CIFR_LSERDYF                RCC_CIFR_LSERDYF     /*!< LSE Ready Interrupt flag      
 167:Drivers/STM32WBxx_HAL_Driver/Inc/stm32wbxx_ll_rcc.h **** #define LL_RCC_CIFR_MSIRDYF                RCC_CIFR_MSIRDYF     /*!< MSI Ready Interrupt flag      
 168:Drivers/STM32WBxx_HAL_Driver/Inc/stm32wbxx_ll_rcc.h **** #define LL_RCC_CIFR_HSIRDYF                RCC_CIFR_HSIRDYF     /*!< HSI Ready Interrupt flag      
 169:Drivers/STM32WBxx_HAL_Driver/Inc/stm32wbxx_ll_rcc.h **** #define LL_RCC_CIFR_HSERDYF                RCC_CIFR_HSERDYF     /*!< HSE Ready Interrupt flag      
 170:Drivers/STM32WBxx_HAL_Driver/Inc/stm32wbxx_ll_rcc.h **** #define LL_RCC_CIFR_PLLRDYF                RCC_CIFR_PLLRDYF     /*!< PLL Ready Interrupt flag      
 171:Drivers/STM32WBxx_HAL_Driver/Inc/stm32wbxx_ll_rcc.h **** #if defined(RCC_HSI48_SUPPORT)
 172:Drivers/STM32WBxx_HAL_Driver/Inc/stm32wbxx_ll_rcc.h **** #define LL_RCC_CIFR_HSI48RDYF              RCC_CIFR_HSI48RDYF   /*!< HSI48 Ready Interrupt flag    
 173:Drivers/STM32WBxx_HAL_Driver/Inc/stm32wbxx_ll_rcc.h **** #endif /* RCC_HSI48_SUPPORT */
 174:Drivers/STM32WBxx_HAL_Driver/Inc/stm32wbxx_ll_rcc.h **** #if defined(SAI1)
 175:Drivers/STM32WBxx_HAL_Driver/Inc/stm32wbxx_ll_rcc.h **** #define LL_RCC_CIFR_PLLSAI1RDYF            RCC_CIFR_PLLSAI1RDYF /*!< PLLSAI1 Ready Interrupt flag  
 176:Drivers/STM32WBxx_HAL_Driver/Inc/stm32wbxx_ll_rcc.h **** #endif /* SAI1 */
 177:Drivers/STM32WBxx_HAL_Driver/Inc/stm32wbxx_ll_rcc.h **** #define LL_RCC_CIFR_LSECSSF                RCC_CIFR_LSECSSF     /*!< LSE Clock Security System Inte
 178:Drivers/STM32WBxx_HAL_Driver/Inc/stm32wbxx_ll_rcc.h **** #define LL_RCC_CIFR_CSSF                   RCC_CIFR_CSSF        /*!< Clock Security System Interrup
 179:Drivers/STM32WBxx_HAL_Driver/Inc/stm32wbxx_ll_rcc.h **** #define LL_RCC_CSR_LPWRRSTF                RCC_CSR_LPWRRSTF     /*!< Low-Power reset flag          
 180:Drivers/STM32WBxx_HAL_Driver/Inc/stm32wbxx_ll_rcc.h **** #define LL_RCC_CSR_OBLRSTF                 RCC_CSR_OBLRSTF      /*!< OBL reset flag                
 181:Drivers/STM32WBxx_HAL_Driver/Inc/stm32wbxx_ll_rcc.h **** #define LL_RCC_CSR_PINRSTF                 RCC_CSR_PINRSTF      /*!< PIN reset flag                
 182:Drivers/STM32WBxx_HAL_Driver/Inc/stm32wbxx_ll_rcc.h **** #define LL_RCC_CSR_SFTRSTF                 RCC_CSR_SFTRSTF      /*!< Software Reset flag           
 183:Drivers/STM32WBxx_HAL_Driver/Inc/stm32wbxx_ll_rcc.h **** #define LL_RCC_CSR_IWDGRSTF                RCC_CSR_IWDGRSTF     /*!< Independent Watchdog reset fla
 184:Drivers/STM32WBxx_HAL_Driver/Inc/stm32wbxx_ll_rcc.h **** #define LL_RCC_CSR_WWDGRSTF                RCC_CSR_WWDGRSTF     /*!< Window watchdog reset flag    
 185:Drivers/STM32WBxx_HAL_Driver/Inc/stm32wbxx_ll_rcc.h **** #define LL_RCC_CSR_BORRSTF                 RCC_CSR_BORRSTF      /*!< BOR reset flag                
 186:Drivers/STM32WBxx_HAL_Driver/Inc/stm32wbxx_ll_rcc.h **** /**
 187:Drivers/STM32WBxx_HAL_Driver/Inc/stm32wbxx_ll_rcc.h ****   * @}
 188:Drivers/STM32WBxx_HAL_Driver/Inc/stm32wbxx_ll_rcc.h ****   */
 189:Drivers/STM32WBxx_HAL_Driver/Inc/stm32wbxx_ll_rcc.h **** 
 190:Drivers/STM32WBxx_HAL_Driver/Inc/stm32wbxx_ll_rcc.h **** /** @defgroup RCC_LL_EC_IT IT Defines
 191:Drivers/STM32WBxx_HAL_Driver/Inc/stm32wbxx_ll_rcc.h ****   * @brief    IT defines which can be used with LL_RCC_ReadReg and  LL_RCC_WriteReg functions
 192:Drivers/STM32WBxx_HAL_Driver/Inc/stm32wbxx_ll_rcc.h ****   * @{
 193:Drivers/STM32WBxx_HAL_Driver/Inc/stm32wbxx_ll_rcc.h ****   */
ARM GAS  C:\Users\bku598\AppData\Local\Temp\ccPOR4r7.s 			page 58


 194:Drivers/STM32WBxx_HAL_Driver/Inc/stm32wbxx_ll_rcc.h **** #define LL_RCC_CIER_LSI1RDYIE              RCC_CIER_LSI1RDYIE     /*!< LSI1 Ready Interrupt Enable 
 195:Drivers/STM32WBxx_HAL_Driver/Inc/stm32wbxx_ll_rcc.h **** #define LL_RCC_CIER_LSI2RDYIE              RCC_CIER_LSI2RDYIE     /*!< LSI Ready Interrupt Enable  
 196:Drivers/STM32WBxx_HAL_Driver/Inc/stm32wbxx_ll_rcc.h **** #define LL_RCC_CIER_LSERDYIE               RCC_CIER_LSERDYIE      /*!< LSE Ready Interrupt Enable  
 197:Drivers/STM32WBxx_HAL_Driver/Inc/stm32wbxx_ll_rcc.h **** #define LL_RCC_CIER_MSIRDYIE               RCC_CIER_MSIRDYIE      /*!< MSI Ready Interrupt Enable  
 198:Drivers/STM32WBxx_HAL_Driver/Inc/stm32wbxx_ll_rcc.h **** #define LL_RCC_CIER_HSIRDYIE               RCC_CIER_HSIRDYIE      /*!< HSI Ready Interrupt Enable  
 199:Drivers/STM32WBxx_HAL_Driver/Inc/stm32wbxx_ll_rcc.h **** #define LL_RCC_CIER_HSERDYIE               RCC_CIER_HSERDYIE      /*!< HSE Ready Interrupt Enable  
 200:Drivers/STM32WBxx_HAL_Driver/Inc/stm32wbxx_ll_rcc.h **** #define LL_RCC_CIER_PLLRDYIE               RCC_CIER_PLLRDYIE      /*!< PLL Ready Interrupt Enable  
 201:Drivers/STM32WBxx_HAL_Driver/Inc/stm32wbxx_ll_rcc.h **** #if defined(RCC_HSI48_SUPPORT)
 202:Drivers/STM32WBxx_HAL_Driver/Inc/stm32wbxx_ll_rcc.h **** #define LL_RCC_CIER_HSI48RDYIE             RCC_CIER_HSI48RDYIE    /*!< HSI48 Ready Interrupt Enable
 203:Drivers/STM32WBxx_HAL_Driver/Inc/stm32wbxx_ll_rcc.h **** #endif /* RCC_HSI48_SUPPORT */
 204:Drivers/STM32WBxx_HAL_Driver/Inc/stm32wbxx_ll_rcc.h **** #if defined(SAI1)
 205:Drivers/STM32WBxx_HAL_Driver/Inc/stm32wbxx_ll_rcc.h **** #define LL_RCC_CIER_PLLSAI1RDYIE           RCC_CIER_PLLSAI1RDYIE  /*!< PLLSAI1 Ready Interrupt Enab
 206:Drivers/STM32WBxx_HAL_Driver/Inc/stm32wbxx_ll_rcc.h **** #endif /* SAI1 */
 207:Drivers/STM32WBxx_HAL_Driver/Inc/stm32wbxx_ll_rcc.h **** #define LL_RCC_CIER_LSECSSIE               RCC_CIER_LSECSSIE      /*!< LSE CSS Interrupt Enable    
 208:Drivers/STM32WBxx_HAL_Driver/Inc/stm32wbxx_ll_rcc.h **** /**
 209:Drivers/STM32WBxx_HAL_Driver/Inc/stm32wbxx_ll_rcc.h ****   * @}
 210:Drivers/STM32WBxx_HAL_Driver/Inc/stm32wbxx_ll_rcc.h ****   */
 211:Drivers/STM32WBxx_HAL_Driver/Inc/stm32wbxx_ll_rcc.h **** 
 212:Drivers/STM32WBxx_HAL_Driver/Inc/stm32wbxx_ll_rcc.h **** /** @defgroup RCC_LL_EC_LSEDRIVE  LSE oscillator drive capability
 213:Drivers/STM32WBxx_HAL_Driver/Inc/stm32wbxx_ll_rcc.h ****   * @{
 214:Drivers/STM32WBxx_HAL_Driver/Inc/stm32wbxx_ll_rcc.h ****   */
 215:Drivers/STM32WBxx_HAL_Driver/Inc/stm32wbxx_ll_rcc.h **** #define LL_RCC_LSEDRIVE_LOW                0x00000000U             /*!< Xtal mode lower driving cap
 216:Drivers/STM32WBxx_HAL_Driver/Inc/stm32wbxx_ll_rcc.h **** #define LL_RCC_LSEDRIVE_MEDIUMLOW          RCC_BDCR_LSEDRV_0       /*!< Xtal mode medium low drivin
 217:Drivers/STM32WBxx_HAL_Driver/Inc/stm32wbxx_ll_rcc.h **** #define LL_RCC_LSEDRIVE_MEDIUMHIGH         RCC_BDCR_LSEDRV_1       /*!< Xtal mode medium high drivi
 218:Drivers/STM32WBxx_HAL_Driver/Inc/stm32wbxx_ll_rcc.h **** #define LL_RCC_LSEDRIVE_HIGH               RCC_BDCR_LSEDRV         /*!< Xtal mode higher driving ca
 219:Drivers/STM32WBxx_HAL_Driver/Inc/stm32wbxx_ll_rcc.h **** /**
 220:Drivers/STM32WBxx_HAL_Driver/Inc/stm32wbxx_ll_rcc.h ****   * @}
 221:Drivers/STM32WBxx_HAL_Driver/Inc/stm32wbxx_ll_rcc.h ****   */
 222:Drivers/STM32WBxx_HAL_Driver/Inc/stm32wbxx_ll_rcc.h **** 
 223:Drivers/STM32WBxx_HAL_Driver/Inc/stm32wbxx_ll_rcc.h **** /** @defgroup RCC_LL_EC_MSIRANGE  MSI clock ranges
 224:Drivers/STM32WBxx_HAL_Driver/Inc/stm32wbxx_ll_rcc.h ****   * @{
 225:Drivers/STM32WBxx_HAL_Driver/Inc/stm32wbxx_ll_rcc.h ****   */
 226:Drivers/STM32WBxx_HAL_Driver/Inc/stm32wbxx_ll_rcc.h **** #define LL_RCC_MSIRANGE_0                  RCC_CR_MSIRANGE_0  /*!< MSI = 100 KHz  */
 227:Drivers/STM32WBxx_HAL_Driver/Inc/stm32wbxx_ll_rcc.h **** #define LL_RCC_MSIRANGE_1                  RCC_CR_MSIRANGE_1  /*!< MSI = 200 KHz  */
 228:Drivers/STM32WBxx_HAL_Driver/Inc/stm32wbxx_ll_rcc.h **** #define LL_RCC_MSIRANGE_2                  RCC_CR_MSIRANGE_2  /*!< MSI = 400 KHz  */
 229:Drivers/STM32WBxx_HAL_Driver/Inc/stm32wbxx_ll_rcc.h **** #define LL_RCC_MSIRANGE_3                  RCC_CR_MSIRANGE_3  /*!< MSI = 800 KHz  */
 230:Drivers/STM32WBxx_HAL_Driver/Inc/stm32wbxx_ll_rcc.h **** #define LL_RCC_MSIRANGE_4                  RCC_CR_MSIRANGE_4  /*!< MSI = 1 MHz    */
 231:Drivers/STM32WBxx_HAL_Driver/Inc/stm32wbxx_ll_rcc.h **** #define LL_RCC_MSIRANGE_5                  RCC_CR_MSIRANGE_5  /*!< MSI = 2 MHz    */
 232:Drivers/STM32WBxx_HAL_Driver/Inc/stm32wbxx_ll_rcc.h **** #define LL_RCC_MSIRANGE_6                  RCC_CR_MSIRANGE_6  /*!< MSI = 4 MHz    */
 233:Drivers/STM32WBxx_HAL_Driver/Inc/stm32wbxx_ll_rcc.h **** #define LL_RCC_MSIRANGE_7                  RCC_CR_MSIRANGE_7  /*!< MSI = 8 MHz    */
 234:Drivers/STM32WBxx_HAL_Driver/Inc/stm32wbxx_ll_rcc.h **** #define LL_RCC_MSIRANGE_8                  RCC_CR_MSIRANGE_8  /*!< MSI = 16 MHz   */
 235:Drivers/STM32WBxx_HAL_Driver/Inc/stm32wbxx_ll_rcc.h **** #define LL_RCC_MSIRANGE_9                  RCC_CR_MSIRANGE_9  /*!< MSI = 24 MHz   */
 236:Drivers/STM32WBxx_HAL_Driver/Inc/stm32wbxx_ll_rcc.h **** #define LL_RCC_MSIRANGE_10                 RCC_CR_MSIRANGE_10 /*!< MSI = 32 MHz   */
 237:Drivers/STM32WBxx_HAL_Driver/Inc/stm32wbxx_ll_rcc.h **** #define LL_RCC_MSIRANGE_11                 RCC_CR_MSIRANGE_11 /*!< MSI = 48 MHz   */
 238:Drivers/STM32WBxx_HAL_Driver/Inc/stm32wbxx_ll_rcc.h **** /**
 239:Drivers/STM32WBxx_HAL_Driver/Inc/stm32wbxx_ll_rcc.h ****   * @}
 240:Drivers/STM32WBxx_HAL_Driver/Inc/stm32wbxx_ll_rcc.h ****   */
 241:Drivers/STM32WBxx_HAL_Driver/Inc/stm32wbxx_ll_rcc.h **** 
 242:Drivers/STM32WBxx_HAL_Driver/Inc/stm32wbxx_ll_rcc.h **** 
 243:Drivers/STM32WBxx_HAL_Driver/Inc/stm32wbxx_ll_rcc.h **** /** @defgroup RCC_LL_EC_HSE_CURRENT_CONTROL  HSE current control max limits
 244:Drivers/STM32WBxx_HAL_Driver/Inc/stm32wbxx_ll_rcc.h ****   * @{
 245:Drivers/STM32WBxx_HAL_Driver/Inc/stm32wbxx_ll_rcc.h ****   */
 246:Drivers/STM32WBxx_HAL_Driver/Inc/stm32wbxx_ll_rcc.h **** #define LL_RCC_HSE_CURRENTMAX_0            0x000000000U                                            
 247:Drivers/STM32WBxx_HAL_Driver/Inc/stm32wbxx_ll_rcc.h **** #define LL_RCC_HSE_CURRENTMAX_1            RCC_HSECR_HSEGMC0                                       
 248:Drivers/STM32WBxx_HAL_Driver/Inc/stm32wbxx_ll_rcc.h **** #define LL_RCC_HSE_CURRENTMAX_2            RCC_HSECR_HSEGMC1                                       
 249:Drivers/STM32WBxx_HAL_Driver/Inc/stm32wbxx_ll_rcc.h **** #define LL_RCC_HSE_CURRENTMAX_3            (RCC_HSECR_HSEGMC1|RCC_HSECR_HSEGMC0)                   
 250:Drivers/STM32WBxx_HAL_Driver/Inc/stm32wbxx_ll_rcc.h **** #define LL_RCC_HSE_CURRENTMAX_4            RCC_HSECR_HSEGMC2                                       
ARM GAS  C:\Users\bku598\AppData\Local\Temp\ccPOR4r7.s 			page 59


 251:Drivers/STM32WBxx_HAL_Driver/Inc/stm32wbxx_ll_rcc.h **** #define LL_RCC_HSE_CURRENTMAX_5            (RCC_HSECR_HSEGMC2|RCC_HSECR_HSEGMC0)                   
 252:Drivers/STM32WBxx_HAL_Driver/Inc/stm32wbxx_ll_rcc.h **** #define LL_RCC_HSE_CURRENTMAX_6            (RCC_HSECR_HSEGMC2|RCC_HSECR_HSEGMC1)                   
 253:Drivers/STM32WBxx_HAL_Driver/Inc/stm32wbxx_ll_rcc.h **** #define LL_RCC_HSE_CURRENTMAX_7            (RCC_HSECR_HSEGMC2|RCC_HSECR_HSEGMC1|RCC_HSECR_HSEGMC0) 
 254:Drivers/STM32WBxx_HAL_Driver/Inc/stm32wbxx_ll_rcc.h **** /**
 255:Drivers/STM32WBxx_HAL_Driver/Inc/stm32wbxx_ll_rcc.h ****   * @}
 256:Drivers/STM32WBxx_HAL_Driver/Inc/stm32wbxx_ll_rcc.h ****   */
 257:Drivers/STM32WBxx_HAL_Driver/Inc/stm32wbxx_ll_rcc.h **** 
 258:Drivers/STM32WBxx_HAL_Driver/Inc/stm32wbxx_ll_rcc.h **** /** @defgroup RCC_LL_EC_HSE_SENSE_AMPLIFIER  HSE sense amplifier threshold
 259:Drivers/STM32WBxx_HAL_Driver/Inc/stm32wbxx_ll_rcc.h ****   * @{
 260:Drivers/STM32WBxx_HAL_Driver/Inc/stm32wbxx_ll_rcc.h ****   */
 261:Drivers/STM32WBxx_HAL_Driver/Inc/stm32wbxx_ll_rcc.h **** #define LL_RCC_HSEAMPTHRESHOLD_1_2         (0x000000000U)        /*!< HSE sense amplifier bias curr
 262:Drivers/STM32WBxx_HAL_Driver/Inc/stm32wbxx_ll_rcc.h **** #define LL_RCC_HSEAMPTHRESHOLD_3_4         RCC_HSECR_HSES        /*!< HSE sense amplifier bias curr
 263:Drivers/STM32WBxx_HAL_Driver/Inc/stm32wbxx_ll_rcc.h **** /**
 264:Drivers/STM32WBxx_HAL_Driver/Inc/stm32wbxx_ll_rcc.h ****   * @}
 265:Drivers/STM32WBxx_HAL_Driver/Inc/stm32wbxx_ll_rcc.h ****   */
 266:Drivers/STM32WBxx_HAL_Driver/Inc/stm32wbxx_ll_rcc.h **** 
 267:Drivers/STM32WBxx_HAL_Driver/Inc/stm32wbxx_ll_rcc.h **** /** @defgroup RCC_LL_EC_LSCO_CLKSOURCE  LSCO Selection
 268:Drivers/STM32WBxx_HAL_Driver/Inc/stm32wbxx_ll_rcc.h ****   * @{
 269:Drivers/STM32WBxx_HAL_Driver/Inc/stm32wbxx_ll_rcc.h ****   */
 270:Drivers/STM32WBxx_HAL_Driver/Inc/stm32wbxx_ll_rcc.h **** #define LL_RCC_LSCO_CLKSOURCE_LSI          0x00000000U           /*!< LSI selection for low speed c
 271:Drivers/STM32WBxx_HAL_Driver/Inc/stm32wbxx_ll_rcc.h **** #define LL_RCC_LSCO_CLKSOURCE_LSE          RCC_BDCR_LSCOSEL      /*!< LSE selection for low speed c
 272:Drivers/STM32WBxx_HAL_Driver/Inc/stm32wbxx_ll_rcc.h **** /**
 273:Drivers/STM32WBxx_HAL_Driver/Inc/stm32wbxx_ll_rcc.h ****   * @}
 274:Drivers/STM32WBxx_HAL_Driver/Inc/stm32wbxx_ll_rcc.h ****   */
 275:Drivers/STM32WBxx_HAL_Driver/Inc/stm32wbxx_ll_rcc.h **** 
 276:Drivers/STM32WBxx_HAL_Driver/Inc/stm32wbxx_ll_rcc.h **** /** @defgroup RCC_LL_EC_SYS_CLKSOURCE  System clock switch
 277:Drivers/STM32WBxx_HAL_Driver/Inc/stm32wbxx_ll_rcc.h ****   * @{
 278:Drivers/STM32WBxx_HAL_Driver/Inc/stm32wbxx_ll_rcc.h ****   */
 279:Drivers/STM32WBxx_HAL_Driver/Inc/stm32wbxx_ll_rcc.h **** #define LL_RCC_SYS_CLKSOURCE_MSI           0x00000000U                       /*!< MSI selection as 
 280:Drivers/STM32WBxx_HAL_Driver/Inc/stm32wbxx_ll_rcc.h **** #define LL_RCC_SYS_CLKSOURCE_HSI           RCC_CFGR_SW_0                     /*!< HSI selection as 
 281:Drivers/STM32WBxx_HAL_Driver/Inc/stm32wbxx_ll_rcc.h **** #define LL_RCC_SYS_CLKSOURCE_HSE           RCC_CFGR_SW_1                     /*!< HSE selection as 
 282:Drivers/STM32WBxx_HAL_Driver/Inc/stm32wbxx_ll_rcc.h **** #define LL_RCC_SYS_CLKSOURCE_PLL           (RCC_CFGR_SW_1 | RCC_CFGR_SW_0)   /*!< PLL selection as 
 283:Drivers/STM32WBxx_HAL_Driver/Inc/stm32wbxx_ll_rcc.h **** /**
 284:Drivers/STM32WBxx_HAL_Driver/Inc/stm32wbxx_ll_rcc.h ****   * @}
 285:Drivers/STM32WBxx_HAL_Driver/Inc/stm32wbxx_ll_rcc.h ****   */
 286:Drivers/STM32WBxx_HAL_Driver/Inc/stm32wbxx_ll_rcc.h **** 
 287:Drivers/STM32WBxx_HAL_Driver/Inc/stm32wbxx_ll_rcc.h **** /** @defgroup RCC_LL_EC_SYS_CLKSOURCE_STATUS  System clock switch status
 288:Drivers/STM32WBxx_HAL_Driver/Inc/stm32wbxx_ll_rcc.h ****   * @{
 289:Drivers/STM32WBxx_HAL_Driver/Inc/stm32wbxx_ll_rcc.h ****   */
 290:Drivers/STM32WBxx_HAL_Driver/Inc/stm32wbxx_ll_rcc.h **** #define LL_RCC_SYS_CLKSOURCE_STATUS_MSI    0x00000000U                       /*!< MSI used as syste
 291:Drivers/STM32WBxx_HAL_Driver/Inc/stm32wbxx_ll_rcc.h **** #define LL_RCC_SYS_CLKSOURCE_STATUS_HSI    RCC_CFGR_SWS_0                    /*!< HSI used as syste
 292:Drivers/STM32WBxx_HAL_Driver/Inc/stm32wbxx_ll_rcc.h **** #define LL_RCC_SYS_CLKSOURCE_STATUS_HSE    RCC_CFGR_SWS_1                    /*!< HSE used as syste
 293:Drivers/STM32WBxx_HAL_Driver/Inc/stm32wbxx_ll_rcc.h **** #define LL_RCC_SYS_CLKSOURCE_STATUS_PLL    (RCC_CFGR_SWS_1 | RCC_CFGR_SWS_0) /*!< PLL used as syste
 294:Drivers/STM32WBxx_HAL_Driver/Inc/stm32wbxx_ll_rcc.h **** /**
 295:Drivers/STM32WBxx_HAL_Driver/Inc/stm32wbxx_ll_rcc.h ****   * @}
 296:Drivers/STM32WBxx_HAL_Driver/Inc/stm32wbxx_ll_rcc.h ****   */
 297:Drivers/STM32WBxx_HAL_Driver/Inc/stm32wbxx_ll_rcc.h **** 
 298:Drivers/STM32WBxx_HAL_Driver/Inc/stm32wbxx_ll_rcc.h **** /** @defgroup RCC_LL_EC_RF_CLKSOURCE_STATUS  RF system clock switch status
 299:Drivers/STM32WBxx_HAL_Driver/Inc/stm32wbxx_ll_rcc.h ****   * @{
 300:Drivers/STM32WBxx_HAL_Driver/Inc/stm32wbxx_ll_rcc.h ****   */
 301:Drivers/STM32WBxx_HAL_Driver/Inc/stm32wbxx_ll_rcc.h **** #define LL_RCC_RF_CLKSOURCE_HSI            0x00000000U        /*!< HSI used as RF system clock     
 302:Drivers/STM32WBxx_HAL_Driver/Inc/stm32wbxx_ll_rcc.h **** #define LL_RCC_RF_CLKSOURCE_HSE_DIV2       RCC_EXTCFGR_RFCSS  /*!< HSE divided by 2 used as RF syst
 303:Drivers/STM32WBxx_HAL_Driver/Inc/stm32wbxx_ll_rcc.h **** /**
 304:Drivers/STM32WBxx_HAL_Driver/Inc/stm32wbxx_ll_rcc.h ****   * @}
 305:Drivers/STM32WBxx_HAL_Driver/Inc/stm32wbxx_ll_rcc.h ****   */
 306:Drivers/STM32WBxx_HAL_Driver/Inc/stm32wbxx_ll_rcc.h **** 
 307:Drivers/STM32WBxx_HAL_Driver/Inc/stm32wbxx_ll_rcc.h **** /** @defgroup RCC_LL_EC_SYSCLK_DIV  AHB prescaler
ARM GAS  C:\Users\bku598\AppData\Local\Temp\ccPOR4r7.s 			page 60


 308:Drivers/STM32WBxx_HAL_Driver/Inc/stm32wbxx_ll_rcc.h ****   * @{
 309:Drivers/STM32WBxx_HAL_Driver/Inc/stm32wbxx_ll_rcc.h ****   */
 310:Drivers/STM32WBxx_HAL_Driver/Inc/stm32wbxx_ll_rcc.h **** #define LL_RCC_SYSCLK_DIV_1                0x00000000U                                             
 311:Drivers/STM32WBxx_HAL_Driver/Inc/stm32wbxx_ll_rcc.h **** #define LL_RCC_SYSCLK_DIV_2                RCC_CFGR_HPRE_3                                         
 312:Drivers/STM32WBxx_HAL_Driver/Inc/stm32wbxx_ll_rcc.h **** #define LL_RCC_SYSCLK_DIV_3                RCC_CFGR_HPRE_0                                         
 313:Drivers/STM32WBxx_HAL_Driver/Inc/stm32wbxx_ll_rcc.h **** #define LL_RCC_SYSCLK_DIV_4                (RCC_CFGR_HPRE_3 | RCC_CFGR_HPRE_0)                     
 314:Drivers/STM32WBxx_HAL_Driver/Inc/stm32wbxx_ll_rcc.h **** #define LL_RCC_SYSCLK_DIV_5                RCC_CFGR_HPRE_1                                         
 315:Drivers/STM32WBxx_HAL_Driver/Inc/stm32wbxx_ll_rcc.h **** #define LL_RCC_SYSCLK_DIV_6                (RCC_CFGR_HPRE_2 | RCC_CFGR_HPRE_0)                     
 316:Drivers/STM32WBxx_HAL_Driver/Inc/stm32wbxx_ll_rcc.h **** #define LL_RCC_SYSCLK_DIV_8                (RCC_CFGR_HPRE_3 | RCC_CFGR_HPRE_1)                     
 317:Drivers/STM32WBxx_HAL_Driver/Inc/stm32wbxx_ll_rcc.h **** #define LL_RCC_SYSCLK_DIV_10               (RCC_CFGR_HPRE_2 | RCC_CFGR_HPRE_1)                     
 318:Drivers/STM32WBxx_HAL_Driver/Inc/stm32wbxx_ll_rcc.h **** #define LL_RCC_SYSCLK_DIV_16               (RCC_CFGR_HPRE_3 | RCC_CFGR_HPRE_1 | RCC_CFGR_HPRE_0)   
 319:Drivers/STM32WBxx_HAL_Driver/Inc/stm32wbxx_ll_rcc.h **** #define LL_RCC_SYSCLK_DIV_32               (RCC_CFGR_HPRE_2 | RCC_CFGR_HPRE_1 | RCC_CFGR_HPRE_0)   
 320:Drivers/STM32WBxx_HAL_Driver/Inc/stm32wbxx_ll_rcc.h **** #define LL_RCC_SYSCLK_DIV_64               (RCC_CFGR_HPRE_3 | RCC_CFGR_HPRE_2)                     
 321:Drivers/STM32WBxx_HAL_Driver/Inc/stm32wbxx_ll_rcc.h **** #define LL_RCC_SYSCLK_DIV_128              (RCC_CFGR_HPRE_3 | RCC_CFGR_HPRE_2 | RCC_CFGR_HPRE_0)   
 322:Drivers/STM32WBxx_HAL_Driver/Inc/stm32wbxx_ll_rcc.h **** #define LL_RCC_SYSCLK_DIV_256              (RCC_CFGR_HPRE_3 | RCC_CFGR_HPRE_2 | RCC_CFGR_HPRE_1)   
 323:Drivers/STM32WBxx_HAL_Driver/Inc/stm32wbxx_ll_rcc.h **** #define LL_RCC_SYSCLK_DIV_512              (RCC_CFGR_HPRE_3 | RCC_CFGR_HPRE_2 | RCC_CFGR_HPRE_1 | R
 324:Drivers/STM32WBxx_HAL_Driver/Inc/stm32wbxx_ll_rcc.h **** /**
 325:Drivers/STM32WBxx_HAL_Driver/Inc/stm32wbxx_ll_rcc.h ****   * @}
 326:Drivers/STM32WBxx_HAL_Driver/Inc/stm32wbxx_ll_rcc.h ****   */
 327:Drivers/STM32WBxx_HAL_Driver/Inc/stm32wbxx_ll_rcc.h **** 
 328:Drivers/STM32WBxx_HAL_Driver/Inc/stm32wbxx_ll_rcc.h **** /** @defgroup RCC_LL_EC_APB1_DIV  APB low-speed prescaler (APB1)
 329:Drivers/STM32WBxx_HAL_Driver/Inc/stm32wbxx_ll_rcc.h ****   * @{
 330:Drivers/STM32WBxx_HAL_Driver/Inc/stm32wbxx_ll_rcc.h ****   */
 331:Drivers/STM32WBxx_HAL_Driver/Inc/stm32wbxx_ll_rcc.h **** #define LL_RCC_APB1_DIV_1                  0x00000000U                                             
 332:Drivers/STM32WBxx_HAL_Driver/Inc/stm32wbxx_ll_rcc.h **** #define LL_RCC_APB1_DIV_2                  RCC_CFGR_PPRE1_2                                        
 333:Drivers/STM32WBxx_HAL_Driver/Inc/stm32wbxx_ll_rcc.h **** #define LL_RCC_APB1_DIV_4                  (RCC_CFGR_PPRE1_2 | RCC_CFGR_PPRE1_0)                   
 334:Drivers/STM32WBxx_HAL_Driver/Inc/stm32wbxx_ll_rcc.h **** #define LL_RCC_APB1_DIV_8                  (RCC_CFGR_PPRE1_2 | RCC_CFGR_PPRE1_1)                   
 335:Drivers/STM32WBxx_HAL_Driver/Inc/stm32wbxx_ll_rcc.h **** #define LL_RCC_APB1_DIV_16                 (RCC_CFGR_PPRE1_2 | RCC_CFGR_PPRE1_1 | RCC_CFGR_PPRE1_0)
 336:Drivers/STM32WBxx_HAL_Driver/Inc/stm32wbxx_ll_rcc.h **** /**
 337:Drivers/STM32WBxx_HAL_Driver/Inc/stm32wbxx_ll_rcc.h ****   * @}
 338:Drivers/STM32WBxx_HAL_Driver/Inc/stm32wbxx_ll_rcc.h ****   */
 339:Drivers/STM32WBxx_HAL_Driver/Inc/stm32wbxx_ll_rcc.h **** 
 340:Drivers/STM32WBxx_HAL_Driver/Inc/stm32wbxx_ll_rcc.h **** /** @defgroup RCC_LL_EC_APB2_DIV  APB high-speed prescaler (APB2)
 341:Drivers/STM32WBxx_HAL_Driver/Inc/stm32wbxx_ll_rcc.h ****   * @{
 342:Drivers/STM32WBxx_HAL_Driver/Inc/stm32wbxx_ll_rcc.h ****   */
 343:Drivers/STM32WBxx_HAL_Driver/Inc/stm32wbxx_ll_rcc.h **** #define LL_RCC_APB2_DIV_1                  0x00000000U                                             
 344:Drivers/STM32WBxx_HAL_Driver/Inc/stm32wbxx_ll_rcc.h **** #define LL_RCC_APB2_DIV_2                  RCC_CFGR_PPRE2_2                                        
 345:Drivers/STM32WBxx_HAL_Driver/Inc/stm32wbxx_ll_rcc.h **** #define LL_RCC_APB2_DIV_4                  (RCC_CFGR_PPRE2_2 | RCC_CFGR_PPRE2_0)                   
 346:Drivers/STM32WBxx_HAL_Driver/Inc/stm32wbxx_ll_rcc.h **** #define LL_RCC_APB2_DIV_8                  (RCC_CFGR_PPRE2_2 | RCC_CFGR_PPRE2_1)                   
 347:Drivers/STM32WBxx_HAL_Driver/Inc/stm32wbxx_ll_rcc.h **** #define LL_RCC_APB2_DIV_16                 (RCC_CFGR_PPRE2_2 | RCC_CFGR_PPRE2_1 | RCC_CFGR_PPRE2_0)
 348:Drivers/STM32WBxx_HAL_Driver/Inc/stm32wbxx_ll_rcc.h **** /**
 349:Drivers/STM32WBxx_HAL_Driver/Inc/stm32wbxx_ll_rcc.h ****   * @}
 350:Drivers/STM32WBxx_HAL_Driver/Inc/stm32wbxx_ll_rcc.h ****   */
 351:Drivers/STM32WBxx_HAL_Driver/Inc/stm32wbxx_ll_rcc.h **** 
 352:Drivers/STM32WBxx_HAL_Driver/Inc/stm32wbxx_ll_rcc.h **** /** @defgroup RCC_LL_EC_STOP_WAKEUPCLOCK  Wakeup from Stop and CSS backup clock selection
 353:Drivers/STM32WBxx_HAL_Driver/Inc/stm32wbxx_ll_rcc.h ****   * @{
 354:Drivers/STM32WBxx_HAL_Driver/Inc/stm32wbxx_ll_rcc.h ****   */
 355:Drivers/STM32WBxx_HAL_Driver/Inc/stm32wbxx_ll_rcc.h **** #define LL_RCC_STOP_WAKEUPCLOCK_MSI        0x00000000U             /*!< MSI selection after wake-up
 356:Drivers/STM32WBxx_HAL_Driver/Inc/stm32wbxx_ll_rcc.h **** #define LL_RCC_STOP_WAKEUPCLOCK_HSI        RCC_CFGR_STOPWUCK       /*!< HSI selection after wake-up
 357:Drivers/STM32WBxx_HAL_Driver/Inc/stm32wbxx_ll_rcc.h **** /**
 358:Drivers/STM32WBxx_HAL_Driver/Inc/stm32wbxx_ll_rcc.h ****   * @}
 359:Drivers/STM32WBxx_HAL_Driver/Inc/stm32wbxx_ll_rcc.h ****   */
 360:Drivers/STM32WBxx_HAL_Driver/Inc/stm32wbxx_ll_rcc.h **** 
 361:Drivers/STM32WBxx_HAL_Driver/Inc/stm32wbxx_ll_rcc.h **** /** @defgroup RCC_LL_EC_MCO1SOURCE  MCO1 SOURCE selection
 362:Drivers/STM32WBxx_HAL_Driver/Inc/stm32wbxx_ll_rcc.h ****   * @{
 363:Drivers/STM32WBxx_HAL_Driver/Inc/stm32wbxx_ll_rcc.h ****   */
 364:Drivers/STM32WBxx_HAL_Driver/Inc/stm32wbxx_ll_rcc.h **** #define LL_RCC_MCO1SOURCE_NOCLOCK          0x00000000U                                   /*!< MCO o
ARM GAS  C:\Users\bku598\AppData\Local\Temp\ccPOR4r7.s 			page 61


 365:Drivers/STM32WBxx_HAL_Driver/Inc/stm32wbxx_ll_rcc.h **** #define LL_RCC_MCO1SOURCE_SYSCLK           RCC_CFGR_MCOSEL_0                             /*!< SYSCL
 366:Drivers/STM32WBxx_HAL_Driver/Inc/stm32wbxx_ll_rcc.h **** #define LL_RCC_MCO1SOURCE_MSI              RCC_CFGR_MCOSEL_1                             /*!< MSI s
 367:Drivers/STM32WBxx_HAL_Driver/Inc/stm32wbxx_ll_rcc.h **** #define LL_RCC_MCO1SOURCE_HSI              (RCC_CFGR_MCOSEL_0| RCC_CFGR_MCOSEL_1)        /*!< HSI s
 368:Drivers/STM32WBxx_HAL_Driver/Inc/stm32wbxx_ll_rcc.h **** #define LL_RCC_MCO1SOURCE_HSE              RCC_CFGR_MCOSEL_2                             /*!< HSE a
 369:Drivers/STM32WBxx_HAL_Driver/Inc/stm32wbxx_ll_rcc.h **** #define LL_RCC_MCO1SOURCE_PLLCLK           (RCC_CFGR_MCOSEL_0|RCC_CFGR_MCOSEL_2)         /*!< Main 
 370:Drivers/STM32WBxx_HAL_Driver/Inc/stm32wbxx_ll_rcc.h **** #define LL_RCC_MCO1SOURCE_LSI1             (RCC_CFGR_MCOSEL_1|RCC_CFGR_MCOSEL_2)         /*!< LSI1 
 371:Drivers/STM32WBxx_HAL_Driver/Inc/stm32wbxx_ll_rcc.h **** #define LL_RCC_MCO1SOURCE_LSI2             (RCC_CFGR_MCOSEL_0|RCC_CFGR_MCOSEL_1|RCC_CFGR_MCOSEL_2) 
 372:Drivers/STM32WBxx_HAL_Driver/Inc/stm32wbxx_ll_rcc.h **** #define LL_RCC_MCO1SOURCE_LSE              RCC_CFGR_MCOSEL_3                             /*!< LSE s
 373:Drivers/STM32WBxx_HAL_Driver/Inc/stm32wbxx_ll_rcc.h **** #if defined(RCC_HSI48_SUPPORT)
 374:Drivers/STM32WBxx_HAL_Driver/Inc/stm32wbxx_ll_rcc.h **** #define LL_RCC_MCO1SOURCE_HSI48            (RCC_CFGR_MCOSEL_0|RCC_CFGR_MCOSEL_3)         /*!< HSI48
 375:Drivers/STM32WBxx_HAL_Driver/Inc/stm32wbxx_ll_rcc.h **** #endif /* RCC_HSI48_SUPPORT */
 376:Drivers/STM32WBxx_HAL_Driver/Inc/stm32wbxx_ll_rcc.h **** #define LL_RCC_MCO1SOURCE_HSE_BEFORE_STAB  (RCC_CFGR_MCOSEL_2|RCC_CFGR_MCOSEL_3)         /*!< HSE b
 377:Drivers/STM32WBxx_HAL_Driver/Inc/stm32wbxx_ll_rcc.h **** /**
 378:Drivers/STM32WBxx_HAL_Driver/Inc/stm32wbxx_ll_rcc.h ****   * @}
 379:Drivers/STM32WBxx_HAL_Driver/Inc/stm32wbxx_ll_rcc.h ****   */
 380:Drivers/STM32WBxx_HAL_Driver/Inc/stm32wbxx_ll_rcc.h **** 
 381:Drivers/STM32WBxx_HAL_Driver/Inc/stm32wbxx_ll_rcc.h **** /** @defgroup RCC_LL_EC_MCO1_DIV  MCO1 prescaler
 382:Drivers/STM32WBxx_HAL_Driver/Inc/stm32wbxx_ll_rcc.h ****   * @{
 383:Drivers/STM32WBxx_HAL_Driver/Inc/stm32wbxx_ll_rcc.h ****   */
 384:Drivers/STM32WBxx_HAL_Driver/Inc/stm32wbxx_ll_rcc.h **** #define LL_RCC_MCO1_DIV_1                  0x00000000U                               /*!< MCO not d
 385:Drivers/STM32WBxx_HAL_Driver/Inc/stm32wbxx_ll_rcc.h **** #define LL_RCC_MCO1_DIV_2                  RCC_CFGR_MCOPRE_0                         /*!< MCO divid
 386:Drivers/STM32WBxx_HAL_Driver/Inc/stm32wbxx_ll_rcc.h **** #define LL_RCC_MCO1_DIV_4                  RCC_CFGR_MCOPRE_1                         /*!< MCO divid
 387:Drivers/STM32WBxx_HAL_Driver/Inc/stm32wbxx_ll_rcc.h **** #define LL_RCC_MCO1_DIV_8                  (RCC_CFGR_MCOPRE_1 | RCC_CFGR_MCOPRE_0)   /*!< MCO divid
 388:Drivers/STM32WBxx_HAL_Driver/Inc/stm32wbxx_ll_rcc.h **** #define LL_RCC_MCO1_DIV_16                 RCC_CFGR_MCOPRE_2                         /*!< MCO divid
 389:Drivers/STM32WBxx_HAL_Driver/Inc/stm32wbxx_ll_rcc.h **** /**
 390:Drivers/STM32WBxx_HAL_Driver/Inc/stm32wbxx_ll_rcc.h ****   * @}
 391:Drivers/STM32WBxx_HAL_Driver/Inc/stm32wbxx_ll_rcc.h ****   */
 392:Drivers/STM32WBxx_HAL_Driver/Inc/stm32wbxx_ll_rcc.h **** 
 393:Drivers/STM32WBxx_HAL_Driver/Inc/stm32wbxx_ll_rcc.h **** #if defined(RCC_SMPS_SUPPORT)
 394:Drivers/STM32WBxx_HAL_Driver/Inc/stm32wbxx_ll_rcc.h **** /** @defgroup RCC_LL_EC_SMPS_CLKSOURCE  SMPS clock switch
 395:Drivers/STM32WBxx_HAL_Driver/Inc/stm32wbxx_ll_rcc.h ****   * @{
 396:Drivers/STM32WBxx_HAL_Driver/Inc/stm32wbxx_ll_rcc.h ****   */
 397:Drivers/STM32WBxx_HAL_Driver/Inc/stm32wbxx_ll_rcc.h **** #define LL_RCC_SMPS_CLKSOURCE_HSI           0x00000000U             /*!< HSI selection as SMPS cloc
 398:Drivers/STM32WBxx_HAL_Driver/Inc/stm32wbxx_ll_rcc.h **** #define LL_RCC_SMPS_CLKSOURCE_MSI           RCC_SMPSCR_SMPSSEL_0    /*!< MSI selection as SMPS cloc
 399:Drivers/STM32WBxx_HAL_Driver/Inc/stm32wbxx_ll_rcc.h **** #define LL_RCC_SMPS_CLKSOURCE_HSE           RCC_SMPSCR_SMPSSEL_1    /*!< HSE selection as SMPS cloc
 400:Drivers/STM32WBxx_HAL_Driver/Inc/stm32wbxx_ll_rcc.h **** /**
 401:Drivers/STM32WBxx_HAL_Driver/Inc/stm32wbxx_ll_rcc.h ****   * @}
 402:Drivers/STM32WBxx_HAL_Driver/Inc/stm32wbxx_ll_rcc.h ****   */
 403:Drivers/STM32WBxx_HAL_Driver/Inc/stm32wbxx_ll_rcc.h **** 
 404:Drivers/STM32WBxx_HAL_Driver/Inc/stm32wbxx_ll_rcc.h **** /** @defgroup RCC_LL_EC_SMPS_CLKSOURCE_STATUS  SMPS clock switch status
 405:Drivers/STM32WBxx_HAL_Driver/Inc/stm32wbxx_ll_rcc.h ****   * @{
 406:Drivers/STM32WBxx_HAL_Driver/Inc/stm32wbxx_ll_rcc.h ****   */
 407:Drivers/STM32WBxx_HAL_Driver/Inc/stm32wbxx_ll_rcc.h **** #define LL_RCC_SMPS_CLKSOURCE_STATUS_HSI       0x00000000U                                   /*!< H
 408:Drivers/STM32WBxx_HAL_Driver/Inc/stm32wbxx_ll_rcc.h **** #define LL_RCC_SMPS_CLKSOURCE_STATUS_MSI       RCC_SMPSCR_SMPSSWS_0                          /*!< M
 409:Drivers/STM32WBxx_HAL_Driver/Inc/stm32wbxx_ll_rcc.h **** #define LL_RCC_SMPS_CLKSOURCE_STATUS_HSE       RCC_SMPSCR_SMPSSWS_1                          /*!< H
 410:Drivers/STM32WBxx_HAL_Driver/Inc/stm32wbxx_ll_rcc.h **** #define LL_RCC_SMPS_CLKSOURCE_STATUS_NO_CLOCK  (RCC_SMPSCR_SMPSSWS_0|RCC_SMPSCR_SMPSSWS_1)   /*!< N
 411:Drivers/STM32WBxx_HAL_Driver/Inc/stm32wbxx_ll_rcc.h **** /**
 412:Drivers/STM32WBxx_HAL_Driver/Inc/stm32wbxx_ll_rcc.h ****   * @}
 413:Drivers/STM32WBxx_HAL_Driver/Inc/stm32wbxx_ll_rcc.h ****   */
 414:Drivers/STM32WBxx_HAL_Driver/Inc/stm32wbxx_ll_rcc.h **** 
 415:Drivers/STM32WBxx_HAL_Driver/Inc/stm32wbxx_ll_rcc.h **** /** @defgroup RCC_LL_EC_SMPS_DIV  SMPS prescaler
 416:Drivers/STM32WBxx_HAL_Driver/Inc/stm32wbxx_ll_rcc.h ****     * @{
 417:Drivers/STM32WBxx_HAL_Driver/Inc/stm32wbxx_ll_rcc.h ****     */
 418:Drivers/STM32WBxx_HAL_Driver/Inc/stm32wbxx_ll_rcc.h **** #define LL_RCC_SMPS_DIV_0                  (0x00000000U)                                     /*!< S
 419:Drivers/STM32WBxx_HAL_Driver/Inc/stm32wbxx_ll_rcc.h **** #define LL_RCC_SMPS_DIV_1                  RCC_SMPSCR_SMPSDIV_0                              /*!< S
 420:Drivers/STM32WBxx_HAL_Driver/Inc/stm32wbxx_ll_rcc.h **** #define LL_RCC_SMPS_DIV_2                  RCC_SMPSCR_SMPSDIV_1                              /*!< S
 421:Drivers/STM32WBxx_HAL_Driver/Inc/stm32wbxx_ll_rcc.h **** #define LL_RCC_SMPS_DIV_3                  (RCC_SMPSCR_SMPSDIV_0|RCC_SMPSCR_SMPSDIV_1)       /*!< S
ARM GAS  C:\Users\bku598\AppData\Local\Temp\ccPOR4r7.s 			page 62


 422:Drivers/STM32WBxx_HAL_Driver/Inc/stm32wbxx_ll_rcc.h **** /**
 423:Drivers/STM32WBxx_HAL_Driver/Inc/stm32wbxx_ll_rcc.h ****     * @}
 424:Drivers/STM32WBxx_HAL_Driver/Inc/stm32wbxx_ll_rcc.h ****     */
 425:Drivers/STM32WBxx_HAL_Driver/Inc/stm32wbxx_ll_rcc.h **** #endif /* RCC_SMPS_SUPPORT */
 426:Drivers/STM32WBxx_HAL_Driver/Inc/stm32wbxx_ll_rcc.h **** 
 427:Drivers/STM32WBxx_HAL_Driver/Inc/stm32wbxx_ll_rcc.h **** #if defined(USE_FULL_LL_DRIVER)
 428:Drivers/STM32WBxx_HAL_Driver/Inc/stm32wbxx_ll_rcc.h **** /** @defgroup RCC_LL_EC_PERIPH_FREQUENCY Peripheral clock frequency
 429:Drivers/STM32WBxx_HAL_Driver/Inc/stm32wbxx_ll_rcc.h ****   * @{
 430:Drivers/STM32WBxx_HAL_Driver/Inc/stm32wbxx_ll_rcc.h ****   */
 431:Drivers/STM32WBxx_HAL_Driver/Inc/stm32wbxx_ll_rcc.h **** #define LL_RCC_PERIPH_FREQUENCY_NO         0x00000000U                 /*!< No clock enabled for th
 432:Drivers/STM32WBxx_HAL_Driver/Inc/stm32wbxx_ll_rcc.h **** #define LL_RCC_PERIPH_FREQUENCY_NA         0xFFFFFFFFU                 /*!< Frequency cannot be pro
 433:Drivers/STM32WBxx_HAL_Driver/Inc/stm32wbxx_ll_rcc.h **** /**
 434:Drivers/STM32WBxx_HAL_Driver/Inc/stm32wbxx_ll_rcc.h ****   * @}
 435:Drivers/STM32WBxx_HAL_Driver/Inc/stm32wbxx_ll_rcc.h ****   */
 436:Drivers/STM32WBxx_HAL_Driver/Inc/stm32wbxx_ll_rcc.h **** #endif /* USE_FULL_LL_DRIVER */
 437:Drivers/STM32WBxx_HAL_Driver/Inc/stm32wbxx_ll_rcc.h **** 
 438:Drivers/STM32WBxx_HAL_Driver/Inc/stm32wbxx_ll_rcc.h **** /** @defgroup RCC_LL_EC_USART1_CLKSOURCE USART1 CLKSOURCE
 439:Drivers/STM32WBxx_HAL_Driver/Inc/stm32wbxx_ll_rcc.h ****   * @{
 440:Drivers/STM32WBxx_HAL_Driver/Inc/stm32wbxx_ll_rcc.h ****   */
 441:Drivers/STM32WBxx_HAL_Driver/Inc/stm32wbxx_ll_rcc.h **** #define LL_RCC_USART1_CLKSOURCE_PCLK2      0x00000000U                /*!< PCLK2 selected as USART1
 442:Drivers/STM32WBxx_HAL_Driver/Inc/stm32wbxx_ll_rcc.h **** #define LL_RCC_USART1_CLKSOURCE_SYSCLK     RCC_CCIPR_USART1SEL_0      /*!< SYSCLK selected as USART
 443:Drivers/STM32WBxx_HAL_Driver/Inc/stm32wbxx_ll_rcc.h **** #define LL_RCC_USART1_CLKSOURCE_HSI        RCC_CCIPR_USART1SEL_1      /*!< HSI selected as USART1 c
 444:Drivers/STM32WBxx_HAL_Driver/Inc/stm32wbxx_ll_rcc.h **** #define LL_RCC_USART1_CLKSOURCE_LSE        RCC_CCIPR_USART1SEL        /*!< LSE selected as USART1 c
 445:Drivers/STM32WBxx_HAL_Driver/Inc/stm32wbxx_ll_rcc.h **** /**
 446:Drivers/STM32WBxx_HAL_Driver/Inc/stm32wbxx_ll_rcc.h ****   * @}
 447:Drivers/STM32WBxx_HAL_Driver/Inc/stm32wbxx_ll_rcc.h ****   */
 448:Drivers/STM32WBxx_HAL_Driver/Inc/stm32wbxx_ll_rcc.h **** 
 449:Drivers/STM32WBxx_HAL_Driver/Inc/stm32wbxx_ll_rcc.h **** #if defined(LPUART1)
 450:Drivers/STM32WBxx_HAL_Driver/Inc/stm32wbxx_ll_rcc.h **** /** @defgroup RCC_LL_EC_LPUART1_CLKSOURCE LPUART1 CLKSOURCE
 451:Drivers/STM32WBxx_HAL_Driver/Inc/stm32wbxx_ll_rcc.h ****   * @{
 452:Drivers/STM32WBxx_HAL_Driver/Inc/stm32wbxx_ll_rcc.h ****   */
 453:Drivers/STM32WBxx_HAL_Driver/Inc/stm32wbxx_ll_rcc.h **** #define LL_RCC_LPUART1_CLKSOURCE_PCLK1     0x00000000U               /*!< PCLK1 selected as LPUART1
 454:Drivers/STM32WBxx_HAL_Driver/Inc/stm32wbxx_ll_rcc.h **** #define LL_RCC_LPUART1_CLKSOURCE_SYSCLK    RCC_CCIPR_LPUART1SEL_0    /*!< SYCLK selected as LPUART1
 455:Drivers/STM32WBxx_HAL_Driver/Inc/stm32wbxx_ll_rcc.h **** #define LL_RCC_LPUART1_CLKSOURCE_HSI       RCC_CCIPR_LPUART1SEL_1    /*!< HSI selected as LPUART1 c
 456:Drivers/STM32WBxx_HAL_Driver/Inc/stm32wbxx_ll_rcc.h **** #define LL_RCC_LPUART1_CLKSOURCE_LSE       RCC_CCIPR_LPUART1SEL      /*!< LSE selected as LPUART1 c
 457:Drivers/STM32WBxx_HAL_Driver/Inc/stm32wbxx_ll_rcc.h **** /**
 458:Drivers/STM32WBxx_HAL_Driver/Inc/stm32wbxx_ll_rcc.h ****   * @}
 459:Drivers/STM32WBxx_HAL_Driver/Inc/stm32wbxx_ll_rcc.h ****   */
 460:Drivers/STM32WBxx_HAL_Driver/Inc/stm32wbxx_ll_rcc.h **** #endif /* LPUART1 */
 461:Drivers/STM32WBxx_HAL_Driver/Inc/stm32wbxx_ll_rcc.h **** 
 462:Drivers/STM32WBxx_HAL_Driver/Inc/stm32wbxx_ll_rcc.h **** /** @defgroup RCC_LL_EC_I2Cx_CLKSOURCE I2Cx CLKSOURCE
 463:Drivers/STM32WBxx_HAL_Driver/Inc/stm32wbxx_ll_rcc.h ****   * @{
 464:Drivers/STM32WBxx_HAL_Driver/Inc/stm32wbxx_ll_rcc.h ****   */
 465:Drivers/STM32WBxx_HAL_Driver/Inc/stm32wbxx_ll_rcc.h **** #define LL_RCC_I2C1_CLKSOURCE_PCLK1        (uint32_t)((RCC_CCIPR_I2C1SEL << 4) | (0x00000000U >> 4)
 466:Drivers/STM32WBxx_HAL_Driver/Inc/stm32wbxx_ll_rcc.h **** #define LL_RCC_I2C1_CLKSOURCE_SYSCLK       (uint32_t)((RCC_CCIPR_I2C1SEL << 4) | (RCC_CCIPR_I2C1SEL
 467:Drivers/STM32WBxx_HAL_Driver/Inc/stm32wbxx_ll_rcc.h **** #define LL_RCC_I2C1_CLKSOURCE_HSI          (uint32_t)((RCC_CCIPR_I2C1SEL << 4) | (RCC_CCIPR_I2C1SEL
 468:Drivers/STM32WBxx_HAL_Driver/Inc/stm32wbxx_ll_rcc.h **** #if defined(I2C3)
 469:Drivers/STM32WBxx_HAL_Driver/Inc/stm32wbxx_ll_rcc.h **** #define LL_RCC_I2C3_CLKSOURCE_PCLK1        (uint32_t)((RCC_CCIPR_I2C3SEL << 4) | (0x00000000U >> 4)
 470:Drivers/STM32WBxx_HAL_Driver/Inc/stm32wbxx_ll_rcc.h **** #define LL_RCC_I2C3_CLKSOURCE_SYSCLK       (uint32_t)((RCC_CCIPR_I2C3SEL << 4) | (RCC_CCIPR_I2C3SEL
 471:Drivers/STM32WBxx_HAL_Driver/Inc/stm32wbxx_ll_rcc.h **** #define LL_RCC_I2C3_CLKSOURCE_HSI          (uint32_t)((RCC_CCIPR_I2C3SEL << 4) | (RCC_CCIPR_I2C3SEL
 472:Drivers/STM32WBxx_HAL_Driver/Inc/stm32wbxx_ll_rcc.h **** #endif /* I2C3 */
 473:Drivers/STM32WBxx_HAL_Driver/Inc/stm32wbxx_ll_rcc.h **** /**
 474:Drivers/STM32WBxx_HAL_Driver/Inc/stm32wbxx_ll_rcc.h ****   * @}
 475:Drivers/STM32WBxx_HAL_Driver/Inc/stm32wbxx_ll_rcc.h ****   */
 476:Drivers/STM32WBxx_HAL_Driver/Inc/stm32wbxx_ll_rcc.h **** 
 477:Drivers/STM32WBxx_HAL_Driver/Inc/stm32wbxx_ll_rcc.h **** /** @defgroup RCC_LL_EC_LPTIMx_CLKSOURCE LPTIMx CLKSOURCE
 478:Drivers/STM32WBxx_HAL_Driver/Inc/stm32wbxx_ll_rcc.h ****   * @{
ARM GAS  C:\Users\bku598\AppData\Local\Temp\ccPOR4r7.s 			page 63


 479:Drivers/STM32WBxx_HAL_Driver/Inc/stm32wbxx_ll_rcc.h ****   */
 480:Drivers/STM32WBxx_HAL_Driver/Inc/stm32wbxx_ll_rcc.h **** #define LL_RCC_LPTIM1_CLKSOURCE_PCLK1      (uint32_t)(RCC_CCIPR_LPTIM1SEL | (0x00000000U >> 16))   
 481:Drivers/STM32WBxx_HAL_Driver/Inc/stm32wbxx_ll_rcc.h **** #define LL_RCC_LPTIM1_CLKSOURCE_LSI        (uint32_t)(RCC_CCIPR_LPTIM1SEL | (RCC_CCIPR_LPTIM1SEL_0 
 482:Drivers/STM32WBxx_HAL_Driver/Inc/stm32wbxx_ll_rcc.h **** #define LL_RCC_LPTIM1_CLKSOURCE_HSI        (uint32_t)(RCC_CCIPR_LPTIM1SEL | (RCC_CCIPR_LPTIM1SEL_1 
 483:Drivers/STM32WBxx_HAL_Driver/Inc/stm32wbxx_ll_rcc.h **** #define LL_RCC_LPTIM1_CLKSOURCE_LSE        (uint32_t)(RCC_CCIPR_LPTIM1SEL | (RCC_CCIPR_LPTIM1SEL >>
 484:Drivers/STM32WBxx_HAL_Driver/Inc/stm32wbxx_ll_rcc.h **** #define LL_RCC_LPTIM2_CLKSOURCE_PCLK1      (uint32_t)(RCC_CCIPR_LPTIM2SEL | (0x00000000U >> 16))   
 485:Drivers/STM32WBxx_HAL_Driver/Inc/stm32wbxx_ll_rcc.h **** #define LL_RCC_LPTIM2_CLKSOURCE_LSI        (uint32_t)(RCC_CCIPR_LPTIM2SEL | (RCC_CCIPR_LPTIM2SEL_0 
 486:Drivers/STM32WBxx_HAL_Driver/Inc/stm32wbxx_ll_rcc.h **** #define LL_RCC_LPTIM2_CLKSOURCE_HSI        (uint32_t)(RCC_CCIPR_LPTIM2SEL | (RCC_CCIPR_LPTIM2SEL_1 
 487:Drivers/STM32WBxx_HAL_Driver/Inc/stm32wbxx_ll_rcc.h **** #define LL_RCC_LPTIM2_CLKSOURCE_LSE        (uint32_t)(RCC_CCIPR_LPTIM2SEL | (RCC_CCIPR_LPTIM2SEL >>
 488:Drivers/STM32WBxx_HAL_Driver/Inc/stm32wbxx_ll_rcc.h **** /**
 489:Drivers/STM32WBxx_HAL_Driver/Inc/stm32wbxx_ll_rcc.h ****   * @}
 490:Drivers/STM32WBxx_HAL_Driver/Inc/stm32wbxx_ll_rcc.h ****   */
 491:Drivers/STM32WBxx_HAL_Driver/Inc/stm32wbxx_ll_rcc.h **** 
 492:Drivers/STM32WBxx_HAL_Driver/Inc/stm32wbxx_ll_rcc.h **** #if defined(SAI1)
 493:Drivers/STM32WBxx_HAL_Driver/Inc/stm32wbxx_ll_rcc.h **** /** @defgroup RCC_LL_EC_SAI1_CLKSOURCE SAI1 CLKSOURCE
 494:Drivers/STM32WBxx_HAL_Driver/Inc/stm32wbxx_ll_rcc.h ****   * @{
 495:Drivers/STM32WBxx_HAL_Driver/Inc/stm32wbxx_ll_rcc.h ****   */
 496:Drivers/STM32WBxx_HAL_Driver/Inc/stm32wbxx_ll_rcc.h **** #define LL_RCC_SAI1_CLKSOURCE_PLLSAI1      0x00000000U            /*!< PLLSAI1 selected as SAI1 clo
 497:Drivers/STM32WBxx_HAL_Driver/Inc/stm32wbxx_ll_rcc.h **** #define LL_RCC_SAI1_CLKSOURCE_PLL          RCC_CCIPR_SAI1SEL_0    /*!< PLL selected as SAI1 clock  
 498:Drivers/STM32WBxx_HAL_Driver/Inc/stm32wbxx_ll_rcc.h **** #define LL_RCC_SAI1_CLKSOURCE_HSI          RCC_CCIPR_SAI1SEL_1    /*!< HSI selected as SAI1 clock  
 499:Drivers/STM32WBxx_HAL_Driver/Inc/stm32wbxx_ll_rcc.h **** #define LL_RCC_SAI1_CLKSOURCE_PIN          RCC_CCIPR_SAI1SEL      /*!< External input selected as S
 500:Drivers/STM32WBxx_HAL_Driver/Inc/stm32wbxx_ll_rcc.h **** /**
 501:Drivers/STM32WBxx_HAL_Driver/Inc/stm32wbxx_ll_rcc.h ****   * @}
 502:Drivers/STM32WBxx_HAL_Driver/Inc/stm32wbxx_ll_rcc.h ****   */
 503:Drivers/STM32WBxx_HAL_Driver/Inc/stm32wbxx_ll_rcc.h **** #endif /* SAI1 */
 504:Drivers/STM32WBxx_HAL_Driver/Inc/stm32wbxx_ll_rcc.h **** 
 505:Drivers/STM32WBxx_HAL_Driver/Inc/stm32wbxx_ll_rcc.h **** /** @defgroup RCC_LL_EC_CLK48_CLKSOURCE CLK48 CLKSOURCE
 506:Drivers/STM32WBxx_HAL_Driver/Inc/stm32wbxx_ll_rcc.h ****   * @{
 507:Drivers/STM32WBxx_HAL_Driver/Inc/stm32wbxx_ll_rcc.h ****   */
 508:Drivers/STM32WBxx_HAL_Driver/Inc/stm32wbxx_ll_rcc.h **** #if defined(RCC_HSI48_SUPPORT)
 509:Drivers/STM32WBxx_HAL_Driver/Inc/stm32wbxx_ll_rcc.h **** #define LL_RCC_CLK48_CLKSOURCE_HSI48       0x00000000U           /*!< HSI48 selected as CLK48 clock
 510:Drivers/STM32WBxx_HAL_Driver/Inc/stm32wbxx_ll_rcc.h **** #endif /* RCC_HSI48_SUPPORT */
 511:Drivers/STM32WBxx_HAL_Driver/Inc/stm32wbxx_ll_rcc.h **** #if defined(SAI1)
 512:Drivers/STM32WBxx_HAL_Driver/Inc/stm32wbxx_ll_rcc.h **** #define LL_RCC_CLK48_CLKSOURCE_PLLSAI1     RCC_CCIPR_CLK48SEL_0  /*!< PLLSAI1 selected as CLK48 clo
 513:Drivers/STM32WBxx_HAL_Driver/Inc/stm32wbxx_ll_rcc.h **** #endif /* SAI1 */
 514:Drivers/STM32WBxx_HAL_Driver/Inc/stm32wbxx_ll_rcc.h **** #define LL_RCC_CLK48_CLKSOURCE_PLL         RCC_CCIPR_CLK48SEL_1  /*!< PLL selected as CLK48 clock  
 515:Drivers/STM32WBxx_HAL_Driver/Inc/stm32wbxx_ll_rcc.h **** #define LL_RCC_CLK48_CLKSOURCE_MSI         RCC_CCIPR_CLK48SEL    /*!< MSI selected as CLK48 clock  
 516:Drivers/STM32WBxx_HAL_Driver/Inc/stm32wbxx_ll_rcc.h **** /**
 517:Drivers/STM32WBxx_HAL_Driver/Inc/stm32wbxx_ll_rcc.h ****   * @}
 518:Drivers/STM32WBxx_HAL_Driver/Inc/stm32wbxx_ll_rcc.h ****   */
 519:Drivers/STM32WBxx_HAL_Driver/Inc/stm32wbxx_ll_rcc.h **** 
 520:Drivers/STM32WBxx_HAL_Driver/Inc/stm32wbxx_ll_rcc.h **** /** @defgroup RCC_LL_EC_USB_CLKSOURCE USB CLKSOURCE
 521:Drivers/STM32WBxx_HAL_Driver/Inc/stm32wbxx_ll_rcc.h ****   * @{
 522:Drivers/STM32WBxx_HAL_Driver/Inc/stm32wbxx_ll_rcc.h ****   */
 523:Drivers/STM32WBxx_HAL_Driver/Inc/stm32wbxx_ll_rcc.h **** #if defined(RCC_HSI48_SUPPORT)
 524:Drivers/STM32WBxx_HAL_Driver/Inc/stm32wbxx_ll_rcc.h **** #define LL_RCC_USB_CLKSOURCE_HSI48         LL_RCC_CLK48_CLKSOURCE_HSI48    /*!< HSI48 selected as U
 525:Drivers/STM32WBxx_HAL_Driver/Inc/stm32wbxx_ll_rcc.h **** #endif /* RCC_HSI48_SUPPORT */
 526:Drivers/STM32WBxx_HAL_Driver/Inc/stm32wbxx_ll_rcc.h **** #if defined(SAI1)
 527:Drivers/STM32WBxx_HAL_Driver/Inc/stm32wbxx_ll_rcc.h **** #define LL_RCC_USB_CLKSOURCE_PLLSAI1       LL_RCC_CLK48_CLKSOURCE_PLLSAI1  /*!< PLLSAI1 selected as
 528:Drivers/STM32WBxx_HAL_Driver/Inc/stm32wbxx_ll_rcc.h **** #endif /* SAI1 */
 529:Drivers/STM32WBxx_HAL_Driver/Inc/stm32wbxx_ll_rcc.h **** #define LL_RCC_USB_CLKSOURCE_PLL           LL_RCC_CLK48_CLKSOURCE_PLL      /*!< PLL selected as USB
 530:Drivers/STM32WBxx_HAL_Driver/Inc/stm32wbxx_ll_rcc.h **** #define LL_RCC_USB_CLKSOURCE_MSI           LL_RCC_CLK48_CLKSOURCE_MSI      /*!< MSI selected as USB
 531:Drivers/STM32WBxx_HAL_Driver/Inc/stm32wbxx_ll_rcc.h **** /**
 532:Drivers/STM32WBxx_HAL_Driver/Inc/stm32wbxx_ll_rcc.h ****   * @}
 533:Drivers/STM32WBxx_HAL_Driver/Inc/stm32wbxx_ll_rcc.h ****   */
 534:Drivers/STM32WBxx_HAL_Driver/Inc/stm32wbxx_ll_rcc.h **** 
 535:Drivers/STM32WBxx_HAL_Driver/Inc/stm32wbxx_ll_rcc.h **** /** @defgroup RCC_LL_EC_ADC_CLKSRC ADC CLKSRC
ARM GAS  C:\Users\bku598\AppData\Local\Temp\ccPOR4r7.s 			page 64


 536:Drivers/STM32WBxx_HAL_Driver/Inc/stm32wbxx_ll_rcc.h ****   * @{
 537:Drivers/STM32WBxx_HAL_Driver/Inc/stm32wbxx_ll_rcc.h ****   */
 538:Drivers/STM32WBxx_HAL_Driver/Inc/stm32wbxx_ll_rcc.h **** #define LL_RCC_ADC_CLKSOURCE_NONE             0x00000000U        /*!< no Clock used as ADC clock*/
 539:Drivers/STM32WBxx_HAL_Driver/Inc/stm32wbxx_ll_rcc.h **** #if defined(STM32WB55xx) || defined (STM32WB5Mxx) || defined (STM32WB35xx)
 540:Drivers/STM32WBxx_HAL_Driver/Inc/stm32wbxx_ll_rcc.h **** #define LL_RCC_ADC_CLKSOURCE_PLLSAI1          RCC_CCIPR_ADCSEL_0 /*!< PLLSAI1 selected as ADC clock
 541:Drivers/STM32WBxx_HAL_Driver/Inc/stm32wbxx_ll_rcc.h **** #elif defined (STM32WB15xx) || defined(STM32WB1Mxx)
 542:Drivers/STM32WBxx_HAL_Driver/Inc/stm32wbxx_ll_rcc.h **** #define LL_RCC_ADC_CLKSOURCE_HSI              RCC_CCIPR_ADCSEL_0 /*!< HSI selected as ADC clock    
 543:Drivers/STM32WBxx_HAL_Driver/Inc/stm32wbxx_ll_rcc.h **** #endif /* STM32WB55xx || STM32WB5Mxx || STM32WB35xx */
 544:Drivers/STM32WBxx_HAL_Driver/Inc/stm32wbxx_ll_rcc.h **** #define LL_RCC_ADC_CLKSOURCE_PLL              RCC_CCIPR_ADCSEL_1 /*!< PLL selected as ADC clock    
 545:Drivers/STM32WBxx_HAL_Driver/Inc/stm32wbxx_ll_rcc.h **** #define LL_RCC_ADC_CLKSOURCE_SYSCLK           RCC_CCIPR_ADCSEL   /*!< SYSCLK selected as ADC clock 
 546:Drivers/STM32WBxx_HAL_Driver/Inc/stm32wbxx_ll_rcc.h **** /**
 547:Drivers/STM32WBxx_HAL_Driver/Inc/stm32wbxx_ll_rcc.h ****   * @}
 548:Drivers/STM32WBxx_HAL_Driver/Inc/stm32wbxx_ll_rcc.h ****   */
 549:Drivers/STM32WBxx_HAL_Driver/Inc/stm32wbxx_ll_rcc.h **** 
 550:Drivers/STM32WBxx_HAL_Driver/Inc/stm32wbxx_ll_rcc.h **** /** @defgroup RCC_LL_EC_RNG_CLKSRC RNG CLKSRC
 551:Drivers/STM32WBxx_HAL_Driver/Inc/stm32wbxx_ll_rcc.h ****   * @{
 552:Drivers/STM32WBxx_HAL_Driver/Inc/stm32wbxx_ll_rcc.h ****   */
 553:Drivers/STM32WBxx_HAL_Driver/Inc/stm32wbxx_ll_rcc.h **** #define LL_RCC_RNG_CLKSOURCE_CLK48            0x00000000U        /*!< CLK48 divided by 3 selected a
 554:Drivers/STM32WBxx_HAL_Driver/Inc/stm32wbxx_ll_rcc.h **** #define LL_RCC_RNG_CLKSOURCE_LSI              RCC_CCIPR_RNGSEL_0 /*!< LSI selected as ADC clock    
 555:Drivers/STM32WBxx_HAL_Driver/Inc/stm32wbxx_ll_rcc.h **** #define LL_RCC_RNG_CLKSOURCE_LSE              RCC_CCIPR_RNGSEL_1 /*!< LSE selected as ADC clock    
 556:Drivers/STM32WBxx_HAL_Driver/Inc/stm32wbxx_ll_rcc.h **** /**
 557:Drivers/STM32WBxx_HAL_Driver/Inc/stm32wbxx_ll_rcc.h ****   * @}
 558:Drivers/STM32WBxx_HAL_Driver/Inc/stm32wbxx_ll_rcc.h ****   */
 559:Drivers/STM32WBxx_HAL_Driver/Inc/stm32wbxx_ll_rcc.h **** 
 560:Drivers/STM32WBxx_HAL_Driver/Inc/stm32wbxx_ll_rcc.h **** 
 561:Drivers/STM32WBxx_HAL_Driver/Inc/stm32wbxx_ll_rcc.h **** /** @defgroup RCC_LL_EC_USART1 USART1
 562:Drivers/STM32WBxx_HAL_Driver/Inc/stm32wbxx_ll_rcc.h ****   * @{
 563:Drivers/STM32WBxx_HAL_Driver/Inc/stm32wbxx_ll_rcc.h ****   */
 564:Drivers/STM32WBxx_HAL_Driver/Inc/stm32wbxx_ll_rcc.h **** #define LL_RCC_USART1_CLKSOURCE            RCC_CCIPR_USART1SEL   /*!< USART1 clock source selection
 565:Drivers/STM32WBxx_HAL_Driver/Inc/stm32wbxx_ll_rcc.h **** /**
 566:Drivers/STM32WBxx_HAL_Driver/Inc/stm32wbxx_ll_rcc.h ****   * @}
 567:Drivers/STM32WBxx_HAL_Driver/Inc/stm32wbxx_ll_rcc.h ****   */
 568:Drivers/STM32WBxx_HAL_Driver/Inc/stm32wbxx_ll_rcc.h **** 
 569:Drivers/STM32WBxx_HAL_Driver/Inc/stm32wbxx_ll_rcc.h **** #if defined(LPUART1)
 570:Drivers/STM32WBxx_HAL_Driver/Inc/stm32wbxx_ll_rcc.h **** /** @defgroup RCC_LL_EC_LPUART1 LPUART1
 571:Drivers/STM32WBxx_HAL_Driver/Inc/stm32wbxx_ll_rcc.h ****   * @{
 572:Drivers/STM32WBxx_HAL_Driver/Inc/stm32wbxx_ll_rcc.h ****   */
 573:Drivers/STM32WBxx_HAL_Driver/Inc/stm32wbxx_ll_rcc.h **** #define LL_RCC_LPUART1_CLKSOURCE           RCC_CCIPR_LPUART1SEL  /*!< LPUART1 clock source selectio
 574:Drivers/STM32WBxx_HAL_Driver/Inc/stm32wbxx_ll_rcc.h **** /**
 575:Drivers/STM32WBxx_HAL_Driver/Inc/stm32wbxx_ll_rcc.h ****   * @}
 576:Drivers/STM32WBxx_HAL_Driver/Inc/stm32wbxx_ll_rcc.h ****   */
 577:Drivers/STM32WBxx_HAL_Driver/Inc/stm32wbxx_ll_rcc.h **** #endif /* LPUART1 */
 578:Drivers/STM32WBxx_HAL_Driver/Inc/stm32wbxx_ll_rcc.h **** 
 579:Drivers/STM32WBxx_HAL_Driver/Inc/stm32wbxx_ll_rcc.h **** /** @defgroup RCC_LL_EC_I2C1 I2C1
 580:Drivers/STM32WBxx_HAL_Driver/Inc/stm32wbxx_ll_rcc.h ****   * @{
 581:Drivers/STM32WBxx_HAL_Driver/Inc/stm32wbxx_ll_rcc.h ****   */
 582:Drivers/STM32WBxx_HAL_Driver/Inc/stm32wbxx_ll_rcc.h **** #define LL_RCC_I2C1_CLKSOURCE              RCC_CCIPR_I2C1SEL    /*!< I2C1 clock source selection bi
 583:Drivers/STM32WBxx_HAL_Driver/Inc/stm32wbxx_ll_rcc.h **** #define LL_RCC_I2C3_CLKSOURCE              RCC_CCIPR_I2C3SEL    /*!< I2C3 clock source selection bi
 584:Drivers/STM32WBxx_HAL_Driver/Inc/stm32wbxx_ll_rcc.h **** /**
 585:Drivers/STM32WBxx_HAL_Driver/Inc/stm32wbxx_ll_rcc.h ****   * @}
 586:Drivers/STM32WBxx_HAL_Driver/Inc/stm32wbxx_ll_rcc.h ****   */
 587:Drivers/STM32WBxx_HAL_Driver/Inc/stm32wbxx_ll_rcc.h **** 
 588:Drivers/STM32WBxx_HAL_Driver/Inc/stm32wbxx_ll_rcc.h **** /** @defgroup RCC_LL_EC_LPTIM1 LPTIM1
 589:Drivers/STM32WBxx_HAL_Driver/Inc/stm32wbxx_ll_rcc.h ****   * @{
 590:Drivers/STM32WBxx_HAL_Driver/Inc/stm32wbxx_ll_rcc.h ****   */
 591:Drivers/STM32WBxx_HAL_Driver/Inc/stm32wbxx_ll_rcc.h **** #define LL_RCC_LPTIM1_CLKSOURCE            RCC_CCIPR_LPTIM1SEL  /*!< LPTIM1 clock source selection 
 592:Drivers/STM32WBxx_HAL_Driver/Inc/stm32wbxx_ll_rcc.h **** #define LL_RCC_LPTIM2_CLKSOURCE            RCC_CCIPR_LPTIM2SEL  /*!< LPTIM2 clock source selection 
ARM GAS  C:\Users\bku598\AppData\Local\Temp\ccPOR4r7.s 			page 65


 593:Drivers/STM32WBxx_HAL_Driver/Inc/stm32wbxx_ll_rcc.h **** /**
 594:Drivers/STM32WBxx_HAL_Driver/Inc/stm32wbxx_ll_rcc.h ****   * @}
 595:Drivers/STM32WBxx_HAL_Driver/Inc/stm32wbxx_ll_rcc.h ****   */
 596:Drivers/STM32WBxx_HAL_Driver/Inc/stm32wbxx_ll_rcc.h **** 
 597:Drivers/STM32WBxx_HAL_Driver/Inc/stm32wbxx_ll_rcc.h **** #if defined(SAI1)
 598:Drivers/STM32WBxx_HAL_Driver/Inc/stm32wbxx_ll_rcc.h **** /** @defgroup RCC_LL_EC_SAI1 SAI1
 599:Drivers/STM32WBxx_HAL_Driver/Inc/stm32wbxx_ll_rcc.h ****   * @{
 600:Drivers/STM32WBxx_HAL_Driver/Inc/stm32wbxx_ll_rcc.h ****   */
 601:Drivers/STM32WBxx_HAL_Driver/Inc/stm32wbxx_ll_rcc.h **** #define LL_RCC_SAI1_CLKSOURCE              RCC_CCIPR_SAI1SEL   /*!< SAI1 clock source selection bit
 602:Drivers/STM32WBxx_HAL_Driver/Inc/stm32wbxx_ll_rcc.h **** /**
 603:Drivers/STM32WBxx_HAL_Driver/Inc/stm32wbxx_ll_rcc.h ****   * @}
 604:Drivers/STM32WBxx_HAL_Driver/Inc/stm32wbxx_ll_rcc.h ****   */
 605:Drivers/STM32WBxx_HAL_Driver/Inc/stm32wbxx_ll_rcc.h **** #endif /* SAI1 */
 606:Drivers/STM32WBxx_HAL_Driver/Inc/stm32wbxx_ll_rcc.h **** 
 607:Drivers/STM32WBxx_HAL_Driver/Inc/stm32wbxx_ll_rcc.h **** /** @defgroup RCC_LL_EC_CLK48 CLK48
 608:Drivers/STM32WBxx_HAL_Driver/Inc/stm32wbxx_ll_rcc.h ****   * @{
 609:Drivers/STM32WBxx_HAL_Driver/Inc/stm32wbxx_ll_rcc.h ****   */
 610:Drivers/STM32WBxx_HAL_Driver/Inc/stm32wbxx_ll_rcc.h **** #define LL_RCC_CLK48_CLKSOURCE             RCC_CCIPR_CLK48SEL  /*!< CLK48 clock source selection bi
 611:Drivers/STM32WBxx_HAL_Driver/Inc/stm32wbxx_ll_rcc.h **** /**
 612:Drivers/STM32WBxx_HAL_Driver/Inc/stm32wbxx_ll_rcc.h ****   * @}
 613:Drivers/STM32WBxx_HAL_Driver/Inc/stm32wbxx_ll_rcc.h ****   */
 614:Drivers/STM32WBxx_HAL_Driver/Inc/stm32wbxx_ll_rcc.h **** 
 615:Drivers/STM32WBxx_HAL_Driver/Inc/stm32wbxx_ll_rcc.h **** /** @defgroup RCC_LL_EC_USB USB
 616:Drivers/STM32WBxx_HAL_Driver/Inc/stm32wbxx_ll_rcc.h ****   * @{
 617:Drivers/STM32WBxx_HAL_Driver/Inc/stm32wbxx_ll_rcc.h ****   */
 618:Drivers/STM32WBxx_HAL_Driver/Inc/stm32wbxx_ll_rcc.h **** #define LL_RCC_USB_CLKSOURCE               LL_RCC_CLK48_CLKSOURCE  /*!< USB clock source selection 
 619:Drivers/STM32WBxx_HAL_Driver/Inc/stm32wbxx_ll_rcc.h **** /**
 620:Drivers/STM32WBxx_HAL_Driver/Inc/stm32wbxx_ll_rcc.h ****   * @}
 621:Drivers/STM32WBxx_HAL_Driver/Inc/stm32wbxx_ll_rcc.h ****   */
 622:Drivers/STM32WBxx_HAL_Driver/Inc/stm32wbxx_ll_rcc.h **** 
 623:Drivers/STM32WBxx_HAL_Driver/Inc/stm32wbxx_ll_rcc.h **** /** @defgroup RCC_LL_EC_RNG RNG
 624:Drivers/STM32WBxx_HAL_Driver/Inc/stm32wbxx_ll_rcc.h ****   * @{
 625:Drivers/STM32WBxx_HAL_Driver/Inc/stm32wbxx_ll_rcc.h ****   */
 626:Drivers/STM32WBxx_HAL_Driver/Inc/stm32wbxx_ll_rcc.h **** #define LL_RCC_RNG_CLKSOURCE               RCC_CCIPR_RNGSEL  /*!< RNG clock source selection bits *
 627:Drivers/STM32WBxx_HAL_Driver/Inc/stm32wbxx_ll_rcc.h **** /**
 628:Drivers/STM32WBxx_HAL_Driver/Inc/stm32wbxx_ll_rcc.h ****   * @}
 629:Drivers/STM32WBxx_HAL_Driver/Inc/stm32wbxx_ll_rcc.h ****   */
 630:Drivers/STM32WBxx_HAL_Driver/Inc/stm32wbxx_ll_rcc.h **** 
 631:Drivers/STM32WBxx_HAL_Driver/Inc/stm32wbxx_ll_rcc.h **** /** @defgroup RCC_LL_EC_ADC ADC
 632:Drivers/STM32WBxx_HAL_Driver/Inc/stm32wbxx_ll_rcc.h ****   * @{
 633:Drivers/STM32WBxx_HAL_Driver/Inc/stm32wbxx_ll_rcc.h ****   */
 634:Drivers/STM32WBxx_HAL_Driver/Inc/stm32wbxx_ll_rcc.h **** #define LL_RCC_ADC_CLKSOURCE               RCC_CCIPR_ADCSEL   /*!< ADC clock source selection bits 
 635:Drivers/STM32WBxx_HAL_Driver/Inc/stm32wbxx_ll_rcc.h **** /**
 636:Drivers/STM32WBxx_HAL_Driver/Inc/stm32wbxx_ll_rcc.h ****   * @}
 637:Drivers/STM32WBxx_HAL_Driver/Inc/stm32wbxx_ll_rcc.h ****   */
 638:Drivers/STM32WBxx_HAL_Driver/Inc/stm32wbxx_ll_rcc.h **** 
 639:Drivers/STM32WBxx_HAL_Driver/Inc/stm32wbxx_ll_rcc.h **** 
 640:Drivers/STM32WBxx_HAL_Driver/Inc/stm32wbxx_ll_rcc.h **** /** @defgroup RCC_LL_EC_RTC_CLKSOURCE  RTC clock source selection
 641:Drivers/STM32WBxx_HAL_Driver/Inc/stm32wbxx_ll_rcc.h ****   * @{
 642:Drivers/STM32WBxx_HAL_Driver/Inc/stm32wbxx_ll_rcc.h ****   */
 643:Drivers/STM32WBxx_HAL_Driver/Inc/stm32wbxx_ll_rcc.h **** #define LL_RCC_RTC_CLKSOURCE_NONE          0x00000000U                   /*!< No clock used as RTC 
 644:Drivers/STM32WBxx_HAL_Driver/Inc/stm32wbxx_ll_rcc.h **** #define LL_RCC_RTC_CLKSOURCE_LSE           RCC_BDCR_RTCSEL_0             /*!< LSE oscillator clock 
 645:Drivers/STM32WBxx_HAL_Driver/Inc/stm32wbxx_ll_rcc.h **** #define LL_RCC_RTC_CLKSOURCE_LSI           RCC_BDCR_RTCSEL_1             /*!< LSI oscillator clock 
 646:Drivers/STM32WBxx_HAL_Driver/Inc/stm32wbxx_ll_rcc.h **** #define LL_RCC_RTC_CLKSOURCE_HSE_DIV32     RCC_BDCR_RTCSEL               /*!< HSE oscillator clock 
 647:Drivers/STM32WBxx_HAL_Driver/Inc/stm32wbxx_ll_rcc.h **** 
 648:Drivers/STM32WBxx_HAL_Driver/Inc/stm32wbxx_ll_rcc.h **** /**
 649:Drivers/STM32WBxx_HAL_Driver/Inc/stm32wbxx_ll_rcc.h ****   * @}
ARM GAS  C:\Users\bku598\AppData\Local\Temp\ccPOR4r7.s 			page 66


 650:Drivers/STM32WBxx_HAL_Driver/Inc/stm32wbxx_ll_rcc.h ****   */
 651:Drivers/STM32WBxx_HAL_Driver/Inc/stm32wbxx_ll_rcc.h **** 
 652:Drivers/STM32WBxx_HAL_Driver/Inc/stm32wbxx_ll_rcc.h **** /** @defgroup RCC_LL_EC_RFWKP_CLKSOURCE  RF Wakeup clock source selection
 653:Drivers/STM32WBxx_HAL_Driver/Inc/stm32wbxx_ll_rcc.h ****   * @{
 654:Drivers/STM32WBxx_HAL_Driver/Inc/stm32wbxx_ll_rcc.h ****   */
 655:Drivers/STM32WBxx_HAL_Driver/Inc/stm32wbxx_ll_rcc.h **** #define LL_RCC_RFWKP_CLKSOURCE_NONE          0x00000000U                 /*!< No clock used as RF W
 656:Drivers/STM32WBxx_HAL_Driver/Inc/stm32wbxx_ll_rcc.h **** #define LL_RCC_RFWKP_CLKSOURCE_LSE           RCC_CSR_RFWKPSEL_0          /*!< LSE oscillator clock 
 657:Drivers/STM32WBxx_HAL_Driver/Inc/stm32wbxx_ll_rcc.h **** #if defined(STM32WB15xx) || defined(STM32WB10xx)
 658:Drivers/STM32WBxx_HAL_Driver/Inc/stm32wbxx_ll_rcc.h **** #define LL_RCC_RFWKP_CLKSOURCE_LSI           RCC_CSR_RFWKPSEL_1          /*!< LSI oscillator clock 
 659:Drivers/STM32WBxx_HAL_Driver/Inc/stm32wbxx_ll_rcc.h **** #endif /* STM32WB15xx || STM32WB10xx */
 660:Drivers/STM32WBxx_HAL_Driver/Inc/stm32wbxx_ll_rcc.h **** #define LL_RCC_RFWKP_CLKSOURCE_HSE_DIV1024   RCC_CSR_RFWKPSEL            /*!< HSE oscillator clock 
 661:Drivers/STM32WBxx_HAL_Driver/Inc/stm32wbxx_ll_rcc.h **** 
 662:Drivers/STM32WBxx_HAL_Driver/Inc/stm32wbxx_ll_rcc.h **** /**
 663:Drivers/STM32WBxx_HAL_Driver/Inc/stm32wbxx_ll_rcc.h ****   * @}
 664:Drivers/STM32WBxx_HAL_Driver/Inc/stm32wbxx_ll_rcc.h ****   */
 665:Drivers/STM32WBxx_HAL_Driver/Inc/stm32wbxx_ll_rcc.h **** 
 666:Drivers/STM32WBxx_HAL_Driver/Inc/stm32wbxx_ll_rcc.h **** 
 667:Drivers/STM32WBxx_HAL_Driver/Inc/stm32wbxx_ll_rcc.h **** /** @defgroup RCC_LL_EC_PLLSOURCE  PLL and PLLSAI1 entry clock source
 668:Drivers/STM32WBxx_HAL_Driver/Inc/stm32wbxx_ll_rcc.h ****   * @{
 669:Drivers/STM32WBxx_HAL_Driver/Inc/stm32wbxx_ll_rcc.h ****   */
 670:Drivers/STM32WBxx_HAL_Driver/Inc/stm32wbxx_ll_rcc.h **** #define LL_RCC_PLLSOURCE_NONE              0x00000000U                                    /*!< No c
 671:Drivers/STM32WBxx_HAL_Driver/Inc/stm32wbxx_ll_rcc.h **** #define LL_RCC_PLLSOURCE_MSI               RCC_PLLCFGR_PLLSRC_0                           /*!< MSI 
 672:Drivers/STM32WBxx_HAL_Driver/Inc/stm32wbxx_ll_rcc.h **** #define LL_RCC_PLLSOURCE_HSI               RCC_PLLCFGR_PLLSRC_1                           /*!< HSI 
 673:Drivers/STM32WBxx_HAL_Driver/Inc/stm32wbxx_ll_rcc.h **** #define LL_RCC_PLLSOURCE_HSE               (RCC_PLLCFGR_PLLSRC_1 | RCC_PLLCFGR_PLLSRC_0)  /*!< HSE 
 674:Drivers/STM32WBxx_HAL_Driver/Inc/stm32wbxx_ll_rcc.h **** /**
 675:Drivers/STM32WBxx_HAL_Driver/Inc/stm32wbxx_ll_rcc.h ****   * @}
 676:Drivers/STM32WBxx_HAL_Driver/Inc/stm32wbxx_ll_rcc.h ****   */
 677:Drivers/STM32WBxx_HAL_Driver/Inc/stm32wbxx_ll_rcc.h **** 
 678:Drivers/STM32WBxx_HAL_Driver/Inc/stm32wbxx_ll_rcc.h **** /** @defgroup RCC_LL_EC_PLLM_DIV  PLL and PLLSAI1 division factor
 679:Drivers/STM32WBxx_HAL_Driver/Inc/stm32wbxx_ll_rcc.h ****   * @{
 680:Drivers/STM32WBxx_HAL_Driver/Inc/stm32wbxx_ll_rcc.h ****   */
 681:Drivers/STM32WBxx_HAL_Driver/Inc/stm32wbxx_ll_rcc.h **** #define LL_RCC_PLLM_DIV_1                  0x00000000U                                 /*!< PLL and
 682:Drivers/STM32WBxx_HAL_Driver/Inc/stm32wbxx_ll_rcc.h **** #define LL_RCC_PLLM_DIV_2                  (RCC_PLLCFGR_PLLM_0)                        /*!< PLL and
 683:Drivers/STM32WBxx_HAL_Driver/Inc/stm32wbxx_ll_rcc.h **** #define LL_RCC_PLLM_DIV_3                  (RCC_PLLCFGR_PLLM_1)                        /*!< PLL and
 684:Drivers/STM32WBxx_HAL_Driver/Inc/stm32wbxx_ll_rcc.h **** #define LL_RCC_PLLM_DIV_4                  ((RCC_PLLCFGR_PLLM_1 | RCC_PLLCFGR_PLLM_0)) /*!< PLL and
 685:Drivers/STM32WBxx_HAL_Driver/Inc/stm32wbxx_ll_rcc.h **** #define LL_RCC_PLLM_DIV_5                  (RCC_PLLCFGR_PLLM_2)                        /*!< PLL and
 686:Drivers/STM32WBxx_HAL_Driver/Inc/stm32wbxx_ll_rcc.h **** #define LL_RCC_PLLM_DIV_6                  ((RCC_PLLCFGR_PLLM_2 | RCC_PLLCFGR_PLLM_0)) /*!< PLL and
 687:Drivers/STM32WBxx_HAL_Driver/Inc/stm32wbxx_ll_rcc.h **** #define LL_RCC_PLLM_DIV_7                  ((RCC_PLLCFGR_PLLM_2 | RCC_PLLCFGR_PLLM_1)) /*!< PLL and
 688:Drivers/STM32WBxx_HAL_Driver/Inc/stm32wbxx_ll_rcc.h **** #define LL_RCC_PLLM_DIV_8                  (RCC_PLLCFGR_PLLM)                          /*!< PLL and
 689:Drivers/STM32WBxx_HAL_Driver/Inc/stm32wbxx_ll_rcc.h **** /**
 690:Drivers/STM32WBxx_HAL_Driver/Inc/stm32wbxx_ll_rcc.h ****   * @}
 691:Drivers/STM32WBxx_HAL_Driver/Inc/stm32wbxx_ll_rcc.h ****   */
 692:Drivers/STM32WBxx_HAL_Driver/Inc/stm32wbxx_ll_rcc.h **** 
 693:Drivers/STM32WBxx_HAL_Driver/Inc/stm32wbxx_ll_rcc.h **** /** @defgroup RCC_LL_EC_PLLR_DIV  PLL division factor (PLLR)
 694:Drivers/STM32WBxx_HAL_Driver/Inc/stm32wbxx_ll_rcc.h ****   * @{
 695:Drivers/STM32WBxx_HAL_Driver/Inc/stm32wbxx_ll_rcc.h ****   */
 696:Drivers/STM32WBxx_HAL_Driver/Inc/stm32wbxx_ll_rcc.h **** #define LL_RCC_PLLR_DIV_2                  (RCC_PLLCFGR_PLLR_0)                     /*!< Main PLL d
 697:Drivers/STM32WBxx_HAL_Driver/Inc/stm32wbxx_ll_rcc.h **** #define LL_RCC_PLLR_DIV_3                  (RCC_PLLCFGR_PLLR_1)                     /*!< Main PLL d
 698:Drivers/STM32WBxx_HAL_Driver/Inc/stm32wbxx_ll_rcc.h **** #define LL_RCC_PLLR_DIV_4                  (RCC_PLLCFGR_PLLR_1|RCC_PLLCFGR_PLLR_0)  /*!< Main PLL d
 699:Drivers/STM32WBxx_HAL_Driver/Inc/stm32wbxx_ll_rcc.h **** #define LL_RCC_PLLR_DIV_5                  (RCC_PLLCFGR_PLLR_2)                     /*!< Main PLL d
 700:Drivers/STM32WBxx_HAL_Driver/Inc/stm32wbxx_ll_rcc.h **** #define LL_RCC_PLLR_DIV_6                  (RCC_PLLCFGR_PLLR_2|RCC_PLLCFGR_PLLR_0)  /*!< Main PLL d
 701:Drivers/STM32WBxx_HAL_Driver/Inc/stm32wbxx_ll_rcc.h **** #define LL_RCC_PLLR_DIV_7                  (RCC_PLLCFGR_PLLR_2|RCC_PLLCFGR_PLLR_1)  /*!< Main PLL d
 702:Drivers/STM32WBxx_HAL_Driver/Inc/stm32wbxx_ll_rcc.h **** #define LL_RCC_PLLR_DIV_8                  (RCC_PLLCFGR_PLLR)                       /*!< Main PLL d
 703:Drivers/STM32WBxx_HAL_Driver/Inc/stm32wbxx_ll_rcc.h **** /**
 704:Drivers/STM32WBxx_HAL_Driver/Inc/stm32wbxx_ll_rcc.h ****   * @}
 705:Drivers/STM32WBxx_HAL_Driver/Inc/stm32wbxx_ll_rcc.h ****   */
 706:Drivers/STM32WBxx_HAL_Driver/Inc/stm32wbxx_ll_rcc.h **** 
ARM GAS  C:\Users\bku598\AppData\Local\Temp\ccPOR4r7.s 			page 67


 707:Drivers/STM32WBxx_HAL_Driver/Inc/stm32wbxx_ll_rcc.h **** /** @defgroup RCC_LL_EC_PLLP_DIV  PLL division factor (PLLP)
 708:Drivers/STM32WBxx_HAL_Driver/Inc/stm32wbxx_ll_rcc.h ****   * @{
 709:Drivers/STM32WBxx_HAL_Driver/Inc/stm32wbxx_ll_rcc.h ****   */
 710:Drivers/STM32WBxx_HAL_Driver/Inc/stm32wbxx_ll_rcc.h **** #define LL_RCC_PLLP_DIV_2                  (RCC_PLLCFGR_PLLP_0)                                    
 711:Drivers/STM32WBxx_HAL_Driver/Inc/stm32wbxx_ll_rcc.h **** #define LL_RCC_PLLP_DIV_3                  (RCC_PLLCFGR_PLLP_1)                                    
 712:Drivers/STM32WBxx_HAL_Driver/Inc/stm32wbxx_ll_rcc.h **** #define LL_RCC_PLLP_DIV_4                  (RCC_PLLCFGR_PLLP_0|RCC_PLLCFGR_PLLP_1)                 
 713:Drivers/STM32WBxx_HAL_Driver/Inc/stm32wbxx_ll_rcc.h **** #define LL_RCC_PLLP_DIV_5                  (RCC_PLLCFGR_PLLP_2)                                    
 714:Drivers/STM32WBxx_HAL_Driver/Inc/stm32wbxx_ll_rcc.h **** #define LL_RCC_PLLP_DIV_6                  (RCC_PLLCFGR_PLLP_0|RCC_PLLCFGR_PLLP_2)                 
 715:Drivers/STM32WBxx_HAL_Driver/Inc/stm32wbxx_ll_rcc.h **** #define LL_RCC_PLLP_DIV_7                  (RCC_PLLCFGR_PLLP_1|RCC_PLLCFGR_PLLP_2)                 
 716:Drivers/STM32WBxx_HAL_Driver/Inc/stm32wbxx_ll_rcc.h **** #define LL_RCC_PLLP_DIV_8                  (RCC_PLLCFGR_PLLP_0|RCC_PLLCFGR_PLLP_1|RCC_PLLCFGR_PLLP_
 717:Drivers/STM32WBxx_HAL_Driver/Inc/stm32wbxx_ll_rcc.h **** #define LL_RCC_PLLP_DIV_9                  (RCC_PLLCFGR_PLLP_3)                                    
 718:Drivers/STM32WBxx_HAL_Driver/Inc/stm32wbxx_ll_rcc.h **** #define LL_RCC_PLLP_DIV_10                 (RCC_PLLCFGR_PLLP_0|RCC_PLLCFGR_PLLP_3)                 
 719:Drivers/STM32WBxx_HAL_Driver/Inc/stm32wbxx_ll_rcc.h **** #define LL_RCC_PLLP_DIV_11                 (RCC_PLLCFGR_PLLP_1|RCC_PLLCFGR_PLLP_3)                 
 720:Drivers/STM32WBxx_HAL_Driver/Inc/stm32wbxx_ll_rcc.h **** #define LL_RCC_PLLP_DIV_12                 (RCC_PLLCFGR_PLLP_0|RCC_PLLCFGR_PLLP_1|RCC_PLLCFGR_PLLP_
 721:Drivers/STM32WBxx_HAL_Driver/Inc/stm32wbxx_ll_rcc.h **** #define LL_RCC_PLLP_DIV_13                 (RCC_PLLCFGR_PLLP_2|RCC_PLLCFGR_PLLP_3)                 
 722:Drivers/STM32WBxx_HAL_Driver/Inc/stm32wbxx_ll_rcc.h **** #define LL_RCC_PLLP_DIV_14                 (RCC_PLLCFGR_PLLP_0|RCC_PLLCFGR_PLLP_2|RCC_PLLCFGR_PLLP_
 723:Drivers/STM32WBxx_HAL_Driver/Inc/stm32wbxx_ll_rcc.h **** #define LL_RCC_PLLP_DIV_15                 (RCC_PLLCFGR_PLLP_1|RCC_PLLCFGR_PLLP_2|RCC_PLLCFGR_PLLP_
 724:Drivers/STM32WBxx_HAL_Driver/Inc/stm32wbxx_ll_rcc.h **** #define LL_RCC_PLLP_DIV_16                 (RCC_PLLCFGR_PLLP_0|RCC_PLLCFGR_PLLP_1|RCC_PLLCFGR_PLLP_
 725:Drivers/STM32WBxx_HAL_Driver/Inc/stm32wbxx_ll_rcc.h **** #define LL_RCC_PLLP_DIV_17                 (RCC_PLLCFGR_PLLP_4)                                    
 726:Drivers/STM32WBxx_HAL_Driver/Inc/stm32wbxx_ll_rcc.h **** #define LL_RCC_PLLP_DIV_18                 (RCC_PLLCFGR_PLLP_0|RCC_PLLCFGR_PLLP_4)                 
 727:Drivers/STM32WBxx_HAL_Driver/Inc/stm32wbxx_ll_rcc.h **** #define LL_RCC_PLLP_DIV_19                 (RCC_PLLCFGR_PLLP_1|RCC_PLLCFGR_PLLP_4)                 
 728:Drivers/STM32WBxx_HAL_Driver/Inc/stm32wbxx_ll_rcc.h **** #define LL_RCC_PLLP_DIV_20                 (RCC_PLLCFGR_PLLP_0|RCC_PLLCFGR_PLLP_1|RCC_PLLCFGR_PLLP_
 729:Drivers/STM32WBxx_HAL_Driver/Inc/stm32wbxx_ll_rcc.h **** #define LL_RCC_PLLP_DIV_21                 (RCC_PLLCFGR_PLLP_2|RCC_PLLCFGR_PLLP_4)                 
 730:Drivers/STM32WBxx_HAL_Driver/Inc/stm32wbxx_ll_rcc.h **** #define LL_RCC_PLLP_DIV_22                 (RCC_PLLCFGR_PLLP_0|RCC_PLLCFGR_PLLP_2|RCC_PLLCFGR_PLLP_
 731:Drivers/STM32WBxx_HAL_Driver/Inc/stm32wbxx_ll_rcc.h **** #define LL_RCC_PLLP_DIV_23                 (RCC_PLLCFGR_PLLP_1|RCC_PLLCFGR_PLLP_2|RCC_PLLCFGR_PLLP_
 732:Drivers/STM32WBxx_HAL_Driver/Inc/stm32wbxx_ll_rcc.h **** #define LL_RCC_PLLP_DIV_24                 (RCC_PLLCFGR_PLLP_0|RCC_PLLCFGR_PLLP_1|RCC_PLLCFGR_PLLP_
 733:Drivers/STM32WBxx_HAL_Driver/Inc/stm32wbxx_ll_rcc.h **** #define LL_RCC_PLLP_DIV_25                 (RCC_PLLCFGR_PLLP_3|RCC_PLLCFGR_PLLP_4)                 
 734:Drivers/STM32WBxx_HAL_Driver/Inc/stm32wbxx_ll_rcc.h **** #define LL_RCC_PLLP_DIV_26                 (RCC_PLLCFGR_PLLP_0|RCC_PLLCFGR_PLLP_3|RCC_PLLCFGR_PLLP_
 735:Drivers/STM32WBxx_HAL_Driver/Inc/stm32wbxx_ll_rcc.h **** #define LL_RCC_PLLP_DIV_27                 (RCC_PLLCFGR_PLLP_1|RCC_PLLCFGR_PLLP_3|RCC_PLLCFGR_PLLP_
 736:Drivers/STM32WBxx_HAL_Driver/Inc/stm32wbxx_ll_rcc.h **** #define LL_RCC_PLLP_DIV_28                 (RCC_PLLCFGR_PLLP_0|RCC_PLLCFGR_PLLP_1|RCC_PLLCFGR_PLLP_
 737:Drivers/STM32WBxx_HAL_Driver/Inc/stm32wbxx_ll_rcc.h **** #define LL_RCC_PLLP_DIV_29                 (RCC_PLLCFGR_PLLP_2|RCC_PLLCFGR_PLLP_3|RCC_PLLCFGR_PLLP_
 738:Drivers/STM32WBxx_HAL_Driver/Inc/stm32wbxx_ll_rcc.h **** #define LL_RCC_PLLP_DIV_30                 (RCC_PLLCFGR_PLLP_0|RCC_PLLCFGR_PLLP_2|RCC_PLLCFGR_PLLP_
 739:Drivers/STM32WBxx_HAL_Driver/Inc/stm32wbxx_ll_rcc.h **** #define LL_RCC_PLLP_DIV_31                 (RCC_PLLCFGR_PLLP_1|RCC_PLLCFGR_PLLP_2|RCC_PLLCFGR_PLLP_
 740:Drivers/STM32WBxx_HAL_Driver/Inc/stm32wbxx_ll_rcc.h **** #define LL_RCC_PLLP_DIV_32                 (RCC_PLLCFGR_PLLP_0|RCC_PLLCFGR_PLLP_1|RCC_PLLCFGR_PLLP_
 741:Drivers/STM32WBxx_HAL_Driver/Inc/stm32wbxx_ll_rcc.h **** /**
 742:Drivers/STM32WBxx_HAL_Driver/Inc/stm32wbxx_ll_rcc.h ****   * @}
 743:Drivers/STM32WBxx_HAL_Driver/Inc/stm32wbxx_ll_rcc.h ****   */
 744:Drivers/STM32WBxx_HAL_Driver/Inc/stm32wbxx_ll_rcc.h **** 
 745:Drivers/STM32WBxx_HAL_Driver/Inc/stm32wbxx_ll_rcc.h **** /** @defgroup RCC_LL_EC_PLLQ_DIV  PLL division factor (PLLQ)
 746:Drivers/STM32WBxx_HAL_Driver/Inc/stm32wbxx_ll_rcc.h ****   * @{
 747:Drivers/STM32WBxx_HAL_Driver/Inc/stm32wbxx_ll_rcc.h ****   */
 748:Drivers/STM32WBxx_HAL_Driver/Inc/stm32wbxx_ll_rcc.h **** #define LL_RCC_PLLQ_DIV_2                  (RCC_PLLCFGR_PLLQ_0)                    /*!< Main PLL di
 749:Drivers/STM32WBxx_HAL_Driver/Inc/stm32wbxx_ll_rcc.h **** #define LL_RCC_PLLQ_DIV_3                  (RCC_PLLCFGR_PLLQ_1)                    /*!< Main PLL di
 750:Drivers/STM32WBxx_HAL_Driver/Inc/stm32wbxx_ll_rcc.h **** #define LL_RCC_PLLQ_DIV_4                  (RCC_PLLCFGR_PLLQ_1|RCC_PLLCFGR_PLLQ_0) /*!< Main PLL di
 751:Drivers/STM32WBxx_HAL_Driver/Inc/stm32wbxx_ll_rcc.h **** #define LL_RCC_PLLQ_DIV_5                  (RCC_PLLCFGR_PLLQ_2)                    /*!< Main PLL di
 752:Drivers/STM32WBxx_HAL_Driver/Inc/stm32wbxx_ll_rcc.h **** #define LL_RCC_PLLQ_DIV_6                  (RCC_PLLCFGR_PLLQ_2|RCC_PLLCFGR_PLLQ_0) /*!< Main PLL di
 753:Drivers/STM32WBxx_HAL_Driver/Inc/stm32wbxx_ll_rcc.h **** #define LL_RCC_PLLQ_DIV_7                  (RCC_PLLCFGR_PLLQ_2|RCC_PLLCFGR_PLLQ_1) /*!< Main PLL di
 754:Drivers/STM32WBxx_HAL_Driver/Inc/stm32wbxx_ll_rcc.h **** #define LL_RCC_PLLQ_DIV_8                  (RCC_PLLCFGR_PLLQ)                      /*!< Main PLL di
 755:Drivers/STM32WBxx_HAL_Driver/Inc/stm32wbxx_ll_rcc.h **** /**
 756:Drivers/STM32WBxx_HAL_Driver/Inc/stm32wbxx_ll_rcc.h ****   * @}
 757:Drivers/STM32WBxx_HAL_Driver/Inc/stm32wbxx_ll_rcc.h ****   */
 758:Drivers/STM32WBxx_HAL_Driver/Inc/stm32wbxx_ll_rcc.h **** 
 759:Drivers/STM32WBxx_HAL_Driver/Inc/stm32wbxx_ll_rcc.h **** 
 760:Drivers/STM32WBxx_HAL_Driver/Inc/stm32wbxx_ll_rcc.h **** #if defined(SAI1)
 761:Drivers/STM32WBxx_HAL_Driver/Inc/stm32wbxx_ll_rcc.h **** /** @defgroup RCC_LL_EC_PLLSAI1Q  PLLSAI1 division factor (PLLQ)
 762:Drivers/STM32WBxx_HAL_Driver/Inc/stm32wbxx_ll_rcc.h ****   * @{
 763:Drivers/STM32WBxx_HAL_Driver/Inc/stm32wbxx_ll_rcc.h ****   */
ARM GAS  C:\Users\bku598\AppData\Local\Temp\ccPOR4r7.s 			page 68


 764:Drivers/STM32WBxx_HAL_Driver/Inc/stm32wbxx_ll_rcc.h **** #define LL_RCC_PLLSAI1Q_DIV_2              (RCC_PLLSAI1CFGR_PLLQ_0)                                
 765:Drivers/STM32WBxx_HAL_Driver/Inc/stm32wbxx_ll_rcc.h **** #define LL_RCC_PLLSAI1Q_DIV_3              (RCC_PLLSAI1CFGR_PLLQ_1)                                
 766:Drivers/STM32WBxx_HAL_Driver/Inc/stm32wbxx_ll_rcc.h **** #define LL_RCC_PLLSAI1Q_DIV_4              (RCC_PLLSAI1CFGR_PLLQ_1 | RCC_PLLSAI1CFGR_PLLQ_0)       
 767:Drivers/STM32WBxx_HAL_Driver/Inc/stm32wbxx_ll_rcc.h **** #define LL_RCC_PLLSAI1Q_DIV_5              (RCC_PLLSAI1CFGR_PLLQ_2)                                
 768:Drivers/STM32WBxx_HAL_Driver/Inc/stm32wbxx_ll_rcc.h **** #define LL_RCC_PLLSAI1Q_DIV_6              (RCC_PLLSAI1CFGR_PLLQ_2 | RCC_PLLSAI1CFGR_PLLQ_0)       
 769:Drivers/STM32WBxx_HAL_Driver/Inc/stm32wbxx_ll_rcc.h **** #define LL_RCC_PLLSAI1Q_DIV_7              (RCC_PLLSAI1CFGR_PLLQ_2 | RCC_PLLSAI1CFGR_PLLQ_1)       
 770:Drivers/STM32WBxx_HAL_Driver/Inc/stm32wbxx_ll_rcc.h **** #define LL_RCC_PLLSAI1Q_DIV_8              (RCC_PLLSAI1CFGR_PLLQ_2 | RCC_PLLSAI1CFGR_PLLQ_1 | RCC_P
 771:Drivers/STM32WBxx_HAL_Driver/Inc/stm32wbxx_ll_rcc.h **** /**
 772:Drivers/STM32WBxx_HAL_Driver/Inc/stm32wbxx_ll_rcc.h ****   * @}
 773:Drivers/STM32WBxx_HAL_Driver/Inc/stm32wbxx_ll_rcc.h ****   */
 774:Drivers/STM32WBxx_HAL_Driver/Inc/stm32wbxx_ll_rcc.h **** 
 775:Drivers/STM32WBxx_HAL_Driver/Inc/stm32wbxx_ll_rcc.h **** /** @defgroup RCC_LL_EC_PLLSAI1P  PLLSAI1 division factor (PLLP)
 776:Drivers/STM32WBxx_HAL_Driver/Inc/stm32wbxx_ll_rcc.h ****   * @{
 777:Drivers/STM32WBxx_HAL_Driver/Inc/stm32wbxx_ll_rcc.h ****   */
 778:Drivers/STM32WBxx_HAL_Driver/Inc/stm32wbxx_ll_rcc.h **** #define LL_RCC_PLLSAI1P_DIV_2                  (RCC_PLLSAI1CFGR_PLLP_0)                            
 779:Drivers/STM32WBxx_HAL_Driver/Inc/stm32wbxx_ll_rcc.h **** #define LL_RCC_PLLSAI1P_DIV_3                  (RCC_PLLSAI1CFGR_PLLP_1)                            
 780:Drivers/STM32WBxx_HAL_Driver/Inc/stm32wbxx_ll_rcc.h **** #define LL_RCC_PLLSAI1P_DIV_4                  (RCC_PLLSAI1CFGR_PLLP_0|RCC_PLLSAI1CFGR_PLLP_1)     
 781:Drivers/STM32WBxx_HAL_Driver/Inc/stm32wbxx_ll_rcc.h **** #define LL_RCC_PLLSAI1P_DIV_5                  (RCC_PLLSAI1CFGR_PLLP_2)                            
 782:Drivers/STM32WBxx_HAL_Driver/Inc/stm32wbxx_ll_rcc.h **** #define LL_RCC_PLLSAI1P_DIV_6                  (RCC_PLLSAI1CFGR_PLLP_0|RCC_PLLSAI1CFGR_PLLP_2)     
 783:Drivers/STM32WBxx_HAL_Driver/Inc/stm32wbxx_ll_rcc.h **** #define LL_RCC_PLLSAI1P_DIV_7                  (RCC_PLLSAI1CFGR_PLLP_1|RCC_PLLSAI1CFGR_PLLP_2)     
 784:Drivers/STM32WBxx_HAL_Driver/Inc/stm32wbxx_ll_rcc.h **** #define LL_RCC_PLLSAI1P_DIV_8                  (RCC_PLLSAI1CFGR_PLLP_0|RCC_PLLSAI1CFGR_PLLP_1|RCC_P
 785:Drivers/STM32WBxx_HAL_Driver/Inc/stm32wbxx_ll_rcc.h **** #define LL_RCC_PLLSAI1P_DIV_9                  (RCC_PLLSAI1CFGR_PLLP_3)                            
 786:Drivers/STM32WBxx_HAL_Driver/Inc/stm32wbxx_ll_rcc.h **** #define LL_RCC_PLLSAI1P_DIV_10                 (RCC_PLLSAI1CFGR_PLLP_0|RCC_PLLSAI1CFGR_PLLP_3)     
 787:Drivers/STM32WBxx_HAL_Driver/Inc/stm32wbxx_ll_rcc.h **** #define LL_RCC_PLLSAI1P_DIV_11                 (RCC_PLLSAI1CFGR_PLLP_1|RCC_PLLSAI1CFGR_PLLP_3)     
 788:Drivers/STM32WBxx_HAL_Driver/Inc/stm32wbxx_ll_rcc.h **** #define LL_RCC_PLLSAI1P_DIV_12                 (RCC_PLLSAI1CFGR_PLLP_0|RCC_PLLSAI1CFGR_PLLP_1|RCC_P
 789:Drivers/STM32WBxx_HAL_Driver/Inc/stm32wbxx_ll_rcc.h **** #define LL_RCC_PLLSAI1P_DIV_13                 (RCC_PLLSAI1CFGR_PLLP_2|RCC_PLLSAI1CFGR_PLLP_3)     
 790:Drivers/STM32WBxx_HAL_Driver/Inc/stm32wbxx_ll_rcc.h **** #define LL_RCC_PLLSAI1P_DIV_14                 (RCC_PLLSAI1CFGR_PLLP_0|RCC_PLLSAI1CFGR_PLLP_2|RCC_P
 791:Drivers/STM32WBxx_HAL_Driver/Inc/stm32wbxx_ll_rcc.h **** #define LL_RCC_PLLSAI1P_DIV_15                 (RCC_PLLSAI1CFGR_PLLP_1|RCC_PLLSAI1CFGR_PLLP_2|RCC_P
 792:Drivers/STM32WBxx_HAL_Driver/Inc/stm32wbxx_ll_rcc.h **** #define LL_RCC_PLLSAI1P_DIV_16                 (RCC_PLLSAI1CFGR_PLLP_0|RCC_PLLSAI1CFGR_PLLP_1|RCC_P
 793:Drivers/STM32WBxx_HAL_Driver/Inc/stm32wbxx_ll_rcc.h **** #define LL_RCC_PLLSAI1P_DIV_17                 (RCC_PLLSAI1CFGR_PLLP_4)                            
 794:Drivers/STM32WBxx_HAL_Driver/Inc/stm32wbxx_ll_rcc.h **** #define LL_RCC_PLLSAI1P_DIV_18                 (RCC_PLLSAI1CFGR_PLLP_0|RCC_PLLSAI1CFGR_PLLP_4)     
 795:Drivers/STM32WBxx_HAL_Driver/Inc/stm32wbxx_ll_rcc.h **** #define LL_RCC_PLLSAI1P_DIV_19                 (RCC_PLLSAI1CFGR_PLLP_1|RCC_PLLSAI1CFGR_PLLP_4)     
 796:Drivers/STM32WBxx_HAL_Driver/Inc/stm32wbxx_ll_rcc.h **** #define LL_RCC_PLLSAI1P_DIV_20                 (RCC_PLLSAI1CFGR_PLLP_0|RCC_PLLSAI1CFGR_PLLP_1|RCC_P
 797:Drivers/STM32WBxx_HAL_Driver/Inc/stm32wbxx_ll_rcc.h **** #define LL_RCC_PLLSAI1P_DIV_21                 (RCC_PLLSAI1CFGR_PLLP_2|RCC_PLLSAI1CFGR_PLLP_4)     
 798:Drivers/STM32WBxx_HAL_Driver/Inc/stm32wbxx_ll_rcc.h **** #define LL_RCC_PLLSAI1P_DIV_22                 (RCC_PLLSAI1CFGR_PLLP_0|RCC_PLLSAI1CFGR_PLLP_2|RCC_P
 799:Drivers/STM32WBxx_HAL_Driver/Inc/stm32wbxx_ll_rcc.h **** #define LL_RCC_PLLSAI1P_DIV_23                 (RCC_PLLSAI1CFGR_PLLP_1|RCC_PLLSAI1CFGR_PLLP_2|RCC_P
 800:Drivers/STM32WBxx_HAL_Driver/Inc/stm32wbxx_ll_rcc.h **** #define LL_RCC_PLLSAI1P_DIV_24                 (RCC_PLLSAI1CFGR_PLLP_0|RCC_PLLSAI1CFGR_PLLP_1|RCC_P
 801:Drivers/STM32WBxx_HAL_Driver/Inc/stm32wbxx_ll_rcc.h **** #define LL_RCC_PLLSAI1P_DIV_25                 (RCC_PLLSAI1CFGR_PLLP_3|RCC_PLLSAI1CFGR_PLLP_4)     
 802:Drivers/STM32WBxx_HAL_Driver/Inc/stm32wbxx_ll_rcc.h **** #define LL_RCC_PLLSAI1P_DIV_26                 (RCC_PLLSAI1CFGR_PLLP_0|RCC_PLLSAI1CFGR_PLLP_3|RCC_P
 803:Drivers/STM32WBxx_HAL_Driver/Inc/stm32wbxx_ll_rcc.h **** #define LL_RCC_PLLSAI1P_DIV_27                 (RCC_PLLSAI1CFGR_PLLP_1|RCC_PLLSAI1CFGR_PLLP_3|RCC_P
 804:Drivers/STM32WBxx_HAL_Driver/Inc/stm32wbxx_ll_rcc.h **** #define LL_RCC_PLLSAI1P_DIV_28                 (RCC_PLLSAI1CFGR_PLLP_0|RCC_PLLSAI1CFGR_PLLP_1|RCC_P
 805:Drivers/STM32WBxx_HAL_Driver/Inc/stm32wbxx_ll_rcc.h **** #define LL_RCC_PLLSAI1P_DIV_29                 (RCC_PLLSAI1CFGR_PLLP_2|RCC_PLLSAI1CFGR_PLLP_3|RCC_P
 806:Drivers/STM32WBxx_HAL_Driver/Inc/stm32wbxx_ll_rcc.h **** #define LL_RCC_PLLSAI1P_DIV_30                 (RCC_PLLSAI1CFGR_PLLP_0|RCC_PLLSAI1CFGR_PLLP_2|RCC_P
 807:Drivers/STM32WBxx_HAL_Driver/Inc/stm32wbxx_ll_rcc.h **** #define LL_RCC_PLLSAI1P_DIV_31                 (RCC_PLLSAI1CFGR_PLLP_1|RCC_PLLSAI1CFGR_PLLP_2|RCC_P
 808:Drivers/STM32WBxx_HAL_Driver/Inc/stm32wbxx_ll_rcc.h **** #define LL_RCC_PLLSAI1P_DIV_32                 (RCC_PLLSAI1CFGR_PLLP_0|RCC_PLLSAI1CFGR_PLLP_1|RCC_P
 809:Drivers/STM32WBxx_HAL_Driver/Inc/stm32wbxx_ll_rcc.h **** /**
 810:Drivers/STM32WBxx_HAL_Driver/Inc/stm32wbxx_ll_rcc.h ****   * @}
 811:Drivers/STM32WBxx_HAL_Driver/Inc/stm32wbxx_ll_rcc.h ****   */
 812:Drivers/STM32WBxx_HAL_Driver/Inc/stm32wbxx_ll_rcc.h **** 
 813:Drivers/STM32WBxx_HAL_Driver/Inc/stm32wbxx_ll_rcc.h **** /** @defgroup RCC_LL_EC_PLLSAI1R  PLLSAI1 division factor (PLLR)
 814:Drivers/STM32WBxx_HAL_Driver/Inc/stm32wbxx_ll_rcc.h ****   * @{
 815:Drivers/STM32WBxx_HAL_Driver/Inc/stm32wbxx_ll_rcc.h ****   */
 816:Drivers/STM32WBxx_HAL_Driver/Inc/stm32wbxx_ll_rcc.h **** #define LL_RCC_PLLSAI1R_DIV_2              (RCC_PLLSAI1CFGR_PLLR_0)                                
 817:Drivers/STM32WBxx_HAL_Driver/Inc/stm32wbxx_ll_rcc.h **** #define LL_RCC_PLLSAI1R_DIV_3              (RCC_PLLSAI1CFGR_PLLR_1)                                
 818:Drivers/STM32WBxx_HAL_Driver/Inc/stm32wbxx_ll_rcc.h **** #define LL_RCC_PLLSAI1R_DIV_4              (RCC_PLLSAI1CFGR_PLLR_1 | RCC_PLLSAI1CFGR_PLLR_0)       
 819:Drivers/STM32WBxx_HAL_Driver/Inc/stm32wbxx_ll_rcc.h **** #define LL_RCC_PLLSAI1R_DIV_5              (RCC_PLLSAI1CFGR_PLLR_2)                                
 820:Drivers/STM32WBxx_HAL_Driver/Inc/stm32wbxx_ll_rcc.h **** #define LL_RCC_PLLSAI1R_DIV_6              (RCC_PLLSAI1CFGR_PLLR_2 | RCC_PLLSAI1CFGR_PLLR_0)       
ARM GAS  C:\Users\bku598\AppData\Local\Temp\ccPOR4r7.s 			page 69


 821:Drivers/STM32WBxx_HAL_Driver/Inc/stm32wbxx_ll_rcc.h **** #define LL_RCC_PLLSAI1R_DIV_7              (RCC_PLLSAI1CFGR_PLLR_2 | RCC_PLLSAI1CFGR_PLLR_1)       
 822:Drivers/STM32WBxx_HAL_Driver/Inc/stm32wbxx_ll_rcc.h **** #define LL_RCC_PLLSAI1R_DIV_8              (RCC_PLLSAI1CFGR_PLLR_2 | RCC_PLLSAI1CFGR_PLLR_1 | RCC_P
 823:Drivers/STM32WBxx_HAL_Driver/Inc/stm32wbxx_ll_rcc.h **** /**
 824:Drivers/STM32WBxx_HAL_Driver/Inc/stm32wbxx_ll_rcc.h ****   * @}
 825:Drivers/STM32WBxx_HAL_Driver/Inc/stm32wbxx_ll_rcc.h ****   */
 826:Drivers/STM32WBxx_HAL_Driver/Inc/stm32wbxx_ll_rcc.h **** #endif /* SAI1 */
 827:Drivers/STM32WBxx_HAL_Driver/Inc/stm32wbxx_ll_rcc.h **** 
 828:Drivers/STM32WBxx_HAL_Driver/Inc/stm32wbxx_ll_rcc.h **** /**
 829:Drivers/STM32WBxx_HAL_Driver/Inc/stm32wbxx_ll_rcc.h ****   * @}
 830:Drivers/STM32WBxx_HAL_Driver/Inc/stm32wbxx_ll_rcc.h ****   */
 831:Drivers/STM32WBxx_HAL_Driver/Inc/stm32wbxx_ll_rcc.h **** 
 832:Drivers/STM32WBxx_HAL_Driver/Inc/stm32wbxx_ll_rcc.h **** /* Exported macro ------------------------------------------------------------*/
 833:Drivers/STM32WBxx_HAL_Driver/Inc/stm32wbxx_ll_rcc.h **** /** @defgroup RCC_LL_Exported_Macros RCC Exported Macros
 834:Drivers/STM32WBxx_HAL_Driver/Inc/stm32wbxx_ll_rcc.h ****   * @{
 835:Drivers/STM32WBxx_HAL_Driver/Inc/stm32wbxx_ll_rcc.h ****   */
 836:Drivers/STM32WBxx_HAL_Driver/Inc/stm32wbxx_ll_rcc.h **** 
 837:Drivers/STM32WBxx_HAL_Driver/Inc/stm32wbxx_ll_rcc.h **** /** @defgroup RCC_LL_EM_WRITE_READ Common Write and read registers Macros
 838:Drivers/STM32WBxx_HAL_Driver/Inc/stm32wbxx_ll_rcc.h ****   * @{
 839:Drivers/STM32WBxx_HAL_Driver/Inc/stm32wbxx_ll_rcc.h ****   */
 840:Drivers/STM32WBxx_HAL_Driver/Inc/stm32wbxx_ll_rcc.h **** 
 841:Drivers/STM32WBxx_HAL_Driver/Inc/stm32wbxx_ll_rcc.h **** /**
 842:Drivers/STM32WBxx_HAL_Driver/Inc/stm32wbxx_ll_rcc.h ****   * @brief  Write a value in RCC register
 843:Drivers/STM32WBxx_HAL_Driver/Inc/stm32wbxx_ll_rcc.h ****   * @param  __REG__ Register to be written
 844:Drivers/STM32WBxx_HAL_Driver/Inc/stm32wbxx_ll_rcc.h ****   * @param  __VALUE__ Value to be written in the register
 845:Drivers/STM32WBxx_HAL_Driver/Inc/stm32wbxx_ll_rcc.h ****   * @retval None
 846:Drivers/STM32WBxx_HAL_Driver/Inc/stm32wbxx_ll_rcc.h ****   */
 847:Drivers/STM32WBxx_HAL_Driver/Inc/stm32wbxx_ll_rcc.h **** #define LL_RCC_WriteReg(__REG__, __VALUE__) WRITE_REG(RCC->__REG__, (__VALUE__))
 848:Drivers/STM32WBxx_HAL_Driver/Inc/stm32wbxx_ll_rcc.h **** 
 849:Drivers/STM32WBxx_HAL_Driver/Inc/stm32wbxx_ll_rcc.h **** /**
 850:Drivers/STM32WBxx_HAL_Driver/Inc/stm32wbxx_ll_rcc.h ****   * @brief  Read a value in RCC register
 851:Drivers/STM32WBxx_HAL_Driver/Inc/stm32wbxx_ll_rcc.h ****   * @param  __REG__ Register to be read
 852:Drivers/STM32WBxx_HAL_Driver/Inc/stm32wbxx_ll_rcc.h ****   * @retval Register value
 853:Drivers/STM32WBxx_HAL_Driver/Inc/stm32wbxx_ll_rcc.h ****   */
 854:Drivers/STM32WBxx_HAL_Driver/Inc/stm32wbxx_ll_rcc.h **** #define LL_RCC_ReadReg(__REG__) READ_REG(RCC->__REG__)
 855:Drivers/STM32WBxx_HAL_Driver/Inc/stm32wbxx_ll_rcc.h **** /**
 856:Drivers/STM32WBxx_HAL_Driver/Inc/stm32wbxx_ll_rcc.h ****   * @}
 857:Drivers/STM32WBxx_HAL_Driver/Inc/stm32wbxx_ll_rcc.h ****   */
 858:Drivers/STM32WBxx_HAL_Driver/Inc/stm32wbxx_ll_rcc.h **** 
 859:Drivers/STM32WBxx_HAL_Driver/Inc/stm32wbxx_ll_rcc.h **** /** @defgroup RCC_LL_EM_CALC_FREQ Calculate frequencies
 860:Drivers/STM32WBxx_HAL_Driver/Inc/stm32wbxx_ll_rcc.h ****   * @{
 861:Drivers/STM32WBxx_HAL_Driver/Inc/stm32wbxx_ll_rcc.h ****   */
 862:Drivers/STM32WBxx_HAL_Driver/Inc/stm32wbxx_ll_rcc.h **** 
 863:Drivers/STM32WBxx_HAL_Driver/Inc/stm32wbxx_ll_rcc.h **** /**
 864:Drivers/STM32WBxx_HAL_Driver/Inc/stm32wbxx_ll_rcc.h ****   * @brief  Helper macro to calculate the PLLRCLK frequency on system domain
 865:Drivers/STM32WBxx_HAL_Driver/Inc/stm32wbxx_ll_rcc.h ****   * @note ex: @ref __LL_RCC_CALC_PLLCLK_FREQ (HSE_VALUE,@ref LL_RCC_PLL_GetDivider (),
 866:Drivers/STM32WBxx_HAL_Driver/Inc/stm32wbxx_ll_rcc.h ****   *             @ref LL_RCC_PLL_GetN (), @ref LL_RCC_PLL_GetR ());
 867:Drivers/STM32WBxx_HAL_Driver/Inc/stm32wbxx_ll_rcc.h ****   * @param  __INPUTFREQ__ PLL Input frequency (based on MSI/HSE/HSI)
 868:Drivers/STM32WBxx_HAL_Driver/Inc/stm32wbxx_ll_rcc.h ****   * @param  __PLLM__ This parameter can be one of the following values:
 869:Drivers/STM32WBxx_HAL_Driver/Inc/stm32wbxx_ll_rcc.h ****   *         @arg @ref LL_RCC_PLLM_DIV_1
 870:Drivers/STM32WBxx_HAL_Driver/Inc/stm32wbxx_ll_rcc.h ****   *         @arg @ref LL_RCC_PLLM_DIV_2
 871:Drivers/STM32WBxx_HAL_Driver/Inc/stm32wbxx_ll_rcc.h ****   *         @arg @ref LL_RCC_PLLM_DIV_3
 872:Drivers/STM32WBxx_HAL_Driver/Inc/stm32wbxx_ll_rcc.h ****   *         @arg @ref LL_RCC_PLLM_DIV_4
 873:Drivers/STM32WBxx_HAL_Driver/Inc/stm32wbxx_ll_rcc.h ****   *         @arg @ref LL_RCC_PLLM_DIV_5
 874:Drivers/STM32WBxx_HAL_Driver/Inc/stm32wbxx_ll_rcc.h ****   *         @arg @ref LL_RCC_PLLM_DIV_6
 875:Drivers/STM32WBxx_HAL_Driver/Inc/stm32wbxx_ll_rcc.h ****   *         @arg @ref LL_RCC_PLLM_DIV_7
 876:Drivers/STM32WBxx_HAL_Driver/Inc/stm32wbxx_ll_rcc.h ****   *         @arg @ref LL_RCC_PLLM_DIV_8
 877:Drivers/STM32WBxx_HAL_Driver/Inc/stm32wbxx_ll_rcc.h ****   * @param  __PLLN__ Between Min_Data = 6 and Max_Data = 127
ARM GAS  C:\Users\bku598\AppData\Local\Temp\ccPOR4r7.s 			page 70


 878:Drivers/STM32WBxx_HAL_Driver/Inc/stm32wbxx_ll_rcc.h ****   * @param  __PLLR__ This parameter can be one of the following values:
 879:Drivers/STM32WBxx_HAL_Driver/Inc/stm32wbxx_ll_rcc.h ****   *         @arg @ref LL_RCC_PLLR_DIV_2
 880:Drivers/STM32WBxx_HAL_Driver/Inc/stm32wbxx_ll_rcc.h ****   *         @arg @ref LL_RCC_PLLR_DIV_3
 881:Drivers/STM32WBxx_HAL_Driver/Inc/stm32wbxx_ll_rcc.h ****   *         @arg @ref LL_RCC_PLLR_DIV_4
 882:Drivers/STM32WBxx_HAL_Driver/Inc/stm32wbxx_ll_rcc.h ****   *         @arg @ref LL_RCC_PLLR_DIV_5
 883:Drivers/STM32WBxx_HAL_Driver/Inc/stm32wbxx_ll_rcc.h ****   *         @arg @ref LL_RCC_PLLR_DIV_6
 884:Drivers/STM32WBxx_HAL_Driver/Inc/stm32wbxx_ll_rcc.h ****   *         @arg @ref LL_RCC_PLLR_DIV_7
 885:Drivers/STM32WBxx_HAL_Driver/Inc/stm32wbxx_ll_rcc.h ****   *         @arg @ref LL_RCC_PLLR_DIV_8
 886:Drivers/STM32WBxx_HAL_Driver/Inc/stm32wbxx_ll_rcc.h ****   * @retval PLL clock frequency (in Hz)
 887:Drivers/STM32WBxx_HAL_Driver/Inc/stm32wbxx_ll_rcc.h ****   */
 888:Drivers/STM32WBxx_HAL_Driver/Inc/stm32wbxx_ll_rcc.h **** #define __LL_RCC_CALC_PLLCLK_FREQ(__INPUTFREQ__, __PLLM__, __PLLN__, __PLLR__) ((__INPUTFREQ__) * (
 889:Drivers/STM32WBxx_HAL_Driver/Inc/stm32wbxx_ll_rcc.h ****                                                                                 (((__PLLR__) >> RCC
 890:Drivers/STM32WBxx_HAL_Driver/Inc/stm32wbxx_ll_rcc.h **** 
 891:Drivers/STM32WBxx_HAL_Driver/Inc/stm32wbxx_ll_rcc.h **** #if defined(SAI1)
 892:Drivers/STM32WBxx_HAL_Driver/Inc/stm32wbxx_ll_rcc.h **** /**
 893:Drivers/STM32WBxx_HAL_Driver/Inc/stm32wbxx_ll_rcc.h ****   * @brief  Helper macro to calculate the PLLPCLK frequency used on SAI domain
 894:Drivers/STM32WBxx_HAL_Driver/Inc/stm32wbxx_ll_rcc.h ****   * @note ex: @ref __LL_RCC_CALC_PLLCLK_SAI_FREQ (HSE_VALUE,@ref LL_RCC_PLL_GetDivider (),
 895:Drivers/STM32WBxx_HAL_Driver/Inc/stm32wbxx_ll_rcc.h ****   *             @ref LL_RCC_PLL_GetN (), @ref LL_RCC_PLL_GetP ());
 896:Drivers/STM32WBxx_HAL_Driver/Inc/stm32wbxx_ll_rcc.h ****   * @param  __INPUTFREQ__ PLL Input frequency (based on MSI/HSE/HSI)
 897:Drivers/STM32WBxx_HAL_Driver/Inc/stm32wbxx_ll_rcc.h ****   * @param  __PLLM__ This parameter can be one of the following values:
 898:Drivers/STM32WBxx_HAL_Driver/Inc/stm32wbxx_ll_rcc.h ****   *         @arg @ref LL_RCC_PLLM_DIV_1
 899:Drivers/STM32WBxx_HAL_Driver/Inc/stm32wbxx_ll_rcc.h ****   *         @arg @ref LL_RCC_PLLM_DIV_2
 900:Drivers/STM32WBxx_HAL_Driver/Inc/stm32wbxx_ll_rcc.h ****   *         @arg @ref LL_RCC_PLLM_DIV_3
 901:Drivers/STM32WBxx_HAL_Driver/Inc/stm32wbxx_ll_rcc.h ****   *         @arg @ref LL_RCC_PLLM_DIV_4
 902:Drivers/STM32WBxx_HAL_Driver/Inc/stm32wbxx_ll_rcc.h ****   *         @arg @ref LL_RCC_PLLM_DIV_5
 903:Drivers/STM32WBxx_HAL_Driver/Inc/stm32wbxx_ll_rcc.h ****   *         @arg @ref LL_RCC_PLLM_DIV_6
 904:Drivers/STM32WBxx_HAL_Driver/Inc/stm32wbxx_ll_rcc.h ****   *         @arg @ref LL_RCC_PLLM_DIV_7
 905:Drivers/STM32WBxx_HAL_Driver/Inc/stm32wbxx_ll_rcc.h ****   *         @arg @ref LL_RCC_PLLM_DIV_8
 906:Drivers/STM32WBxx_HAL_Driver/Inc/stm32wbxx_ll_rcc.h ****   * @param  __PLLN__ Between Min_Data = 6 and Max_Data = 127
 907:Drivers/STM32WBxx_HAL_Driver/Inc/stm32wbxx_ll_rcc.h ****   * @param  __PLLP__ This parameter can be one of the following values:
 908:Drivers/STM32WBxx_HAL_Driver/Inc/stm32wbxx_ll_rcc.h ****   *         @arg @ref LL_RCC_PLLP_DIV_2
 909:Drivers/STM32WBxx_HAL_Driver/Inc/stm32wbxx_ll_rcc.h ****   *         @arg @ref LL_RCC_PLLP_DIV_3
 910:Drivers/STM32WBxx_HAL_Driver/Inc/stm32wbxx_ll_rcc.h ****   *         @arg @ref LL_RCC_PLLP_DIV_4
 911:Drivers/STM32WBxx_HAL_Driver/Inc/stm32wbxx_ll_rcc.h ****   *         @arg @ref LL_RCC_PLLP_DIV_5
 912:Drivers/STM32WBxx_HAL_Driver/Inc/stm32wbxx_ll_rcc.h ****   *         @arg @ref LL_RCC_PLLP_DIV_6
 913:Drivers/STM32WBxx_HAL_Driver/Inc/stm32wbxx_ll_rcc.h ****   *         @arg @ref LL_RCC_PLLP_DIV_7
 914:Drivers/STM32WBxx_HAL_Driver/Inc/stm32wbxx_ll_rcc.h ****   *         @arg @ref LL_RCC_PLLP_DIV_8
 915:Drivers/STM32WBxx_HAL_Driver/Inc/stm32wbxx_ll_rcc.h ****   *         @arg @ref LL_RCC_PLLP_DIV_9
 916:Drivers/STM32WBxx_HAL_Driver/Inc/stm32wbxx_ll_rcc.h ****   *         @arg @ref LL_RCC_PLLP_DIV_10
 917:Drivers/STM32WBxx_HAL_Driver/Inc/stm32wbxx_ll_rcc.h ****   *         @arg @ref LL_RCC_PLLP_DIV_11
 918:Drivers/STM32WBxx_HAL_Driver/Inc/stm32wbxx_ll_rcc.h ****   *         @arg @ref LL_RCC_PLLP_DIV_12
 919:Drivers/STM32WBxx_HAL_Driver/Inc/stm32wbxx_ll_rcc.h ****   *         @arg @ref LL_RCC_PLLP_DIV_13
 920:Drivers/STM32WBxx_HAL_Driver/Inc/stm32wbxx_ll_rcc.h ****   *         @arg @ref LL_RCC_PLLP_DIV_14
 921:Drivers/STM32WBxx_HAL_Driver/Inc/stm32wbxx_ll_rcc.h ****   *         @arg @ref LL_RCC_PLLP_DIV_15
 922:Drivers/STM32WBxx_HAL_Driver/Inc/stm32wbxx_ll_rcc.h ****   *         @arg @ref LL_RCC_PLLP_DIV_16
 923:Drivers/STM32WBxx_HAL_Driver/Inc/stm32wbxx_ll_rcc.h ****   *         @arg @ref LL_RCC_PLLP_DIV_17
 924:Drivers/STM32WBxx_HAL_Driver/Inc/stm32wbxx_ll_rcc.h ****   *         @arg @ref LL_RCC_PLLP_DIV_18
 925:Drivers/STM32WBxx_HAL_Driver/Inc/stm32wbxx_ll_rcc.h ****   *         @arg @ref LL_RCC_PLLP_DIV_19
 926:Drivers/STM32WBxx_HAL_Driver/Inc/stm32wbxx_ll_rcc.h ****   *         @arg @ref LL_RCC_PLLP_DIV_20
 927:Drivers/STM32WBxx_HAL_Driver/Inc/stm32wbxx_ll_rcc.h ****   *         @arg @ref LL_RCC_PLLP_DIV_21
 928:Drivers/STM32WBxx_HAL_Driver/Inc/stm32wbxx_ll_rcc.h ****   *         @arg @ref LL_RCC_PLLP_DIV_22
 929:Drivers/STM32WBxx_HAL_Driver/Inc/stm32wbxx_ll_rcc.h ****   *         @arg @ref LL_RCC_PLLP_DIV_23
 930:Drivers/STM32WBxx_HAL_Driver/Inc/stm32wbxx_ll_rcc.h ****   *         @arg @ref LL_RCC_PLLP_DIV_24
 931:Drivers/STM32WBxx_HAL_Driver/Inc/stm32wbxx_ll_rcc.h ****   *         @arg @ref LL_RCC_PLLP_DIV_25
 932:Drivers/STM32WBxx_HAL_Driver/Inc/stm32wbxx_ll_rcc.h ****   *         @arg @ref LL_RCC_PLLP_DIV_26
 933:Drivers/STM32WBxx_HAL_Driver/Inc/stm32wbxx_ll_rcc.h ****   *         @arg @ref LL_RCC_PLLP_DIV_27
 934:Drivers/STM32WBxx_HAL_Driver/Inc/stm32wbxx_ll_rcc.h ****   *         @arg @ref LL_RCC_PLLP_DIV_28
ARM GAS  C:\Users\bku598\AppData\Local\Temp\ccPOR4r7.s 			page 71


 935:Drivers/STM32WBxx_HAL_Driver/Inc/stm32wbxx_ll_rcc.h ****   *         @arg @ref LL_RCC_PLLP_DIV_29
 936:Drivers/STM32WBxx_HAL_Driver/Inc/stm32wbxx_ll_rcc.h ****   *         @arg @ref LL_RCC_PLLP_DIV_30
 937:Drivers/STM32WBxx_HAL_Driver/Inc/stm32wbxx_ll_rcc.h ****   *         @arg @ref LL_RCC_PLLP_DIV_31
 938:Drivers/STM32WBxx_HAL_Driver/Inc/stm32wbxx_ll_rcc.h ****   * @retval PLL clock frequency (in Hz)
 939:Drivers/STM32WBxx_HAL_Driver/Inc/stm32wbxx_ll_rcc.h ****   */
 940:Drivers/STM32WBxx_HAL_Driver/Inc/stm32wbxx_ll_rcc.h **** #define __LL_RCC_CALC_PLLCLK_SAI_FREQ(__INPUTFREQ__, __PLLM__, __PLLN__, __PLLP__) ((__INPUTFREQ__)
 941:Drivers/STM32WBxx_HAL_Driver/Inc/stm32wbxx_ll_rcc.h ****     (((__PLLP__) >> RCC_PLLCFGR_PLLP_Pos) + 1U))
 942:Drivers/STM32WBxx_HAL_Driver/Inc/stm32wbxx_ll_rcc.h **** #endif /* SAI1 */
 943:Drivers/STM32WBxx_HAL_Driver/Inc/stm32wbxx_ll_rcc.h **** 
 944:Drivers/STM32WBxx_HAL_Driver/Inc/stm32wbxx_ll_rcc.h **** /**
 945:Drivers/STM32WBxx_HAL_Driver/Inc/stm32wbxx_ll_rcc.h ****   * @brief  Helper macro to calculate the PLLPCLK frequency used on ADC domain
 946:Drivers/STM32WBxx_HAL_Driver/Inc/stm32wbxx_ll_rcc.h ****   * @note ex: @ref __LL_RCC_CALC_PLLCLK_ADC_FREQ (HSE_VALUE,@ref LL_RCC_PLL_GetDivider (),
 947:Drivers/STM32WBxx_HAL_Driver/Inc/stm32wbxx_ll_rcc.h ****   *             @ref LL_RCC_PLL_GetN (), @ref LL_RCC_PLL_GetP ());
 948:Drivers/STM32WBxx_HAL_Driver/Inc/stm32wbxx_ll_rcc.h ****   * @param  __INPUTFREQ__ PLL Input frequency (based on MSI/HSE/HSI)
 949:Drivers/STM32WBxx_HAL_Driver/Inc/stm32wbxx_ll_rcc.h ****   * @param  __PLLM__ This parameter can be one of the following values:
 950:Drivers/STM32WBxx_HAL_Driver/Inc/stm32wbxx_ll_rcc.h ****   *         @arg @ref LL_RCC_PLLM_DIV_1
 951:Drivers/STM32WBxx_HAL_Driver/Inc/stm32wbxx_ll_rcc.h ****   *         @arg @ref LL_RCC_PLLM_DIV_2
 952:Drivers/STM32WBxx_HAL_Driver/Inc/stm32wbxx_ll_rcc.h ****   *         @arg @ref LL_RCC_PLLM_DIV_3
 953:Drivers/STM32WBxx_HAL_Driver/Inc/stm32wbxx_ll_rcc.h ****   *         @arg @ref LL_RCC_PLLM_DIV_4
 954:Drivers/STM32WBxx_HAL_Driver/Inc/stm32wbxx_ll_rcc.h ****   *         @arg @ref LL_RCC_PLLM_DIV_5
 955:Drivers/STM32WBxx_HAL_Driver/Inc/stm32wbxx_ll_rcc.h ****   *         @arg @ref LL_RCC_PLLM_DIV_6
 956:Drivers/STM32WBxx_HAL_Driver/Inc/stm32wbxx_ll_rcc.h ****   *         @arg @ref LL_RCC_PLLM_DIV_7
 957:Drivers/STM32WBxx_HAL_Driver/Inc/stm32wbxx_ll_rcc.h ****   *         @arg @ref LL_RCC_PLLM_DIV_8
 958:Drivers/STM32WBxx_HAL_Driver/Inc/stm32wbxx_ll_rcc.h ****   * @param  __PLLN__ Between Min_Data = 6 and Max_Data = 127
 959:Drivers/STM32WBxx_HAL_Driver/Inc/stm32wbxx_ll_rcc.h ****   * @param  __PLLP__ This parameter can be one of the following values:
 960:Drivers/STM32WBxx_HAL_Driver/Inc/stm32wbxx_ll_rcc.h ****   *         @arg @ref LL_RCC_PLLP_DIV_2
 961:Drivers/STM32WBxx_HAL_Driver/Inc/stm32wbxx_ll_rcc.h ****   *         @arg @ref LL_RCC_PLLP_DIV_3
 962:Drivers/STM32WBxx_HAL_Driver/Inc/stm32wbxx_ll_rcc.h ****   *         @arg @ref LL_RCC_PLLP_DIV_4
 963:Drivers/STM32WBxx_HAL_Driver/Inc/stm32wbxx_ll_rcc.h ****   *         @arg @ref LL_RCC_PLLP_DIV_5
 964:Drivers/STM32WBxx_HAL_Driver/Inc/stm32wbxx_ll_rcc.h ****   *         @arg @ref LL_RCC_PLLP_DIV_6
 965:Drivers/STM32WBxx_HAL_Driver/Inc/stm32wbxx_ll_rcc.h ****   *         @arg @ref LL_RCC_PLLP_DIV_7
 966:Drivers/STM32WBxx_HAL_Driver/Inc/stm32wbxx_ll_rcc.h ****   *         @arg @ref LL_RCC_PLLP_DIV_8
 967:Drivers/STM32WBxx_HAL_Driver/Inc/stm32wbxx_ll_rcc.h ****   *         @arg @ref LL_RCC_PLLP_DIV_9
 968:Drivers/STM32WBxx_HAL_Driver/Inc/stm32wbxx_ll_rcc.h ****   *         @arg @ref LL_RCC_PLLP_DIV_10
 969:Drivers/STM32WBxx_HAL_Driver/Inc/stm32wbxx_ll_rcc.h ****   *         @arg @ref LL_RCC_PLLP_DIV_11
 970:Drivers/STM32WBxx_HAL_Driver/Inc/stm32wbxx_ll_rcc.h ****   *         @arg @ref LL_RCC_PLLP_DIV_12
 971:Drivers/STM32WBxx_HAL_Driver/Inc/stm32wbxx_ll_rcc.h ****   *         @arg @ref LL_RCC_PLLP_DIV_13
 972:Drivers/STM32WBxx_HAL_Driver/Inc/stm32wbxx_ll_rcc.h ****   *         @arg @ref LL_RCC_PLLP_DIV_14
 973:Drivers/STM32WBxx_HAL_Driver/Inc/stm32wbxx_ll_rcc.h ****   *         @arg @ref LL_RCC_PLLP_DIV_15
 974:Drivers/STM32WBxx_HAL_Driver/Inc/stm32wbxx_ll_rcc.h ****   *         @arg @ref LL_RCC_PLLP_DIV_16
 975:Drivers/STM32WBxx_HAL_Driver/Inc/stm32wbxx_ll_rcc.h ****   *         @arg @ref LL_RCC_PLLP_DIV_17
 976:Drivers/STM32WBxx_HAL_Driver/Inc/stm32wbxx_ll_rcc.h ****   *         @arg @ref LL_RCC_PLLP_DIV_18
 977:Drivers/STM32WBxx_HAL_Driver/Inc/stm32wbxx_ll_rcc.h ****   *         @arg @ref LL_RCC_PLLP_DIV_19
 978:Drivers/STM32WBxx_HAL_Driver/Inc/stm32wbxx_ll_rcc.h ****   *         @arg @ref LL_RCC_PLLP_DIV_20
 979:Drivers/STM32WBxx_HAL_Driver/Inc/stm32wbxx_ll_rcc.h ****   *         @arg @ref LL_RCC_PLLP_DIV_21
 980:Drivers/STM32WBxx_HAL_Driver/Inc/stm32wbxx_ll_rcc.h ****   *         @arg @ref LL_RCC_PLLP_DIV_22
 981:Drivers/STM32WBxx_HAL_Driver/Inc/stm32wbxx_ll_rcc.h ****   *         @arg @ref LL_RCC_PLLP_DIV_23
 982:Drivers/STM32WBxx_HAL_Driver/Inc/stm32wbxx_ll_rcc.h ****   *         @arg @ref LL_RCC_PLLP_DIV_24
 983:Drivers/STM32WBxx_HAL_Driver/Inc/stm32wbxx_ll_rcc.h ****   *         @arg @ref LL_RCC_PLLP_DIV_25
 984:Drivers/STM32WBxx_HAL_Driver/Inc/stm32wbxx_ll_rcc.h ****   *         @arg @ref LL_RCC_PLLP_DIV_26
 985:Drivers/STM32WBxx_HAL_Driver/Inc/stm32wbxx_ll_rcc.h ****   *         @arg @ref LL_RCC_PLLP_DIV_27
 986:Drivers/STM32WBxx_HAL_Driver/Inc/stm32wbxx_ll_rcc.h ****   *         @arg @ref LL_RCC_PLLP_DIV_28
 987:Drivers/STM32WBxx_HAL_Driver/Inc/stm32wbxx_ll_rcc.h ****   *         @arg @ref LL_RCC_PLLP_DIV_29
 988:Drivers/STM32WBxx_HAL_Driver/Inc/stm32wbxx_ll_rcc.h ****   *         @arg @ref LL_RCC_PLLP_DIV_30
 989:Drivers/STM32WBxx_HAL_Driver/Inc/stm32wbxx_ll_rcc.h ****   *         @arg @ref LL_RCC_PLLP_DIV_31
 990:Drivers/STM32WBxx_HAL_Driver/Inc/stm32wbxx_ll_rcc.h ****   *         @arg @ref LL_RCC_PLLP_DIV_32
 991:Drivers/STM32WBxx_HAL_Driver/Inc/stm32wbxx_ll_rcc.h ****   * @retval PLL clock frequency (in Hz)
ARM GAS  C:\Users\bku598\AppData\Local\Temp\ccPOR4r7.s 			page 72


 992:Drivers/STM32WBxx_HAL_Driver/Inc/stm32wbxx_ll_rcc.h ****   */
 993:Drivers/STM32WBxx_HAL_Driver/Inc/stm32wbxx_ll_rcc.h **** #define __LL_RCC_CALC_PLLCLK_ADC_FREQ(__INPUTFREQ__, __PLLM__, __PLLN__, __PLLP__) ((__INPUTFREQ__)
 994:Drivers/STM32WBxx_HAL_Driver/Inc/stm32wbxx_ll_rcc.h ****     (((__PLLP__) >> RCC_PLLCFGR_PLLP_Pos) + 1U))
 995:Drivers/STM32WBxx_HAL_Driver/Inc/stm32wbxx_ll_rcc.h **** 
 996:Drivers/STM32WBxx_HAL_Driver/Inc/stm32wbxx_ll_rcc.h **** 
 997:Drivers/STM32WBxx_HAL_Driver/Inc/stm32wbxx_ll_rcc.h **** /**
 998:Drivers/STM32WBxx_HAL_Driver/Inc/stm32wbxx_ll_rcc.h ****   * @brief  Helper macro to calculate the PLLQCLK frequency used on 48M domain
 999:Drivers/STM32WBxx_HAL_Driver/Inc/stm32wbxx_ll_rcc.h ****   * @note ex: @ref __LL_RCC_CALC_PLLCLK_48M_FREQ (HSE_VALUE,@ref LL_RCC_PLL_GetDivider (),
1000:Drivers/STM32WBxx_HAL_Driver/Inc/stm32wbxx_ll_rcc.h ****   *             @ref LL_RCC_PLL_GetN (), @ref LL_RCC_PLL_GetQ ());
1001:Drivers/STM32WBxx_HAL_Driver/Inc/stm32wbxx_ll_rcc.h ****   * @param  __INPUTFREQ__ PLL Input frequency (based on MSI/HSE/HSI)
1002:Drivers/STM32WBxx_HAL_Driver/Inc/stm32wbxx_ll_rcc.h ****   * @param  __PLLM__ This parameter can be one of the following values:
1003:Drivers/STM32WBxx_HAL_Driver/Inc/stm32wbxx_ll_rcc.h ****   *         @arg @ref LL_RCC_PLLM_DIV_1
1004:Drivers/STM32WBxx_HAL_Driver/Inc/stm32wbxx_ll_rcc.h ****   *         @arg @ref LL_RCC_PLLM_DIV_2
1005:Drivers/STM32WBxx_HAL_Driver/Inc/stm32wbxx_ll_rcc.h ****   *         @arg @ref LL_RCC_PLLM_DIV_3
1006:Drivers/STM32WBxx_HAL_Driver/Inc/stm32wbxx_ll_rcc.h ****   *         @arg @ref LL_RCC_PLLM_DIV_4
1007:Drivers/STM32WBxx_HAL_Driver/Inc/stm32wbxx_ll_rcc.h ****   *         @arg @ref LL_RCC_PLLM_DIV_5
1008:Drivers/STM32WBxx_HAL_Driver/Inc/stm32wbxx_ll_rcc.h ****   *         @arg @ref LL_RCC_PLLM_DIV_6
1009:Drivers/STM32WBxx_HAL_Driver/Inc/stm32wbxx_ll_rcc.h ****   *         @arg @ref LL_RCC_PLLM_DIV_7
1010:Drivers/STM32WBxx_HAL_Driver/Inc/stm32wbxx_ll_rcc.h ****   *         @arg @ref LL_RCC_PLLM_DIV_8
1011:Drivers/STM32WBxx_HAL_Driver/Inc/stm32wbxx_ll_rcc.h ****   * @param  __PLLN__ Between Min_Data = 6 and Max_Data = 127
1012:Drivers/STM32WBxx_HAL_Driver/Inc/stm32wbxx_ll_rcc.h ****   * @param  __PLLQ__ This parameter can be one of the following values:
1013:Drivers/STM32WBxx_HAL_Driver/Inc/stm32wbxx_ll_rcc.h ****   *         @arg @ref LL_RCC_PLLQ_DIV_2
1014:Drivers/STM32WBxx_HAL_Driver/Inc/stm32wbxx_ll_rcc.h ****   *         @arg @ref LL_RCC_PLLQ_DIV_3
1015:Drivers/STM32WBxx_HAL_Driver/Inc/stm32wbxx_ll_rcc.h ****   *         @arg @ref LL_RCC_PLLQ_DIV_4
1016:Drivers/STM32WBxx_HAL_Driver/Inc/stm32wbxx_ll_rcc.h ****   *         @arg @ref LL_RCC_PLLQ_DIV_5
1017:Drivers/STM32WBxx_HAL_Driver/Inc/stm32wbxx_ll_rcc.h ****   *         @arg @ref LL_RCC_PLLQ_DIV_6
1018:Drivers/STM32WBxx_HAL_Driver/Inc/stm32wbxx_ll_rcc.h ****   *         @arg @ref LL_RCC_PLLQ_DIV_7
1019:Drivers/STM32WBxx_HAL_Driver/Inc/stm32wbxx_ll_rcc.h ****   *         @arg @ref LL_RCC_PLLQ_DIV_8
1020:Drivers/STM32WBxx_HAL_Driver/Inc/stm32wbxx_ll_rcc.h ****   * @retval PLL clock frequency (in Hz)
1021:Drivers/STM32WBxx_HAL_Driver/Inc/stm32wbxx_ll_rcc.h ****   */
1022:Drivers/STM32WBxx_HAL_Driver/Inc/stm32wbxx_ll_rcc.h **** #define __LL_RCC_CALC_PLLCLK_48M_FREQ(__INPUTFREQ__, __PLLM__, __PLLN__, __PLLQ__) ((__INPUTFREQ__)
1023:Drivers/STM32WBxx_HAL_Driver/Inc/stm32wbxx_ll_rcc.h ****     (((__PLLQ__) >> RCC_PLLCFGR_PLLQ_Pos) + 1U))
1024:Drivers/STM32WBxx_HAL_Driver/Inc/stm32wbxx_ll_rcc.h **** 
1025:Drivers/STM32WBxx_HAL_Driver/Inc/stm32wbxx_ll_rcc.h **** #if defined(SAI1)
1026:Drivers/STM32WBxx_HAL_Driver/Inc/stm32wbxx_ll_rcc.h **** /**
1027:Drivers/STM32WBxx_HAL_Driver/Inc/stm32wbxx_ll_rcc.h ****   * @brief  Helper macro to calculate the PLLSAI1PCLK frequency used for SAI domain
1028:Drivers/STM32WBxx_HAL_Driver/Inc/stm32wbxx_ll_rcc.h ****   * @note ex: @ref __LL_RCC_CALC_PLLSAI1_SAI_FREQ (HSE_VALUE,@ref LL_RCC_PLL_GetDivider (),
1029:Drivers/STM32WBxx_HAL_Driver/Inc/stm32wbxx_ll_rcc.h ****   *             @ref LL_RCC_PLLSAI1_GetN (), @ref LL_RCC_PLLSAI1_GetP ());
1030:Drivers/STM32WBxx_HAL_Driver/Inc/stm32wbxx_ll_rcc.h ****   * @param  __INPUTFREQ__ PLL Input frequency (based on MSI/HSE/HSI)
1031:Drivers/STM32WBxx_HAL_Driver/Inc/stm32wbxx_ll_rcc.h ****   * @param  __PLLM__ This parameter can be one of the following values:
1032:Drivers/STM32WBxx_HAL_Driver/Inc/stm32wbxx_ll_rcc.h ****   *         @arg @ref LL_RCC_PLLM_DIV_1
1033:Drivers/STM32WBxx_HAL_Driver/Inc/stm32wbxx_ll_rcc.h ****   *         @arg @ref LL_RCC_PLLM_DIV_2
1034:Drivers/STM32WBxx_HAL_Driver/Inc/stm32wbxx_ll_rcc.h ****   *         @arg @ref LL_RCC_PLLM_DIV_3
1035:Drivers/STM32WBxx_HAL_Driver/Inc/stm32wbxx_ll_rcc.h ****   *         @arg @ref LL_RCC_PLLM_DIV_4
1036:Drivers/STM32WBxx_HAL_Driver/Inc/stm32wbxx_ll_rcc.h ****   *         @arg @ref LL_RCC_PLLM_DIV_5
1037:Drivers/STM32WBxx_HAL_Driver/Inc/stm32wbxx_ll_rcc.h ****   *         @arg @ref LL_RCC_PLLM_DIV_6
1038:Drivers/STM32WBxx_HAL_Driver/Inc/stm32wbxx_ll_rcc.h ****   *         @arg @ref LL_RCC_PLLM_DIV_7
1039:Drivers/STM32WBxx_HAL_Driver/Inc/stm32wbxx_ll_rcc.h ****   *         @arg @ref LL_RCC_PLLM_DIV_8
1040:Drivers/STM32WBxx_HAL_Driver/Inc/stm32wbxx_ll_rcc.h ****   * @param  __PLLSAI1N__ Between 6 and 127
1041:Drivers/STM32WBxx_HAL_Driver/Inc/stm32wbxx_ll_rcc.h ****   * @param  __PLLSAI1P__ This parameter can be one of the following values:
1042:Drivers/STM32WBxx_HAL_Driver/Inc/stm32wbxx_ll_rcc.h ****   *         @arg @ref LL_RCC_PLLSAI1P_DIV_2
1043:Drivers/STM32WBxx_HAL_Driver/Inc/stm32wbxx_ll_rcc.h ****   *         @arg @ref LL_RCC_PLLSAI1P_DIV_3
1044:Drivers/STM32WBxx_HAL_Driver/Inc/stm32wbxx_ll_rcc.h ****   *         @arg @ref LL_RCC_PLLSAI1P_DIV_4
1045:Drivers/STM32WBxx_HAL_Driver/Inc/stm32wbxx_ll_rcc.h ****   *         @arg @ref LL_RCC_PLLSAI1P_DIV_5
1046:Drivers/STM32WBxx_HAL_Driver/Inc/stm32wbxx_ll_rcc.h ****   *         @arg @ref LL_RCC_PLLSAI1P_DIV_6
1047:Drivers/STM32WBxx_HAL_Driver/Inc/stm32wbxx_ll_rcc.h ****   *         @arg @ref LL_RCC_PLLSAI1P_DIV_7
1048:Drivers/STM32WBxx_HAL_Driver/Inc/stm32wbxx_ll_rcc.h ****   *         @arg @ref LL_RCC_PLLSAI1P_DIV_8
ARM GAS  C:\Users\bku598\AppData\Local\Temp\ccPOR4r7.s 			page 73


1049:Drivers/STM32WBxx_HAL_Driver/Inc/stm32wbxx_ll_rcc.h ****   *         @arg @ref LL_RCC_PLLSAI1P_DIV_9
1050:Drivers/STM32WBxx_HAL_Driver/Inc/stm32wbxx_ll_rcc.h ****   *         @arg @ref LL_RCC_PLLSAI1P_DIV_10
1051:Drivers/STM32WBxx_HAL_Driver/Inc/stm32wbxx_ll_rcc.h ****   *         @arg @ref LL_RCC_PLLSAI1P_DIV_11
1052:Drivers/STM32WBxx_HAL_Driver/Inc/stm32wbxx_ll_rcc.h ****   *         @arg @ref LL_RCC_PLLSAI1P_DIV_12
1053:Drivers/STM32WBxx_HAL_Driver/Inc/stm32wbxx_ll_rcc.h ****   *         @arg @ref LL_RCC_PLLSAI1P_DIV_13
1054:Drivers/STM32WBxx_HAL_Driver/Inc/stm32wbxx_ll_rcc.h ****   *         @arg @ref LL_RCC_PLLSAI1P_DIV_14
1055:Drivers/STM32WBxx_HAL_Driver/Inc/stm32wbxx_ll_rcc.h ****   *         @arg @ref LL_RCC_PLLSAI1P_DIV_15
1056:Drivers/STM32WBxx_HAL_Driver/Inc/stm32wbxx_ll_rcc.h ****   *         @arg @ref LL_RCC_PLLSAI1P_DIV_16
1057:Drivers/STM32WBxx_HAL_Driver/Inc/stm32wbxx_ll_rcc.h ****   *         @arg @ref LL_RCC_PLLSAI1P_DIV_17
1058:Drivers/STM32WBxx_HAL_Driver/Inc/stm32wbxx_ll_rcc.h ****   *         @arg @ref LL_RCC_PLLSAI1P_DIV_18
1059:Drivers/STM32WBxx_HAL_Driver/Inc/stm32wbxx_ll_rcc.h ****   *         @arg @ref LL_RCC_PLLSAI1P_DIV_19
1060:Drivers/STM32WBxx_HAL_Driver/Inc/stm32wbxx_ll_rcc.h ****   *         @arg @ref LL_RCC_PLLSAI1P_DIV_20
1061:Drivers/STM32WBxx_HAL_Driver/Inc/stm32wbxx_ll_rcc.h ****   *         @arg @ref LL_RCC_PLLSAI1P_DIV_21
1062:Drivers/STM32WBxx_HAL_Driver/Inc/stm32wbxx_ll_rcc.h ****   *         @arg @ref LL_RCC_PLLSAI1P_DIV_22
1063:Drivers/STM32WBxx_HAL_Driver/Inc/stm32wbxx_ll_rcc.h ****   *         @arg @ref LL_RCC_PLLSAI1P_DIV_23
1064:Drivers/STM32WBxx_HAL_Driver/Inc/stm32wbxx_ll_rcc.h ****   *         @arg @ref LL_RCC_PLLSAI1P_DIV_24
1065:Drivers/STM32WBxx_HAL_Driver/Inc/stm32wbxx_ll_rcc.h ****   *         @arg @ref LL_RCC_PLLSAI1P_DIV_25
1066:Drivers/STM32WBxx_HAL_Driver/Inc/stm32wbxx_ll_rcc.h ****   *         @arg @ref LL_RCC_PLLSAI1P_DIV_26
1067:Drivers/STM32WBxx_HAL_Driver/Inc/stm32wbxx_ll_rcc.h ****   *         @arg @ref LL_RCC_PLLSAI1P_DIV_27
1068:Drivers/STM32WBxx_HAL_Driver/Inc/stm32wbxx_ll_rcc.h ****   *         @arg @ref LL_RCC_PLLSAI1P_DIV_28
1069:Drivers/STM32WBxx_HAL_Driver/Inc/stm32wbxx_ll_rcc.h ****   *         @arg @ref LL_RCC_PLLSAI1P_DIV_29
1070:Drivers/STM32WBxx_HAL_Driver/Inc/stm32wbxx_ll_rcc.h ****   *         @arg @ref LL_RCC_PLLSAI1P_DIV_30
1071:Drivers/STM32WBxx_HAL_Driver/Inc/stm32wbxx_ll_rcc.h ****   *         @arg @ref LL_RCC_PLLSAI1P_DIV_31
1072:Drivers/STM32WBxx_HAL_Driver/Inc/stm32wbxx_ll_rcc.h ****   *         @arg @ref LL_RCC_PLLSAI1P_DIV_32
1073:Drivers/STM32WBxx_HAL_Driver/Inc/stm32wbxx_ll_rcc.h ****   * @retval PLLSAI1 clock frequency (in Hz)
1074:Drivers/STM32WBxx_HAL_Driver/Inc/stm32wbxx_ll_rcc.h ****   */
1075:Drivers/STM32WBxx_HAL_Driver/Inc/stm32wbxx_ll_rcc.h **** #define __LL_RCC_CALC_PLLSAI1_SAI_FREQ(__INPUTFREQ__, __PLLM__, __PLLSAI1N__, __PLLSAI1P__) \
1076:Drivers/STM32WBxx_HAL_Driver/Inc/stm32wbxx_ll_rcc.h ****   ((__INPUTFREQ__) * (__PLLSAI1N__)  / ((((__PLLM__)>> RCC_PLLCFGR_PLLM_Pos) + 1U)) / \
1077:Drivers/STM32WBxx_HAL_Driver/Inc/stm32wbxx_ll_rcc.h ****    (((__PLLSAI1P__) >> RCC_PLLSAI1CFGR_PLLP_Pos) + 1U))
1078:Drivers/STM32WBxx_HAL_Driver/Inc/stm32wbxx_ll_rcc.h **** 
1079:Drivers/STM32WBxx_HAL_Driver/Inc/stm32wbxx_ll_rcc.h **** /**
1080:Drivers/STM32WBxx_HAL_Driver/Inc/stm32wbxx_ll_rcc.h ****   * @brief  Helper macro to calculate the PLLSAI1QCLK frequency used on 48M domain
1081:Drivers/STM32WBxx_HAL_Driver/Inc/stm32wbxx_ll_rcc.h ****   * @note ex: @ref __LL_RCC_CALC_PLLSAI1_48M_FREQ (HSE_VALUE,@ref LL_RCC_PLL_GetDivider (),
1082:Drivers/STM32WBxx_HAL_Driver/Inc/stm32wbxx_ll_rcc.h ****   *             @ref LL_RCC_PLLSAI1_GetN (), @ref LL_RCC_PLLSAI1_GetQ ());
1083:Drivers/STM32WBxx_HAL_Driver/Inc/stm32wbxx_ll_rcc.h ****   * @param  __INPUTFREQ__ PLL Input frequency (based on MSI/HSE/HSI)
1084:Drivers/STM32WBxx_HAL_Driver/Inc/stm32wbxx_ll_rcc.h ****   * @param  __PLLM__ This parameter can be one of the following values:
1085:Drivers/STM32WBxx_HAL_Driver/Inc/stm32wbxx_ll_rcc.h ****   *         @arg @ref LL_RCC_PLLM_DIV_1
1086:Drivers/STM32WBxx_HAL_Driver/Inc/stm32wbxx_ll_rcc.h ****   *         @arg @ref LL_RCC_PLLM_DIV_2
1087:Drivers/STM32WBxx_HAL_Driver/Inc/stm32wbxx_ll_rcc.h ****   *         @arg @ref LL_RCC_PLLM_DIV_3
1088:Drivers/STM32WBxx_HAL_Driver/Inc/stm32wbxx_ll_rcc.h ****   *         @arg @ref LL_RCC_PLLM_DIV_4
1089:Drivers/STM32WBxx_HAL_Driver/Inc/stm32wbxx_ll_rcc.h ****   *         @arg @ref LL_RCC_PLLM_DIV_5
1090:Drivers/STM32WBxx_HAL_Driver/Inc/stm32wbxx_ll_rcc.h ****   *         @arg @ref LL_RCC_PLLM_DIV_6
1091:Drivers/STM32WBxx_HAL_Driver/Inc/stm32wbxx_ll_rcc.h ****   *         @arg @ref LL_RCC_PLLM_DIV_7
1092:Drivers/STM32WBxx_HAL_Driver/Inc/stm32wbxx_ll_rcc.h ****   *         @arg @ref LL_RCC_PLLM_DIV_8
1093:Drivers/STM32WBxx_HAL_Driver/Inc/stm32wbxx_ll_rcc.h ****   * @param  __PLLSAI1N__ Between 6 and 127
1094:Drivers/STM32WBxx_HAL_Driver/Inc/stm32wbxx_ll_rcc.h ****   * @param  __PLLSAI1Q__ This parameter can be one of the following values:
1095:Drivers/STM32WBxx_HAL_Driver/Inc/stm32wbxx_ll_rcc.h ****   *         @arg @ref LL_RCC_PLLSAI1Q_DIV_2
1096:Drivers/STM32WBxx_HAL_Driver/Inc/stm32wbxx_ll_rcc.h ****   *         @arg @ref LL_RCC_PLLSAI1Q_DIV_3
1097:Drivers/STM32WBxx_HAL_Driver/Inc/stm32wbxx_ll_rcc.h ****   *         @arg @ref LL_RCC_PLLSAI1Q_DIV_4
1098:Drivers/STM32WBxx_HAL_Driver/Inc/stm32wbxx_ll_rcc.h ****   *         @arg @ref LL_RCC_PLLSAI1Q_DIV_5
1099:Drivers/STM32WBxx_HAL_Driver/Inc/stm32wbxx_ll_rcc.h ****   *         @arg @ref LL_RCC_PLLSAI1Q_DIV_6
1100:Drivers/STM32WBxx_HAL_Driver/Inc/stm32wbxx_ll_rcc.h ****   *         @arg @ref LL_RCC_PLLSAI1Q_DIV_7
1101:Drivers/STM32WBxx_HAL_Driver/Inc/stm32wbxx_ll_rcc.h ****   *         @arg @ref LL_RCC_PLLSAI1Q_DIV_8
1102:Drivers/STM32WBxx_HAL_Driver/Inc/stm32wbxx_ll_rcc.h ****   * @retval PLLSAI1 clock frequency (in Hz)
1103:Drivers/STM32WBxx_HAL_Driver/Inc/stm32wbxx_ll_rcc.h ****   */
1104:Drivers/STM32WBxx_HAL_Driver/Inc/stm32wbxx_ll_rcc.h **** #define __LL_RCC_CALC_PLLSAI1_48M_FREQ(__INPUTFREQ__, __PLLM__, __PLLSAI1N__, __PLLSAI1Q__) \
1105:Drivers/STM32WBxx_HAL_Driver/Inc/stm32wbxx_ll_rcc.h ****   ((__INPUTFREQ__) * (__PLLSAI1N__) / ((((__PLLM__)>> RCC_PLLCFGR_PLLM_Pos) + 1U)) / \
ARM GAS  C:\Users\bku598\AppData\Local\Temp\ccPOR4r7.s 			page 74


1106:Drivers/STM32WBxx_HAL_Driver/Inc/stm32wbxx_ll_rcc.h ****    (((__PLLSAI1Q__) >> RCC_PLLSAI1CFGR_PLLQ_Pos) + 1U))
1107:Drivers/STM32WBxx_HAL_Driver/Inc/stm32wbxx_ll_rcc.h **** 
1108:Drivers/STM32WBxx_HAL_Driver/Inc/stm32wbxx_ll_rcc.h **** /**
1109:Drivers/STM32WBxx_HAL_Driver/Inc/stm32wbxx_ll_rcc.h ****   * @brief  Helper macro to calculate the PLLSAI1RCLK frequency used on ADC domain
1110:Drivers/STM32WBxx_HAL_Driver/Inc/stm32wbxx_ll_rcc.h ****   * @note ex: @ref __LL_RCC_CALC_PLLSAI1_ADC_FREQ (HSE_VALUE,@ref LL_RCC_PLL_GetDivider (),
1111:Drivers/STM32WBxx_HAL_Driver/Inc/stm32wbxx_ll_rcc.h ****   *             @ref LL_RCC_PLLSAI1_GetN (), @ref LL_RCC_PLLSAI1_GetR ());
1112:Drivers/STM32WBxx_HAL_Driver/Inc/stm32wbxx_ll_rcc.h ****   * @param  __INPUTFREQ__ PLL Input frequency (based on MSI/HSE/HSI)
1113:Drivers/STM32WBxx_HAL_Driver/Inc/stm32wbxx_ll_rcc.h ****   * @param  __PLLM__ This parameter can be one of the following values:
1114:Drivers/STM32WBxx_HAL_Driver/Inc/stm32wbxx_ll_rcc.h ****   *         @arg @ref LL_RCC_PLLM_DIV_1
1115:Drivers/STM32WBxx_HAL_Driver/Inc/stm32wbxx_ll_rcc.h ****   *         @arg @ref LL_RCC_PLLM_DIV_2
1116:Drivers/STM32WBxx_HAL_Driver/Inc/stm32wbxx_ll_rcc.h ****   *         @arg @ref LL_RCC_PLLM_DIV_3
1117:Drivers/STM32WBxx_HAL_Driver/Inc/stm32wbxx_ll_rcc.h ****   *         @arg @ref LL_RCC_PLLM_DIV_4
1118:Drivers/STM32WBxx_HAL_Driver/Inc/stm32wbxx_ll_rcc.h ****   *         @arg @ref LL_RCC_PLLM_DIV_5
1119:Drivers/STM32WBxx_HAL_Driver/Inc/stm32wbxx_ll_rcc.h ****   *         @arg @ref LL_RCC_PLLM_DIV_6
1120:Drivers/STM32WBxx_HAL_Driver/Inc/stm32wbxx_ll_rcc.h ****   *         @arg @ref LL_RCC_PLLM_DIV_7
1121:Drivers/STM32WBxx_HAL_Driver/Inc/stm32wbxx_ll_rcc.h ****   *         @arg @ref LL_RCC_PLLM_DIV_8
1122:Drivers/STM32WBxx_HAL_Driver/Inc/stm32wbxx_ll_rcc.h ****   * @param  __PLLSAI1N__ Between 6 and 127
1123:Drivers/STM32WBxx_HAL_Driver/Inc/stm32wbxx_ll_rcc.h ****   * @param  __PLLSAI1R__ This parameter can be one of the following values:
1124:Drivers/STM32WBxx_HAL_Driver/Inc/stm32wbxx_ll_rcc.h ****   *         @arg @ref LL_RCC_PLLSAI1R_DIV_2
1125:Drivers/STM32WBxx_HAL_Driver/Inc/stm32wbxx_ll_rcc.h ****   *         @arg @ref LL_RCC_PLLSAI1R_DIV_3
1126:Drivers/STM32WBxx_HAL_Driver/Inc/stm32wbxx_ll_rcc.h ****   *         @arg @ref LL_RCC_PLLSAI1R_DIV_4
1127:Drivers/STM32WBxx_HAL_Driver/Inc/stm32wbxx_ll_rcc.h ****   *         @arg @ref LL_RCC_PLLSAI1R_DIV_5
1128:Drivers/STM32WBxx_HAL_Driver/Inc/stm32wbxx_ll_rcc.h ****   *         @arg @ref LL_RCC_PLLSAI1R_DIV_6
1129:Drivers/STM32WBxx_HAL_Driver/Inc/stm32wbxx_ll_rcc.h ****   *         @arg @ref LL_RCC_PLLSAI1R_DIV_7
1130:Drivers/STM32WBxx_HAL_Driver/Inc/stm32wbxx_ll_rcc.h ****   *         @arg @ref LL_RCC_PLLSAI1R_DIV_8
1131:Drivers/STM32WBxx_HAL_Driver/Inc/stm32wbxx_ll_rcc.h ****   * @retval PLLSAI1 clock frequency (in Hz)
1132:Drivers/STM32WBxx_HAL_Driver/Inc/stm32wbxx_ll_rcc.h ****   */
1133:Drivers/STM32WBxx_HAL_Driver/Inc/stm32wbxx_ll_rcc.h **** #define __LL_RCC_CALC_PLLSAI1_ADC_FREQ(__INPUTFREQ__, __PLLM__, __PLLSAI1N__, __PLLSAI1R__) \
1134:Drivers/STM32WBxx_HAL_Driver/Inc/stm32wbxx_ll_rcc.h ****   ((__INPUTFREQ__) * (__PLLSAI1N__) / ((((__PLLM__)>> RCC_PLLCFGR_PLLM_Pos) + 1U)) / \
1135:Drivers/STM32WBxx_HAL_Driver/Inc/stm32wbxx_ll_rcc.h ****    (((__PLLSAI1R__) >> RCC_PLLSAI1CFGR_PLLR_Pos) + 1U))
1136:Drivers/STM32WBxx_HAL_Driver/Inc/stm32wbxx_ll_rcc.h **** #endif /* SAI1 */
1137:Drivers/STM32WBxx_HAL_Driver/Inc/stm32wbxx_ll_rcc.h **** 
1138:Drivers/STM32WBxx_HAL_Driver/Inc/stm32wbxx_ll_rcc.h **** /**
1139:Drivers/STM32WBxx_HAL_Driver/Inc/stm32wbxx_ll_rcc.h ****   * @brief  Helper macro to calculate the HCLK1 frequency
1140:Drivers/STM32WBxx_HAL_Driver/Inc/stm32wbxx_ll_rcc.h ****   * @param  __SYSCLKFREQ__ SYSCLK frequency (based on MSI/HSE/HSI/PLLCLK)
1141:Drivers/STM32WBxx_HAL_Driver/Inc/stm32wbxx_ll_rcc.h ****   * @param  __CPU1PRESCALER__ This parameter can be one of the following values:
1142:Drivers/STM32WBxx_HAL_Driver/Inc/stm32wbxx_ll_rcc.h ****   *         @arg @ref LL_RCC_SYSCLK_DIV_1
1143:Drivers/STM32WBxx_HAL_Driver/Inc/stm32wbxx_ll_rcc.h ****   *         @arg @ref LL_RCC_SYSCLK_DIV_2
1144:Drivers/STM32WBxx_HAL_Driver/Inc/stm32wbxx_ll_rcc.h ****   *         @arg @ref LL_RCC_SYSCLK_DIV_3
1145:Drivers/STM32WBxx_HAL_Driver/Inc/stm32wbxx_ll_rcc.h ****   *         @arg @ref LL_RCC_SYSCLK_DIV_4
1146:Drivers/STM32WBxx_HAL_Driver/Inc/stm32wbxx_ll_rcc.h ****   *         @arg @ref LL_RCC_SYSCLK_DIV_5
1147:Drivers/STM32WBxx_HAL_Driver/Inc/stm32wbxx_ll_rcc.h ****   *         @arg @ref LL_RCC_SYSCLK_DIV_6
1148:Drivers/STM32WBxx_HAL_Driver/Inc/stm32wbxx_ll_rcc.h ****   *         @arg @ref LL_RCC_SYSCLK_DIV_8
1149:Drivers/STM32WBxx_HAL_Driver/Inc/stm32wbxx_ll_rcc.h ****   *         @arg @ref LL_RCC_SYSCLK_DIV_10
1150:Drivers/STM32WBxx_HAL_Driver/Inc/stm32wbxx_ll_rcc.h ****   *         @arg @ref LL_RCC_SYSCLK_DIV_16
1151:Drivers/STM32WBxx_HAL_Driver/Inc/stm32wbxx_ll_rcc.h ****   *         @arg @ref LL_RCC_SYSCLK_DIV_32
1152:Drivers/STM32WBxx_HAL_Driver/Inc/stm32wbxx_ll_rcc.h ****   *         @arg @ref LL_RCC_SYSCLK_DIV_64
1153:Drivers/STM32WBxx_HAL_Driver/Inc/stm32wbxx_ll_rcc.h ****   *         @arg @ref LL_RCC_SYSCLK_DIV_128
1154:Drivers/STM32WBxx_HAL_Driver/Inc/stm32wbxx_ll_rcc.h ****   *         @arg @ref LL_RCC_SYSCLK_DIV_256
1155:Drivers/STM32WBxx_HAL_Driver/Inc/stm32wbxx_ll_rcc.h ****   *         @arg @ref LL_RCC_SYSCLK_DIV_512
1156:Drivers/STM32WBxx_HAL_Driver/Inc/stm32wbxx_ll_rcc.h ****   * @retval HCLK1 clock frequency (in Hz)
1157:Drivers/STM32WBxx_HAL_Driver/Inc/stm32wbxx_ll_rcc.h ****   */
1158:Drivers/STM32WBxx_HAL_Driver/Inc/stm32wbxx_ll_rcc.h **** #define __LL_RCC_CALC_HCLK1_FREQ(__SYSCLKFREQ__,__CPU1PRESCALER__) ((__SYSCLKFREQ__) / AHBPrescTabl
1159:Drivers/STM32WBxx_HAL_Driver/Inc/stm32wbxx_ll_rcc.h ****                                                                     & RCC_CFGR_HPRE) >>  RCC_CFGR_H
1160:Drivers/STM32WBxx_HAL_Driver/Inc/stm32wbxx_ll_rcc.h **** 
1161:Drivers/STM32WBxx_HAL_Driver/Inc/stm32wbxx_ll_rcc.h **** /**
1162:Drivers/STM32WBxx_HAL_Driver/Inc/stm32wbxx_ll_rcc.h ****   * @brief  Helper macro to calculate the HCLK2 frequency
ARM GAS  C:\Users\bku598\AppData\Local\Temp\ccPOR4r7.s 			page 75


1163:Drivers/STM32WBxx_HAL_Driver/Inc/stm32wbxx_ll_rcc.h ****   * @param  __SYSCLKFREQ__ SYSCLK frequency (based on MSI/HSE/HSI/PLLCLK)
1164:Drivers/STM32WBxx_HAL_Driver/Inc/stm32wbxx_ll_rcc.h ****   * @param  __CPU2PRESCALER__ This parameter can be one of the following values:
1165:Drivers/STM32WBxx_HAL_Driver/Inc/stm32wbxx_ll_rcc.h ****   *         @arg @ref LL_RCC_SYSCLK_DIV_1
1166:Drivers/STM32WBxx_HAL_Driver/Inc/stm32wbxx_ll_rcc.h ****   *         @arg @ref LL_RCC_SYSCLK_DIV_2
1167:Drivers/STM32WBxx_HAL_Driver/Inc/stm32wbxx_ll_rcc.h ****   *         @arg @ref LL_RCC_SYSCLK_DIV_3
1168:Drivers/STM32WBxx_HAL_Driver/Inc/stm32wbxx_ll_rcc.h ****   *         @arg @ref LL_RCC_SYSCLK_DIV_4
1169:Drivers/STM32WBxx_HAL_Driver/Inc/stm32wbxx_ll_rcc.h ****   *         @arg @ref LL_RCC_SYSCLK_DIV_5
1170:Drivers/STM32WBxx_HAL_Driver/Inc/stm32wbxx_ll_rcc.h ****   *         @arg @ref LL_RCC_SYSCLK_DIV_6
1171:Drivers/STM32WBxx_HAL_Driver/Inc/stm32wbxx_ll_rcc.h ****   *         @arg @ref LL_RCC_SYSCLK_DIV_8
1172:Drivers/STM32WBxx_HAL_Driver/Inc/stm32wbxx_ll_rcc.h ****   *         @arg @ref LL_RCC_SYSCLK_DIV_10
1173:Drivers/STM32WBxx_HAL_Driver/Inc/stm32wbxx_ll_rcc.h ****   *         @arg @ref LL_RCC_SYSCLK_DIV_16
1174:Drivers/STM32WBxx_HAL_Driver/Inc/stm32wbxx_ll_rcc.h ****   *         @arg @ref LL_RCC_SYSCLK_DIV_32
1175:Drivers/STM32WBxx_HAL_Driver/Inc/stm32wbxx_ll_rcc.h ****   *         @arg @ref LL_RCC_SYSCLK_DIV_64
1176:Drivers/STM32WBxx_HAL_Driver/Inc/stm32wbxx_ll_rcc.h ****   *         @arg @ref LL_RCC_SYSCLK_DIV_128
1177:Drivers/STM32WBxx_HAL_Driver/Inc/stm32wbxx_ll_rcc.h ****   *         @arg @ref LL_RCC_SYSCLK_DIV_256
1178:Drivers/STM32WBxx_HAL_Driver/Inc/stm32wbxx_ll_rcc.h ****   *         @arg @ref LL_RCC_SYSCLK_DIV_512
1179:Drivers/STM32WBxx_HAL_Driver/Inc/stm32wbxx_ll_rcc.h ****   * @retval HCLK2 clock frequency (in Hz)
1180:Drivers/STM32WBxx_HAL_Driver/Inc/stm32wbxx_ll_rcc.h ****   */
1181:Drivers/STM32WBxx_HAL_Driver/Inc/stm32wbxx_ll_rcc.h **** #define __LL_RCC_CALC_HCLK2_FREQ(__SYSCLKFREQ__, __CPU2PRESCALER__) ((__SYSCLKFREQ__) / AHBPrescTab
1182:Drivers/STM32WBxx_HAL_Driver/Inc/stm32wbxx_ll_rcc.h ****                                                                      & RCC_EXTCFGR_C2HPRE) >>  RCC_
1183:Drivers/STM32WBxx_HAL_Driver/Inc/stm32wbxx_ll_rcc.h **** 
1184:Drivers/STM32WBxx_HAL_Driver/Inc/stm32wbxx_ll_rcc.h **** /**
1185:Drivers/STM32WBxx_HAL_Driver/Inc/stm32wbxx_ll_rcc.h ****   * @brief  Helper macro to calculate the HCLK4 frequency
1186:Drivers/STM32WBxx_HAL_Driver/Inc/stm32wbxx_ll_rcc.h ****   * @param  __SYSCLKFREQ__ SYSCLK frequency (based on MSI/HSE/HSI/PLLCLK)
1187:Drivers/STM32WBxx_HAL_Driver/Inc/stm32wbxx_ll_rcc.h ****   * @param  __AHB4PRESCALER__ This parameter can be one of the following values:
1188:Drivers/STM32WBxx_HAL_Driver/Inc/stm32wbxx_ll_rcc.h ****   *         @arg @ref LL_RCC_SYSCLK_DIV_1
1189:Drivers/STM32WBxx_HAL_Driver/Inc/stm32wbxx_ll_rcc.h ****   *         @arg @ref LL_RCC_SYSCLK_DIV_2
1190:Drivers/STM32WBxx_HAL_Driver/Inc/stm32wbxx_ll_rcc.h ****   *         @arg @ref LL_RCC_SYSCLK_DIV_3
1191:Drivers/STM32WBxx_HAL_Driver/Inc/stm32wbxx_ll_rcc.h ****   *         @arg @ref LL_RCC_SYSCLK_DIV_4
1192:Drivers/STM32WBxx_HAL_Driver/Inc/stm32wbxx_ll_rcc.h ****   *         @arg @ref LL_RCC_SYSCLK_DIV_5
1193:Drivers/STM32WBxx_HAL_Driver/Inc/stm32wbxx_ll_rcc.h ****   *         @arg @ref LL_RCC_SYSCLK_DIV_6
1194:Drivers/STM32WBxx_HAL_Driver/Inc/stm32wbxx_ll_rcc.h ****   *         @arg @ref LL_RCC_SYSCLK_DIV_8
1195:Drivers/STM32WBxx_HAL_Driver/Inc/stm32wbxx_ll_rcc.h ****   *         @arg @ref LL_RCC_SYSCLK_DIV_10
1196:Drivers/STM32WBxx_HAL_Driver/Inc/stm32wbxx_ll_rcc.h ****   *         @arg @ref LL_RCC_SYSCLK_DIV_16
1197:Drivers/STM32WBxx_HAL_Driver/Inc/stm32wbxx_ll_rcc.h ****   *         @arg @ref LL_RCC_SYSCLK_DIV_32
1198:Drivers/STM32WBxx_HAL_Driver/Inc/stm32wbxx_ll_rcc.h ****   *         @arg @ref LL_RCC_SYSCLK_DIV_64
1199:Drivers/STM32WBxx_HAL_Driver/Inc/stm32wbxx_ll_rcc.h ****   *         @arg @ref LL_RCC_SYSCLK_DIV_128
1200:Drivers/STM32WBxx_HAL_Driver/Inc/stm32wbxx_ll_rcc.h ****   *         @arg @ref LL_RCC_SYSCLK_DIV_256
1201:Drivers/STM32WBxx_HAL_Driver/Inc/stm32wbxx_ll_rcc.h ****   *         @arg @ref LL_RCC_SYSCLK_DIV_512
1202:Drivers/STM32WBxx_HAL_Driver/Inc/stm32wbxx_ll_rcc.h ****   * @retval HCLK4 clock frequency (in Hz)
1203:Drivers/STM32WBxx_HAL_Driver/Inc/stm32wbxx_ll_rcc.h ****   */
1204:Drivers/STM32WBxx_HAL_Driver/Inc/stm32wbxx_ll_rcc.h **** #define __LL_RCC_CALC_HCLK4_FREQ(__SYSCLKFREQ__, __AHB4PRESCALER__) ((__SYSCLKFREQ__) / AHBPrescTab
1205:Drivers/STM32WBxx_HAL_Driver/Inc/stm32wbxx_ll_rcc.h ****                                                                      & RCC_EXTCFGR_SHDHPRE) >>  RCC
1206:Drivers/STM32WBxx_HAL_Driver/Inc/stm32wbxx_ll_rcc.h **** 
1207:Drivers/STM32WBxx_HAL_Driver/Inc/stm32wbxx_ll_rcc.h **** 
1208:Drivers/STM32WBxx_HAL_Driver/Inc/stm32wbxx_ll_rcc.h **** /**
1209:Drivers/STM32WBxx_HAL_Driver/Inc/stm32wbxx_ll_rcc.h ****   * @brief  Helper macro to calculate the PCLK1 frequency (ABP1)
1210:Drivers/STM32WBxx_HAL_Driver/Inc/stm32wbxx_ll_rcc.h ****   * @param  __HCLKFREQ__ HCLK frequency
1211:Drivers/STM32WBxx_HAL_Driver/Inc/stm32wbxx_ll_rcc.h ****   * @param  __APB1PRESCALER__ This parameter can be one of the following values:
1212:Drivers/STM32WBxx_HAL_Driver/Inc/stm32wbxx_ll_rcc.h ****   *         @arg @ref LL_RCC_APB1_DIV_1
1213:Drivers/STM32WBxx_HAL_Driver/Inc/stm32wbxx_ll_rcc.h ****   *         @arg @ref LL_RCC_APB1_DIV_2
1214:Drivers/STM32WBxx_HAL_Driver/Inc/stm32wbxx_ll_rcc.h ****   *         @arg @ref LL_RCC_APB1_DIV_4
1215:Drivers/STM32WBxx_HAL_Driver/Inc/stm32wbxx_ll_rcc.h ****   *         @arg @ref LL_RCC_APB1_DIV_8
1216:Drivers/STM32WBxx_HAL_Driver/Inc/stm32wbxx_ll_rcc.h ****   *         @arg @ref LL_RCC_APB1_DIV_16
1217:Drivers/STM32WBxx_HAL_Driver/Inc/stm32wbxx_ll_rcc.h ****   * @retval PCLK1 clock frequency (in Hz)
1218:Drivers/STM32WBxx_HAL_Driver/Inc/stm32wbxx_ll_rcc.h ****   */
1219:Drivers/STM32WBxx_HAL_Driver/Inc/stm32wbxx_ll_rcc.h **** #define __LL_RCC_CALC_PCLK1_FREQ(__HCLKFREQ__, __APB1PRESCALER__) ((__HCLKFREQ__) >> (APBPrescTable
ARM GAS  C:\Users\bku598\AppData\Local\Temp\ccPOR4r7.s 			page 76


1220:Drivers/STM32WBxx_HAL_Driver/Inc/stm32wbxx_ll_rcc.h ****                                                                    & RCC_CFGR_PPRE1_Msk) >>  RCC_CF
1221:Drivers/STM32WBxx_HAL_Driver/Inc/stm32wbxx_ll_rcc.h **** 
1222:Drivers/STM32WBxx_HAL_Driver/Inc/stm32wbxx_ll_rcc.h **** /**
1223:Drivers/STM32WBxx_HAL_Driver/Inc/stm32wbxx_ll_rcc.h ****   * @brief  Helper macro to calculate the PCLK2 frequency (ABP2)
1224:Drivers/STM32WBxx_HAL_Driver/Inc/stm32wbxx_ll_rcc.h ****   * @param  __HCLKFREQ__ HCLK frequency
1225:Drivers/STM32WBxx_HAL_Driver/Inc/stm32wbxx_ll_rcc.h ****   * @param  __APB2PRESCALER__ This parameter can be one of the following values:
1226:Drivers/STM32WBxx_HAL_Driver/Inc/stm32wbxx_ll_rcc.h ****   *         @arg @ref LL_RCC_APB2_DIV_1
1227:Drivers/STM32WBxx_HAL_Driver/Inc/stm32wbxx_ll_rcc.h ****   *         @arg @ref LL_RCC_APB2_DIV_2
1228:Drivers/STM32WBxx_HAL_Driver/Inc/stm32wbxx_ll_rcc.h ****   *         @arg @ref LL_RCC_APB2_DIV_4
1229:Drivers/STM32WBxx_HAL_Driver/Inc/stm32wbxx_ll_rcc.h ****   *         @arg @ref LL_RCC_APB2_DIV_8
1230:Drivers/STM32WBxx_HAL_Driver/Inc/stm32wbxx_ll_rcc.h ****   *         @arg @ref LL_RCC_APB2_DIV_16
1231:Drivers/STM32WBxx_HAL_Driver/Inc/stm32wbxx_ll_rcc.h ****   * @retval PCLK2 clock frequency (in Hz)
1232:Drivers/STM32WBxx_HAL_Driver/Inc/stm32wbxx_ll_rcc.h ****   */
1233:Drivers/STM32WBxx_HAL_Driver/Inc/stm32wbxx_ll_rcc.h **** #define __LL_RCC_CALC_PCLK2_FREQ(__HCLKFREQ__, __APB2PRESCALER__) ((__HCLKFREQ__) >> (APBPrescTable
1234:Drivers/STM32WBxx_HAL_Driver/Inc/stm32wbxx_ll_rcc.h ****                                                                    & RCC_CFGR_PPRE2_Msk) >>  RCC_CF
1235:Drivers/STM32WBxx_HAL_Driver/Inc/stm32wbxx_ll_rcc.h **** 
1236:Drivers/STM32WBxx_HAL_Driver/Inc/stm32wbxx_ll_rcc.h **** /**
1237:Drivers/STM32WBxx_HAL_Driver/Inc/stm32wbxx_ll_rcc.h ****   * @brief  Helper macro to calculate the MSI frequency (in Hz)
1238:Drivers/STM32WBxx_HAL_Driver/Inc/stm32wbxx_ll_rcc.h ****   * @note __MSIRANGE__can be retrieved by @ref LL_RCC_MSI_GetRange()
1239:Drivers/STM32WBxx_HAL_Driver/Inc/stm32wbxx_ll_rcc.h ****   * @param  __MSIRANGE__ This parameter can be one of the following values:
1240:Drivers/STM32WBxx_HAL_Driver/Inc/stm32wbxx_ll_rcc.h ****   *         @arg @ref LL_RCC_MSIRANGE_0
1241:Drivers/STM32WBxx_HAL_Driver/Inc/stm32wbxx_ll_rcc.h ****   *         @arg @ref LL_RCC_MSIRANGE_1
1242:Drivers/STM32WBxx_HAL_Driver/Inc/stm32wbxx_ll_rcc.h ****   *         @arg @ref LL_RCC_MSIRANGE_2
1243:Drivers/STM32WBxx_HAL_Driver/Inc/stm32wbxx_ll_rcc.h ****   *         @arg @ref LL_RCC_MSIRANGE_3
1244:Drivers/STM32WBxx_HAL_Driver/Inc/stm32wbxx_ll_rcc.h ****   *         @arg @ref LL_RCC_MSIRANGE_4
1245:Drivers/STM32WBxx_HAL_Driver/Inc/stm32wbxx_ll_rcc.h ****   *         @arg @ref LL_RCC_MSIRANGE_5
1246:Drivers/STM32WBxx_HAL_Driver/Inc/stm32wbxx_ll_rcc.h ****   *         @arg @ref LL_RCC_MSIRANGE_6
1247:Drivers/STM32WBxx_HAL_Driver/Inc/stm32wbxx_ll_rcc.h ****   *         @arg @ref LL_RCC_MSIRANGE_7
1248:Drivers/STM32WBxx_HAL_Driver/Inc/stm32wbxx_ll_rcc.h ****   *         @arg @ref LL_RCC_MSIRANGE_8
1249:Drivers/STM32WBxx_HAL_Driver/Inc/stm32wbxx_ll_rcc.h ****   *         @arg @ref LL_RCC_MSIRANGE_9
1250:Drivers/STM32WBxx_HAL_Driver/Inc/stm32wbxx_ll_rcc.h ****   *         @arg @ref LL_RCC_MSIRANGE_10
1251:Drivers/STM32WBxx_HAL_Driver/Inc/stm32wbxx_ll_rcc.h ****   *         @arg @ref LL_RCC_MSIRANGE_11
1252:Drivers/STM32WBxx_HAL_Driver/Inc/stm32wbxx_ll_rcc.h ****   * @retval MSI clock frequency (in Hz)
1253:Drivers/STM32WBxx_HAL_Driver/Inc/stm32wbxx_ll_rcc.h ****   */
1254:Drivers/STM32WBxx_HAL_Driver/Inc/stm32wbxx_ll_rcc.h **** #define __LL_RCC_CALC_MSI_FREQ(__MSIRANGE__) MSIRangeTable[((__MSIRANGE__)\
1255:Drivers/STM32WBxx_HAL_Driver/Inc/stm32wbxx_ll_rcc.h ****                                                             & RCC_CR_MSIRANGE_Msk) >> RCC_CR_MSIRAN
1256:Drivers/STM32WBxx_HAL_Driver/Inc/stm32wbxx_ll_rcc.h **** /**
1257:Drivers/STM32WBxx_HAL_Driver/Inc/stm32wbxx_ll_rcc.h ****   * @}
1258:Drivers/STM32WBxx_HAL_Driver/Inc/stm32wbxx_ll_rcc.h ****   */
1259:Drivers/STM32WBxx_HAL_Driver/Inc/stm32wbxx_ll_rcc.h **** 
1260:Drivers/STM32WBxx_HAL_Driver/Inc/stm32wbxx_ll_rcc.h **** /**
1261:Drivers/STM32WBxx_HAL_Driver/Inc/stm32wbxx_ll_rcc.h ****   * @}
1262:Drivers/STM32WBxx_HAL_Driver/Inc/stm32wbxx_ll_rcc.h ****   */
1263:Drivers/STM32WBxx_HAL_Driver/Inc/stm32wbxx_ll_rcc.h **** 
1264:Drivers/STM32WBxx_HAL_Driver/Inc/stm32wbxx_ll_rcc.h **** /* Exported functions --------------------------------------------------------*/
1265:Drivers/STM32WBxx_HAL_Driver/Inc/stm32wbxx_ll_rcc.h **** /** @defgroup RCC_LL_Exported_Functions RCC Exported Functions
1266:Drivers/STM32WBxx_HAL_Driver/Inc/stm32wbxx_ll_rcc.h ****   * @{
1267:Drivers/STM32WBxx_HAL_Driver/Inc/stm32wbxx_ll_rcc.h ****   */
1268:Drivers/STM32WBxx_HAL_Driver/Inc/stm32wbxx_ll_rcc.h **** 
1269:Drivers/STM32WBxx_HAL_Driver/Inc/stm32wbxx_ll_rcc.h **** /** @defgroup RCC_LL_EF_HSE HSE
1270:Drivers/STM32WBxx_HAL_Driver/Inc/stm32wbxx_ll_rcc.h ****   * @{
1271:Drivers/STM32WBxx_HAL_Driver/Inc/stm32wbxx_ll_rcc.h ****   */
1272:Drivers/STM32WBxx_HAL_Driver/Inc/stm32wbxx_ll_rcc.h **** 
1273:Drivers/STM32WBxx_HAL_Driver/Inc/stm32wbxx_ll_rcc.h **** /**
1274:Drivers/STM32WBxx_HAL_Driver/Inc/stm32wbxx_ll_rcc.h ****   * @brief  Enable HSE sysclk and pll prescaler division by 2
1275:Drivers/STM32WBxx_HAL_Driver/Inc/stm32wbxx_ll_rcc.h ****   * @rmtoll CR           HSEPRE        LL_RCC_HSE_EnableDiv2
1276:Drivers/STM32WBxx_HAL_Driver/Inc/stm32wbxx_ll_rcc.h ****   * @retval None
ARM GAS  C:\Users\bku598\AppData\Local\Temp\ccPOR4r7.s 			page 77


1277:Drivers/STM32WBxx_HAL_Driver/Inc/stm32wbxx_ll_rcc.h ****   */
1278:Drivers/STM32WBxx_HAL_Driver/Inc/stm32wbxx_ll_rcc.h **** __STATIC_INLINE void LL_RCC_HSE_EnableDiv2(void)
1279:Drivers/STM32WBxx_HAL_Driver/Inc/stm32wbxx_ll_rcc.h **** {
1280:Drivers/STM32WBxx_HAL_Driver/Inc/stm32wbxx_ll_rcc.h ****   SET_BIT(RCC->CR, RCC_CR_HSEPRE);
1281:Drivers/STM32WBxx_HAL_Driver/Inc/stm32wbxx_ll_rcc.h **** }
1282:Drivers/STM32WBxx_HAL_Driver/Inc/stm32wbxx_ll_rcc.h **** 
1283:Drivers/STM32WBxx_HAL_Driver/Inc/stm32wbxx_ll_rcc.h **** /**
1284:Drivers/STM32WBxx_HAL_Driver/Inc/stm32wbxx_ll_rcc.h ****   * @brief  Disable HSE sysclk and pll prescaler
1285:Drivers/STM32WBxx_HAL_Driver/Inc/stm32wbxx_ll_rcc.h ****   * @rmtoll CR           HSEPRE        LL_RCC_HSE_DisableDiv2
1286:Drivers/STM32WBxx_HAL_Driver/Inc/stm32wbxx_ll_rcc.h ****   * @retval None
1287:Drivers/STM32WBxx_HAL_Driver/Inc/stm32wbxx_ll_rcc.h ****   */
1288:Drivers/STM32WBxx_HAL_Driver/Inc/stm32wbxx_ll_rcc.h **** __STATIC_INLINE void LL_RCC_HSE_DisableDiv2(void)
1289:Drivers/STM32WBxx_HAL_Driver/Inc/stm32wbxx_ll_rcc.h **** {
1290:Drivers/STM32WBxx_HAL_Driver/Inc/stm32wbxx_ll_rcc.h ****   CLEAR_BIT(RCC->CR, RCC_CR_HSEPRE);
1291:Drivers/STM32WBxx_HAL_Driver/Inc/stm32wbxx_ll_rcc.h **** }
1292:Drivers/STM32WBxx_HAL_Driver/Inc/stm32wbxx_ll_rcc.h **** 
1293:Drivers/STM32WBxx_HAL_Driver/Inc/stm32wbxx_ll_rcc.h **** /**
1294:Drivers/STM32WBxx_HAL_Driver/Inc/stm32wbxx_ll_rcc.h ****   * @brief  Get HSE sysclk and pll prescaler
1295:Drivers/STM32WBxx_HAL_Driver/Inc/stm32wbxx_ll_rcc.h ****   * @rmtoll CR           HSEPRE        LL_RCC_HSE_IsEnabledDiv2
1296:Drivers/STM32WBxx_HAL_Driver/Inc/stm32wbxx_ll_rcc.h ****   * @retval None
1297:Drivers/STM32WBxx_HAL_Driver/Inc/stm32wbxx_ll_rcc.h ****   */
1298:Drivers/STM32WBxx_HAL_Driver/Inc/stm32wbxx_ll_rcc.h **** __STATIC_INLINE uint32_t LL_RCC_HSE_IsEnabledDiv2(void)
1299:Drivers/STM32WBxx_HAL_Driver/Inc/stm32wbxx_ll_rcc.h **** {
1300:Drivers/STM32WBxx_HAL_Driver/Inc/stm32wbxx_ll_rcc.h ****   return ((READ_BIT(RCC->CR, RCC_CR_HSEPRE) == (RCC_CR_HSEPRE)) ? 1UL : 0UL);
1301:Drivers/STM32WBxx_HAL_Driver/Inc/stm32wbxx_ll_rcc.h **** }
1302:Drivers/STM32WBxx_HAL_Driver/Inc/stm32wbxx_ll_rcc.h **** 
1303:Drivers/STM32WBxx_HAL_Driver/Inc/stm32wbxx_ll_rcc.h **** /**
1304:Drivers/STM32WBxx_HAL_Driver/Inc/stm32wbxx_ll_rcc.h ****   * @brief  Enable the Clock Security System.
1305:Drivers/STM32WBxx_HAL_Driver/Inc/stm32wbxx_ll_rcc.h ****   * @rmtoll CR           CSSON         LL_RCC_HSE_EnableCSS
1306:Drivers/STM32WBxx_HAL_Driver/Inc/stm32wbxx_ll_rcc.h ****   * @retval None
1307:Drivers/STM32WBxx_HAL_Driver/Inc/stm32wbxx_ll_rcc.h ****   */
1308:Drivers/STM32WBxx_HAL_Driver/Inc/stm32wbxx_ll_rcc.h **** __STATIC_INLINE void LL_RCC_HSE_EnableCSS(void)
1309:Drivers/STM32WBxx_HAL_Driver/Inc/stm32wbxx_ll_rcc.h **** {
1310:Drivers/STM32WBxx_HAL_Driver/Inc/stm32wbxx_ll_rcc.h ****   SET_BIT(RCC->CR, RCC_CR_CSSON);
1311:Drivers/STM32WBxx_HAL_Driver/Inc/stm32wbxx_ll_rcc.h **** }
1312:Drivers/STM32WBxx_HAL_Driver/Inc/stm32wbxx_ll_rcc.h **** 
1313:Drivers/STM32WBxx_HAL_Driver/Inc/stm32wbxx_ll_rcc.h **** /**
1314:Drivers/STM32WBxx_HAL_Driver/Inc/stm32wbxx_ll_rcc.h ****   * @brief  Enable HSE crystal oscillator (HSE ON)
1315:Drivers/STM32WBxx_HAL_Driver/Inc/stm32wbxx_ll_rcc.h ****   * @rmtoll CR           HSEON         LL_RCC_HSE_Enable
1316:Drivers/STM32WBxx_HAL_Driver/Inc/stm32wbxx_ll_rcc.h ****   * @retval None
1317:Drivers/STM32WBxx_HAL_Driver/Inc/stm32wbxx_ll_rcc.h ****   */
1318:Drivers/STM32WBxx_HAL_Driver/Inc/stm32wbxx_ll_rcc.h **** __STATIC_INLINE void LL_RCC_HSE_Enable(void)
1319:Drivers/STM32WBxx_HAL_Driver/Inc/stm32wbxx_ll_rcc.h **** {
1320:Drivers/STM32WBxx_HAL_Driver/Inc/stm32wbxx_ll_rcc.h ****   SET_BIT(RCC->CR, RCC_CR_HSEON);
1321:Drivers/STM32WBxx_HAL_Driver/Inc/stm32wbxx_ll_rcc.h **** }
1322:Drivers/STM32WBxx_HAL_Driver/Inc/stm32wbxx_ll_rcc.h **** 
1323:Drivers/STM32WBxx_HAL_Driver/Inc/stm32wbxx_ll_rcc.h **** /**
1324:Drivers/STM32WBxx_HAL_Driver/Inc/stm32wbxx_ll_rcc.h ****   * @brief  Disable HSE crystal oscillator (HSE ON)
1325:Drivers/STM32WBxx_HAL_Driver/Inc/stm32wbxx_ll_rcc.h ****   * @rmtoll CR           HSEON         LL_RCC_HSE_Disable
1326:Drivers/STM32WBxx_HAL_Driver/Inc/stm32wbxx_ll_rcc.h ****   * @retval None
1327:Drivers/STM32WBxx_HAL_Driver/Inc/stm32wbxx_ll_rcc.h ****   */
1328:Drivers/STM32WBxx_HAL_Driver/Inc/stm32wbxx_ll_rcc.h **** __STATIC_INLINE void LL_RCC_HSE_Disable(void)
1329:Drivers/STM32WBxx_HAL_Driver/Inc/stm32wbxx_ll_rcc.h **** {
1330:Drivers/STM32WBxx_HAL_Driver/Inc/stm32wbxx_ll_rcc.h ****   CLEAR_BIT(RCC->CR, RCC_CR_HSEON);
1331:Drivers/STM32WBxx_HAL_Driver/Inc/stm32wbxx_ll_rcc.h **** }
1332:Drivers/STM32WBxx_HAL_Driver/Inc/stm32wbxx_ll_rcc.h **** 
1333:Drivers/STM32WBxx_HAL_Driver/Inc/stm32wbxx_ll_rcc.h **** /**
ARM GAS  C:\Users\bku598\AppData\Local\Temp\ccPOR4r7.s 			page 78


1334:Drivers/STM32WBxx_HAL_Driver/Inc/stm32wbxx_ll_rcc.h ****   * @brief  Check if HSE oscillator Ready
1335:Drivers/STM32WBxx_HAL_Driver/Inc/stm32wbxx_ll_rcc.h ****   * @rmtoll CR           HSERDY        LL_RCC_HSE_IsReady
1336:Drivers/STM32WBxx_HAL_Driver/Inc/stm32wbxx_ll_rcc.h ****   * @retval State of bit (1 or 0).
1337:Drivers/STM32WBxx_HAL_Driver/Inc/stm32wbxx_ll_rcc.h ****   */
1338:Drivers/STM32WBxx_HAL_Driver/Inc/stm32wbxx_ll_rcc.h **** __STATIC_INLINE uint32_t LL_RCC_HSE_IsReady(void)
1339:Drivers/STM32WBxx_HAL_Driver/Inc/stm32wbxx_ll_rcc.h **** {
1340:Drivers/STM32WBxx_HAL_Driver/Inc/stm32wbxx_ll_rcc.h ****   return ((READ_BIT(RCC->CR, RCC_CR_HSERDY) == (RCC_CR_HSERDY)) ? 1UL : 0UL);
1341:Drivers/STM32WBxx_HAL_Driver/Inc/stm32wbxx_ll_rcc.h **** }
1342:Drivers/STM32WBxx_HAL_Driver/Inc/stm32wbxx_ll_rcc.h **** 
1343:Drivers/STM32WBxx_HAL_Driver/Inc/stm32wbxx_ll_rcc.h **** /**
1344:Drivers/STM32WBxx_HAL_Driver/Inc/stm32wbxx_ll_rcc.h ****   * @brief  Check if HSE clock control register is locked or not
1345:Drivers/STM32WBxx_HAL_Driver/Inc/stm32wbxx_ll_rcc.h ****   * @rmtoll HSECR           UNLOCKED        LL_RCC_HSE_IsClockControlLocked
1346:Drivers/STM32WBxx_HAL_Driver/Inc/stm32wbxx_ll_rcc.h ****   * @retval State of bit (1 or 0).
1347:Drivers/STM32WBxx_HAL_Driver/Inc/stm32wbxx_ll_rcc.h ****   */
1348:Drivers/STM32WBxx_HAL_Driver/Inc/stm32wbxx_ll_rcc.h **** __STATIC_INLINE uint32_t LL_RCC_HSE_IsClockControlLocked(void)
1349:Drivers/STM32WBxx_HAL_Driver/Inc/stm32wbxx_ll_rcc.h **** {
1350:Drivers/STM32WBxx_HAL_Driver/Inc/stm32wbxx_ll_rcc.h ****   return ((READ_BIT(RCC->HSECR, RCC_HSECR_UNLOCKED) != (RCC_HSECR_UNLOCKED)) ? 1UL : 0UL);
1351:Drivers/STM32WBxx_HAL_Driver/Inc/stm32wbxx_ll_rcc.h **** }
1352:Drivers/STM32WBxx_HAL_Driver/Inc/stm32wbxx_ll_rcc.h **** 
1353:Drivers/STM32WBxx_HAL_Driver/Inc/stm32wbxx_ll_rcc.h **** /**
1354:Drivers/STM32WBxx_HAL_Driver/Inc/stm32wbxx_ll_rcc.h ****   * @brief  Set HSE capacitor tuning
1355:Drivers/STM32WBxx_HAL_Driver/Inc/stm32wbxx_ll_rcc.h ****   * @rmtoll HSECR        HSETUNE       LL_RCC_HSE_SetCapacitorTuning
1356:Drivers/STM32WBxx_HAL_Driver/Inc/stm32wbxx_ll_rcc.h ****   * @param  Value Between Min_Data = 0 and Max_Data = 63
1357:Drivers/STM32WBxx_HAL_Driver/Inc/stm32wbxx_ll_rcc.h ****   * @retval None
1358:Drivers/STM32WBxx_HAL_Driver/Inc/stm32wbxx_ll_rcc.h ****   */
1359:Drivers/STM32WBxx_HAL_Driver/Inc/stm32wbxx_ll_rcc.h **** __STATIC_INLINE void LL_RCC_HSE_SetCapacitorTuning(uint32_t Value)
1360:Drivers/STM32WBxx_HAL_Driver/Inc/stm32wbxx_ll_rcc.h **** {
1361:Drivers/STM32WBxx_HAL_Driver/Inc/stm32wbxx_ll_rcc.h ****   WRITE_REG(RCC->HSECR, HSE_CONTROL_UNLOCK_KEY);
1362:Drivers/STM32WBxx_HAL_Driver/Inc/stm32wbxx_ll_rcc.h ****   MODIFY_REG(RCC->HSECR, RCC_HSECR_HSETUNE, Value << RCC_HSECR_HSETUNE_Pos);
1363:Drivers/STM32WBxx_HAL_Driver/Inc/stm32wbxx_ll_rcc.h **** }
1364:Drivers/STM32WBxx_HAL_Driver/Inc/stm32wbxx_ll_rcc.h **** 
1365:Drivers/STM32WBxx_HAL_Driver/Inc/stm32wbxx_ll_rcc.h **** /**
1366:Drivers/STM32WBxx_HAL_Driver/Inc/stm32wbxx_ll_rcc.h ****   * @brief  Get HSE capacitor tuning
1367:Drivers/STM32WBxx_HAL_Driver/Inc/stm32wbxx_ll_rcc.h ****   * @rmtoll HSECR        HSETUNE       LL_RCC_HSE_GetCapacitorTuning
1368:Drivers/STM32WBxx_HAL_Driver/Inc/stm32wbxx_ll_rcc.h ****   * @retval Between Min_Data = 0 and Max_Data = 63
1369:Drivers/STM32WBxx_HAL_Driver/Inc/stm32wbxx_ll_rcc.h ****   */
1370:Drivers/STM32WBxx_HAL_Driver/Inc/stm32wbxx_ll_rcc.h **** __STATIC_INLINE uint32_t LL_RCC_HSE_GetCapacitorTuning(void)
1371:Drivers/STM32WBxx_HAL_Driver/Inc/stm32wbxx_ll_rcc.h **** {
1372:Drivers/STM32WBxx_HAL_Driver/Inc/stm32wbxx_ll_rcc.h ****   return (uint32_t)(READ_BIT(RCC->HSECR, RCC_HSECR_HSETUNE) >> RCC_HSECR_HSETUNE_Pos);
1373:Drivers/STM32WBxx_HAL_Driver/Inc/stm32wbxx_ll_rcc.h **** }
1374:Drivers/STM32WBxx_HAL_Driver/Inc/stm32wbxx_ll_rcc.h **** 
1375:Drivers/STM32WBxx_HAL_Driver/Inc/stm32wbxx_ll_rcc.h **** /**
1376:Drivers/STM32WBxx_HAL_Driver/Inc/stm32wbxx_ll_rcc.h ****   * @brief  Set HSE current control
1377:Drivers/STM32WBxx_HAL_Driver/Inc/stm32wbxx_ll_rcc.h ****   * @rmtoll HSECR        HSEGMC       LL_RCC_HSE_SetCurrentControl
1378:Drivers/STM32WBxx_HAL_Driver/Inc/stm32wbxx_ll_rcc.h ****   * @param  CurrentMax This parameter can be one of the following values:
1379:Drivers/STM32WBxx_HAL_Driver/Inc/stm32wbxx_ll_rcc.h ****   *         @arg @ref LL_RCC_HSE_CURRENTMAX_0
1380:Drivers/STM32WBxx_HAL_Driver/Inc/stm32wbxx_ll_rcc.h ****   *         @arg @ref LL_RCC_HSE_CURRENTMAX_1
1381:Drivers/STM32WBxx_HAL_Driver/Inc/stm32wbxx_ll_rcc.h ****   *         @arg @ref LL_RCC_HSE_CURRENTMAX_2
1382:Drivers/STM32WBxx_HAL_Driver/Inc/stm32wbxx_ll_rcc.h ****   *         @arg @ref LL_RCC_HSE_CURRENTMAX_3
1383:Drivers/STM32WBxx_HAL_Driver/Inc/stm32wbxx_ll_rcc.h ****   *         @arg @ref LL_RCC_HSE_CURRENTMAX_4
1384:Drivers/STM32WBxx_HAL_Driver/Inc/stm32wbxx_ll_rcc.h ****   *         @arg @ref LL_RCC_HSE_CURRENTMAX_5
1385:Drivers/STM32WBxx_HAL_Driver/Inc/stm32wbxx_ll_rcc.h ****   *         @arg @ref LL_RCC_HSE_CURRENTMAX_6
1386:Drivers/STM32WBxx_HAL_Driver/Inc/stm32wbxx_ll_rcc.h ****   *         @arg @ref LL_RCC_HSE_CURRENTMAX_7
1387:Drivers/STM32WBxx_HAL_Driver/Inc/stm32wbxx_ll_rcc.h ****   */
1388:Drivers/STM32WBxx_HAL_Driver/Inc/stm32wbxx_ll_rcc.h **** __STATIC_INLINE void LL_RCC_HSE_SetCurrentControl(uint32_t CurrentMax)
1389:Drivers/STM32WBxx_HAL_Driver/Inc/stm32wbxx_ll_rcc.h **** {
1390:Drivers/STM32WBxx_HAL_Driver/Inc/stm32wbxx_ll_rcc.h ****   WRITE_REG(RCC->HSECR, HSE_CONTROL_UNLOCK_KEY);
ARM GAS  C:\Users\bku598\AppData\Local\Temp\ccPOR4r7.s 			page 79


1391:Drivers/STM32WBxx_HAL_Driver/Inc/stm32wbxx_ll_rcc.h ****   MODIFY_REG(RCC->HSECR, RCC_HSECR_HSEGMC, CurrentMax);
1392:Drivers/STM32WBxx_HAL_Driver/Inc/stm32wbxx_ll_rcc.h **** }
1393:Drivers/STM32WBxx_HAL_Driver/Inc/stm32wbxx_ll_rcc.h **** 
1394:Drivers/STM32WBxx_HAL_Driver/Inc/stm32wbxx_ll_rcc.h **** /**
1395:Drivers/STM32WBxx_HAL_Driver/Inc/stm32wbxx_ll_rcc.h ****   * @brief  Get HSE current control
1396:Drivers/STM32WBxx_HAL_Driver/Inc/stm32wbxx_ll_rcc.h ****   * @rmtoll HSECR        HSEGMC       LL_RCC_HSE_GetCurrentControl
1397:Drivers/STM32WBxx_HAL_Driver/Inc/stm32wbxx_ll_rcc.h ****   * @retval Returned value can be one of the following values:
1398:Drivers/STM32WBxx_HAL_Driver/Inc/stm32wbxx_ll_rcc.h ****   *         @arg @ref LL_RCC_HSE_CURRENTMAX_0
1399:Drivers/STM32WBxx_HAL_Driver/Inc/stm32wbxx_ll_rcc.h ****   *         @arg @ref LL_RCC_HSE_CURRENTMAX_1
1400:Drivers/STM32WBxx_HAL_Driver/Inc/stm32wbxx_ll_rcc.h ****   *         @arg @ref LL_RCC_HSE_CURRENTMAX_2
1401:Drivers/STM32WBxx_HAL_Driver/Inc/stm32wbxx_ll_rcc.h ****   *         @arg @ref LL_RCC_HSE_CURRENTMAX_3
1402:Drivers/STM32WBxx_HAL_Driver/Inc/stm32wbxx_ll_rcc.h ****   *         @arg @ref LL_RCC_HSE_CURRENTMAX_4
1403:Drivers/STM32WBxx_HAL_Driver/Inc/stm32wbxx_ll_rcc.h ****   *         @arg @ref LL_RCC_HSE_CURRENTMAX_5
1404:Drivers/STM32WBxx_HAL_Driver/Inc/stm32wbxx_ll_rcc.h ****   *         @arg @ref LL_RCC_HSE_CURRENTMAX_6
1405:Drivers/STM32WBxx_HAL_Driver/Inc/stm32wbxx_ll_rcc.h ****   *         @arg @ref LL_RCC_HSE_CURRENTMAX_7
1406:Drivers/STM32WBxx_HAL_Driver/Inc/stm32wbxx_ll_rcc.h ****   */
1407:Drivers/STM32WBxx_HAL_Driver/Inc/stm32wbxx_ll_rcc.h **** __STATIC_INLINE uint32_t LL_RCC_HSE_GetCurrentControl(void)
1408:Drivers/STM32WBxx_HAL_Driver/Inc/stm32wbxx_ll_rcc.h **** {
1409:Drivers/STM32WBxx_HAL_Driver/Inc/stm32wbxx_ll_rcc.h ****   return (uint32_t)(READ_BIT(RCC->HSECR, RCC_HSECR_HSEGMC));
1410:Drivers/STM32WBxx_HAL_Driver/Inc/stm32wbxx_ll_rcc.h **** }
1411:Drivers/STM32WBxx_HAL_Driver/Inc/stm32wbxx_ll_rcc.h **** 
1412:Drivers/STM32WBxx_HAL_Driver/Inc/stm32wbxx_ll_rcc.h **** /**
1413:Drivers/STM32WBxx_HAL_Driver/Inc/stm32wbxx_ll_rcc.h ****   * @brief  Set HSE sense amplifier threshold
1414:Drivers/STM32WBxx_HAL_Driver/Inc/stm32wbxx_ll_rcc.h ****   * @rmtoll HSECR        HSES       LL_RCC_HSE_SetSenseAmplifier
1415:Drivers/STM32WBxx_HAL_Driver/Inc/stm32wbxx_ll_rcc.h ****   * @param  SenseAmplifier This parameter can be one of the following values:
1416:Drivers/STM32WBxx_HAL_Driver/Inc/stm32wbxx_ll_rcc.h ****   *         @arg @ref LL_RCC_HSEAMPTHRESHOLD_1_2
1417:Drivers/STM32WBxx_HAL_Driver/Inc/stm32wbxx_ll_rcc.h ****   *         @arg @ref LL_RCC_HSEAMPTHRESHOLD_3_4
1418:Drivers/STM32WBxx_HAL_Driver/Inc/stm32wbxx_ll_rcc.h ****   */
1419:Drivers/STM32WBxx_HAL_Driver/Inc/stm32wbxx_ll_rcc.h **** __STATIC_INLINE void LL_RCC_HSE_SetSenseAmplifier(uint32_t SenseAmplifier)
1420:Drivers/STM32WBxx_HAL_Driver/Inc/stm32wbxx_ll_rcc.h **** {
1421:Drivers/STM32WBxx_HAL_Driver/Inc/stm32wbxx_ll_rcc.h ****   WRITE_REG(RCC->HSECR, HSE_CONTROL_UNLOCK_KEY);
1422:Drivers/STM32WBxx_HAL_Driver/Inc/stm32wbxx_ll_rcc.h ****   MODIFY_REG(RCC->HSECR, RCC_HSECR_HSES, SenseAmplifier);
1423:Drivers/STM32WBxx_HAL_Driver/Inc/stm32wbxx_ll_rcc.h **** }
1424:Drivers/STM32WBxx_HAL_Driver/Inc/stm32wbxx_ll_rcc.h **** 
1425:Drivers/STM32WBxx_HAL_Driver/Inc/stm32wbxx_ll_rcc.h **** /**
1426:Drivers/STM32WBxx_HAL_Driver/Inc/stm32wbxx_ll_rcc.h ****   * @brief  Get HSE current control
1427:Drivers/STM32WBxx_HAL_Driver/Inc/stm32wbxx_ll_rcc.h ****   * @rmtoll HSECR        HSES       LL_RCC_HSE_GetSenseAmplifier
1428:Drivers/STM32WBxx_HAL_Driver/Inc/stm32wbxx_ll_rcc.h ****   * @retval Returned value can be one of the following values:
1429:Drivers/STM32WBxx_HAL_Driver/Inc/stm32wbxx_ll_rcc.h ****   *         @arg @ref LL_RCC_HSEAMPTHRESHOLD_1_2
1430:Drivers/STM32WBxx_HAL_Driver/Inc/stm32wbxx_ll_rcc.h ****   *         @arg @ref LL_RCC_HSEAMPTHRESHOLD_3_4
1431:Drivers/STM32WBxx_HAL_Driver/Inc/stm32wbxx_ll_rcc.h ****   */
1432:Drivers/STM32WBxx_HAL_Driver/Inc/stm32wbxx_ll_rcc.h **** __STATIC_INLINE uint32_t LL_RCC_HSE_GetSenseAmplifier(void)
1433:Drivers/STM32WBxx_HAL_Driver/Inc/stm32wbxx_ll_rcc.h **** {
1434:Drivers/STM32WBxx_HAL_Driver/Inc/stm32wbxx_ll_rcc.h ****   return (uint32_t)(READ_BIT(RCC->HSECR, RCC_HSECR_HSES));
1435:Drivers/STM32WBxx_HAL_Driver/Inc/stm32wbxx_ll_rcc.h **** }
1436:Drivers/STM32WBxx_HAL_Driver/Inc/stm32wbxx_ll_rcc.h **** /**
1437:Drivers/STM32WBxx_HAL_Driver/Inc/stm32wbxx_ll_rcc.h ****   * @}
1438:Drivers/STM32WBxx_HAL_Driver/Inc/stm32wbxx_ll_rcc.h ****   */
1439:Drivers/STM32WBxx_HAL_Driver/Inc/stm32wbxx_ll_rcc.h **** 
1440:Drivers/STM32WBxx_HAL_Driver/Inc/stm32wbxx_ll_rcc.h **** /** @defgroup RCC_LL_EF_HSI HSI
1441:Drivers/STM32WBxx_HAL_Driver/Inc/stm32wbxx_ll_rcc.h ****   * @{
1442:Drivers/STM32WBxx_HAL_Driver/Inc/stm32wbxx_ll_rcc.h ****   */
1443:Drivers/STM32WBxx_HAL_Driver/Inc/stm32wbxx_ll_rcc.h **** 
1444:Drivers/STM32WBxx_HAL_Driver/Inc/stm32wbxx_ll_rcc.h **** /**
1445:Drivers/STM32WBxx_HAL_Driver/Inc/stm32wbxx_ll_rcc.h ****   * @brief  Enable HSI even in stop mode
1446:Drivers/STM32WBxx_HAL_Driver/Inc/stm32wbxx_ll_rcc.h ****   * @note HSI oscillator is forced ON even in Stop mode
1447:Drivers/STM32WBxx_HAL_Driver/Inc/stm32wbxx_ll_rcc.h ****   * @rmtoll CR           HSIKERON      LL_RCC_HSI_EnableInStopMode
ARM GAS  C:\Users\bku598\AppData\Local\Temp\ccPOR4r7.s 			page 80


1448:Drivers/STM32WBxx_HAL_Driver/Inc/stm32wbxx_ll_rcc.h ****   * @retval None
1449:Drivers/STM32WBxx_HAL_Driver/Inc/stm32wbxx_ll_rcc.h ****   */
1450:Drivers/STM32WBxx_HAL_Driver/Inc/stm32wbxx_ll_rcc.h **** __STATIC_INLINE void LL_RCC_HSI_EnableInStopMode(void)
1451:Drivers/STM32WBxx_HAL_Driver/Inc/stm32wbxx_ll_rcc.h **** {
1452:Drivers/STM32WBxx_HAL_Driver/Inc/stm32wbxx_ll_rcc.h ****   SET_BIT(RCC->CR, RCC_CR_HSIKERON);
1453:Drivers/STM32WBxx_HAL_Driver/Inc/stm32wbxx_ll_rcc.h **** }
1454:Drivers/STM32WBxx_HAL_Driver/Inc/stm32wbxx_ll_rcc.h **** 
1455:Drivers/STM32WBxx_HAL_Driver/Inc/stm32wbxx_ll_rcc.h **** /**
1456:Drivers/STM32WBxx_HAL_Driver/Inc/stm32wbxx_ll_rcc.h ****   * @brief  Disable HSI in stop mode
1457:Drivers/STM32WBxx_HAL_Driver/Inc/stm32wbxx_ll_rcc.h ****   * @rmtoll CR           HSIKERON      LL_RCC_HSI_DisableInStopMode
1458:Drivers/STM32WBxx_HAL_Driver/Inc/stm32wbxx_ll_rcc.h ****   * @retval None
1459:Drivers/STM32WBxx_HAL_Driver/Inc/stm32wbxx_ll_rcc.h ****   */
1460:Drivers/STM32WBxx_HAL_Driver/Inc/stm32wbxx_ll_rcc.h **** __STATIC_INLINE void LL_RCC_HSI_DisableInStopMode(void)
1461:Drivers/STM32WBxx_HAL_Driver/Inc/stm32wbxx_ll_rcc.h **** {
1462:Drivers/STM32WBxx_HAL_Driver/Inc/stm32wbxx_ll_rcc.h ****   CLEAR_BIT(RCC->CR, RCC_CR_HSIKERON);
1463:Drivers/STM32WBxx_HAL_Driver/Inc/stm32wbxx_ll_rcc.h **** }
1464:Drivers/STM32WBxx_HAL_Driver/Inc/stm32wbxx_ll_rcc.h **** 
1465:Drivers/STM32WBxx_HAL_Driver/Inc/stm32wbxx_ll_rcc.h **** /**
1466:Drivers/STM32WBxx_HAL_Driver/Inc/stm32wbxx_ll_rcc.h ****   * @brief  Check if HSI in stop mode is ready
1467:Drivers/STM32WBxx_HAL_Driver/Inc/stm32wbxx_ll_rcc.h ****   * @rmtoll CR           HSIKERON        LL_RCC_HSI_IsEnabledInStopMode
1468:Drivers/STM32WBxx_HAL_Driver/Inc/stm32wbxx_ll_rcc.h ****   * @retval State of bit (1 or 0).
1469:Drivers/STM32WBxx_HAL_Driver/Inc/stm32wbxx_ll_rcc.h ****   */
1470:Drivers/STM32WBxx_HAL_Driver/Inc/stm32wbxx_ll_rcc.h **** __STATIC_INLINE uint32_t LL_RCC_HSI_IsEnabledInStopMode(void)
1471:Drivers/STM32WBxx_HAL_Driver/Inc/stm32wbxx_ll_rcc.h **** {
1472:Drivers/STM32WBxx_HAL_Driver/Inc/stm32wbxx_ll_rcc.h ****   return ((READ_BIT(RCC->CR, RCC_CR_HSIKERON) == (RCC_CR_HSIKERON)) ? 1UL : 0UL);
1473:Drivers/STM32WBxx_HAL_Driver/Inc/stm32wbxx_ll_rcc.h **** }
1474:Drivers/STM32WBxx_HAL_Driver/Inc/stm32wbxx_ll_rcc.h **** 
1475:Drivers/STM32WBxx_HAL_Driver/Inc/stm32wbxx_ll_rcc.h **** /**
1476:Drivers/STM32WBxx_HAL_Driver/Inc/stm32wbxx_ll_rcc.h ****   * @brief  Enable HSI oscillator
1477:Drivers/STM32WBxx_HAL_Driver/Inc/stm32wbxx_ll_rcc.h ****   * @rmtoll CR           HSION         LL_RCC_HSI_Enable
1478:Drivers/STM32WBxx_HAL_Driver/Inc/stm32wbxx_ll_rcc.h ****   * @retval None
1479:Drivers/STM32WBxx_HAL_Driver/Inc/stm32wbxx_ll_rcc.h ****   */
1480:Drivers/STM32WBxx_HAL_Driver/Inc/stm32wbxx_ll_rcc.h **** __STATIC_INLINE void LL_RCC_HSI_Enable(void)
1481:Drivers/STM32WBxx_HAL_Driver/Inc/stm32wbxx_ll_rcc.h **** {
1482:Drivers/STM32WBxx_HAL_Driver/Inc/stm32wbxx_ll_rcc.h ****   SET_BIT(RCC->CR, RCC_CR_HSION);
1483:Drivers/STM32WBxx_HAL_Driver/Inc/stm32wbxx_ll_rcc.h **** }
1484:Drivers/STM32WBxx_HAL_Driver/Inc/stm32wbxx_ll_rcc.h **** 
1485:Drivers/STM32WBxx_HAL_Driver/Inc/stm32wbxx_ll_rcc.h **** /**
1486:Drivers/STM32WBxx_HAL_Driver/Inc/stm32wbxx_ll_rcc.h ****   * @brief  Disable HSI oscillator
1487:Drivers/STM32WBxx_HAL_Driver/Inc/stm32wbxx_ll_rcc.h ****   * @rmtoll CR           HSION         LL_RCC_HSI_Disable
1488:Drivers/STM32WBxx_HAL_Driver/Inc/stm32wbxx_ll_rcc.h ****   * @retval None
1489:Drivers/STM32WBxx_HAL_Driver/Inc/stm32wbxx_ll_rcc.h ****   */
1490:Drivers/STM32WBxx_HAL_Driver/Inc/stm32wbxx_ll_rcc.h **** __STATIC_INLINE void LL_RCC_HSI_Disable(void)
1491:Drivers/STM32WBxx_HAL_Driver/Inc/stm32wbxx_ll_rcc.h **** {
1492:Drivers/STM32WBxx_HAL_Driver/Inc/stm32wbxx_ll_rcc.h ****   CLEAR_BIT(RCC->CR, RCC_CR_HSION);
1493:Drivers/STM32WBxx_HAL_Driver/Inc/stm32wbxx_ll_rcc.h **** }
1494:Drivers/STM32WBxx_HAL_Driver/Inc/stm32wbxx_ll_rcc.h **** 
1495:Drivers/STM32WBxx_HAL_Driver/Inc/stm32wbxx_ll_rcc.h **** /**
1496:Drivers/STM32WBxx_HAL_Driver/Inc/stm32wbxx_ll_rcc.h ****   * @brief  Check if HSI clock is ready
1497:Drivers/STM32WBxx_HAL_Driver/Inc/stm32wbxx_ll_rcc.h ****   * @rmtoll CR           HSIRDY        LL_RCC_HSI_IsReady
1498:Drivers/STM32WBxx_HAL_Driver/Inc/stm32wbxx_ll_rcc.h ****   * @retval State of bit (1 or 0).
1499:Drivers/STM32WBxx_HAL_Driver/Inc/stm32wbxx_ll_rcc.h ****   */
1500:Drivers/STM32WBxx_HAL_Driver/Inc/stm32wbxx_ll_rcc.h **** __STATIC_INLINE uint32_t LL_RCC_HSI_IsReady(void)
1501:Drivers/STM32WBxx_HAL_Driver/Inc/stm32wbxx_ll_rcc.h **** {
1502:Drivers/STM32WBxx_HAL_Driver/Inc/stm32wbxx_ll_rcc.h ****   return ((READ_BIT(RCC->CR, RCC_CR_HSIRDY) == (RCC_CR_HSIRDY)) ? 1UL : 0UL);
1503:Drivers/STM32WBxx_HAL_Driver/Inc/stm32wbxx_ll_rcc.h **** }
1504:Drivers/STM32WBxx_HAL_Driver/Inc/stm32wbxx_ll_rcc.h **** 
ARM GAS  C:\Users\bku598\AppData\Local\Temp\ccPOR4r7.s 			page 81


1505:Drivers/STM32WBxx_HAL_Driver/Inc/stm32wbxx_ll_rcc.h **** /**
1506:Drivers/STM32WBxx_HAL_Driver/Inc/stm32wbxx_ll_rcc.h ****   * @brief  Enable HSI Automatic from stop mode
1507:Drivers/STM32WBxx_HAL_Driver/Inc/stm32wbxx_ll_rcc.h ****   * @rmtoll CR           HSIASFS       LL_RCC_HSI_EnableAutoFromStop
1508:Drivers/STM32WBxx_HAL_Driver/Inc/stm32wbxx_ll_rcc.h ****   * @retval None
1509:Drivers/STM32WBxx_HAL_Driver/Inc/stm32wbxx_ll_rcc.h ****   */
1510:Drivers/STM32WBxx_HAL_Driver/Inc/stm32wbxx_ll_rcc.h **** __STATIC_INLINE void LL_RCC_HSI_EnableAutoFromStop(void)
1511:Drivers/STM32WBxx_HAL_Driver/Inc/stm32wbxx_ll_rcc.h **** {
1512:Drivers/STM32WBxx_HAL_Driver/Inc/stm32wbxx_ll_rcc.h ****   SET_BIT(RCC->CR, RCC_CR_HSIASFS);
1513:Drivers/STM32WBxx_HAL_Driver/Inc/stm32wbxx_ll_rcc.h **** }
1514:Drivers/STM32WBxx_HAL_Driver/Inc/stm32wbxx_ll_rcc.h **** 
1515:Drivers/STM32WBxx_HAL_Driver/Inc/stm32wbxx_ll_rcc.h **** /**
1516:Drivers/STM32WBxx_HAL_Driver/Inc/stm32wbxx_ll_rcc.h ****   * @brief  Disable HSI Automatic from stop mode
1517:Drivers/STM32WBxx_HAL_Driver/Inc/stm32wbxx_ll_rcc.h ****   * @rmtoll CR           HSIASFS       LL_RCC_HSI_DisableAutoFromStop
1518:Drivers/STM32WBxx_HAL_Driver/Inc/stm32wbxx_ll_rcc.h ****   * @retval None
1519:Drivers/STM32WBxx_HAL_Driver/Inc/stm32wbxx_ll_rcc.h ****   */
1520:Drivers/STM32WBxx_HAL_Driver/Inc/stm32wbxx_ll_rcc.h **** __STATIC_INLINE void LL_RCC_HSI_DisableAutoFromStop(void)
1521:Drivers/STM32WBxx_HAL_Driver/Inc/stm32wbxx_ll_rcc.h **** {
1522:Drivers/STM32WBxx_HAL_Driver/Inc/stm32wbxx_ll_rcc.h ****   CLEAR_BIT(RCC->CR, RCC_CR_HSIASFS);
1523:Drivers/STM32WBxx_HAL_Driver/Inc/stm32wbxx_ll_rcc.h **** }
1524:Drivers/STM32WBxx_HAL_Driver/Inc/stm32wbxx_ll_rcc.h **** /**
1525:Drivers/STM32WBxx_HAL_Driver/Inc/stm32wbxx_ll_rcc.h ****   * @brief  Get HSI Calibration value
1526:Drivers/STM32WBxx_HAL_Driver/Inc/stm32wbxx_ll_rcc.h ****   * @note When HSITRIM is written, HSICAL is updated with the sum of
1527:Drivers/STM32WBxx_HAL_Driver/Inc/stm32wbxx_ll_rcc.h ****   *       HSITRIM and the factory trim value
1528:Drivers/STM32WBxx_HAL_Driver/Inc/stm32wbxx_ll_rcc.h ****   * @rmtoll ICSCR        HSICAL        LL_RCC_HSI_GetCalibration
1529:Drivers/STM32WBxx_HAL_Driver/Inc/stm32wbxx_ll_rcc.h ****   * @retval Between Min_Data = 0x00 and Max_Data = 0xFF
1530:Drivers/STM32WBxx_HAL_Driver/Inc/stm32wbxx_ll_rcc.h ****   */
1531:Drivers/STM32WBxx_HAL_Driver/Inc/stm32wbxx_ll_rcc.h **** __STATIC_INLINE uint32_t LL_RCC_HSI_GetCalibration(void)
1532:Drivers/STM32WBxx_HAL_Driver/Inc/stm32wbxx_ll_rcc.h **** {
1533:Drivers/STM32WBxx_HAL_Driver/Inc/stm32wbxx_ll_rcc.h ****   return (uint32_t)(READ_BIT(RCC->ICSCR, RCC_ICSCR_HSICAL) >> RCC_ICSCR_HSICAL_Pos);
1534:Drivers/STM32WBxx_HAL_Driver/Inc/stm32wbxx_ll_rcc.h **** }
1535:Drivers/STM32WBxx_HAL_Driver/Inc/stm32wbxx_ll_rcc.h **** 
1536:Drivers/STM32WBxx_HAL_Driver/Inc/stm32wbxx_ll_rcc.h **** /**
1537:Drivers/STM32WBxx_HAL_Driver/Inc/stm32wbxx_ll_rcc.h ****   * @brief  Set HSI Calibration trimming
1538:Drivers/STM32WBxx_HAL_Driver/Inc/stm32wbxx_ll_rcc.h ****   * @note user-programmable trimming value that is added to the HSICAL
1539:Drivers/STM32WBxx_HAL_Driver/Inc/stm32wbxx_ll_rcc.h ****   * @note Default value is 64, which, when added to the HSICAL value,
1540:Drivers/STM32WBxx_HAL_Driver/Inc/stm32wbxx_ll_rcc.h ****   *       should trim the HSI to 16 MHz +/- 1 %
1541:Drivers/STM32WBxx_HAL_Driver/Inc/stm32wbxx_ll_rcc.h ****   * @rmtoll ICSCR        HSITRIM       LL_RCC_HSI_SetCalibTrimming
1542:Drivers/STM32WBxx_HAL_Driver/Inc/stm32wbxx_ll_rcc.h ****   * @param  Value Between Min_Data = 0 and Max_Data = 127
1543:Drivers/STM32WBxx_HAL_Driver/Inc/stm32wbxx_ll_rcc.h ****   * @retval None
1544:Drivers/STM32WBxx_HAL_Driver/Inc/stm32wbxx_ll_rcc.h ****   */
1545:Drivers/STM32WBxx_HAL_Driver/Inc/stm32wbxx_ll_rcc.h **** __STATIC_INLINE void LL_RCC_HSI_SetCalibTrimming(uint32_t Value)
1546:Drivers/STM32WBxx_HAL_Driver/Inc/stm32wbxx_ll_rcc.h **** {
1547:Drivers/STM32WBxx_HAL_Driver/Inc/stm32wbxx_ll_rcc.h ****   MODIFY_REG(RCC->ICSCR, RCC_ICSCR_HSITRIM, Value << RCC_ICSCR_HSITRIM_Pos);
1548:Drivers/STM32WBxx_HAL_Driver/Inc/stm32wbxx_ll_rcc.h **** }
1549:Drivers/STM32WBxx_HAL_Driver/Inc/stm32wbxx_ll_rcc.h **** 
1550:Drivers/STM32WBxx_HAL_Driver/Inc/stm32wbxx_ll_rcc.h **** /**
1551:Drivers/STM32WBxx_HAL_Driver/Inc/stm32wbxx_ll_rcc.h ****   * @brief  Get HSI Calibration trimming
1552:Drivers/STM32WBxx_HAL_Driver/Inc/stm32wbxx_ll_rcc.h ****   * @rmtoll ICSCR        HSITRIM       LL_RCC_HSI_GetCalibTrimming
1553:Drivers/STM32WBxx_HAL_Driver/Inc/stm32wbxx_ll_rcc.h ****   * @retval Between Min_Data = 0 and Max_Data = 127
1554:Drivers/STM32WBxx_HAL_Driver/Inc/stm32wbxx_ll_rcc.h ****   */
1555:Drivers/STM32WBxx_HAL_Driver/Inc/stm32wbxx_ll_rcc.h **** __STATIC_INLINE uint32_t LL_RCC_HSI_GetCalibTrimming(void)
1556:Drivers/STM32WBxx_HAL_Driver/Inc/stm32wbxx_ll_rcc.h **** {
1557:Drivers/STM32WBxx_HAL_Driver/Inc/stm32wbxx_ll_rcc.h ****   return (uint32_t)(READ_BIT(RCC->ICSCR, RCC_ICSCR_HSITRIM) >> RCC_ICSCR_HSITRIM_Pos);
1558:Drivers/STM32WBxx_HAL_Driver/Inc/stm32wbxx_ll_rcc.h **** }
1559:Drivers/STM32WBxx_HAL_Driver/Inc/stm32wbxx_ll_rcc.h **** 
1560:Drivers/STM32WBxx_HAL_Driver/Inc/stm32wbxx_ll_rcc.h **** /**
1561:Drivers/STM32WBxx_HAL_Driver/Inc/stm32wbxx_ll_rcc.h ****   * @}
ARM GAS  C:\Users\bku598\AppData\Local\Temp\ccPOR4r7.s 			page 82


1562:Drivers/STM32WBxx_HAL_Driver/Inc/stm32wbxx_ll_rcc.h ****   */
1563:Drivers/STM32WBxx_HAL_Driver/Inc/stm32wbxx_ll_rcc.h **** 
1564:Drivers/STM32WBxx_HAL_Driver/Inc/stm32wbxx_ll_rcc.h **** #if defined(RCC_HSI48_SUPPORT)
1565:Drivers/STM32WBxx_HAL_Driver/Inc/stm32wbxx_ll_rcc.h **** /** @defgroup RCC_LL_EF_HSI48 HSI48
1566:Drivers/STM32WBxx_HAL_Driver/Inc/stm32wbxx_ll_rcc.h ****   * @{
1567:Drivers/STM32WBxx_HAL_Driver/Inc/stm32wbxx_ll_rcc.h ****   */
1568:Drivers/STM32WBxx_HAL_Driver/Inc/stm32wbxx_ll_rcc.h **** 
1569:Drivers/STM32WBxx_HAL_Driver/Inc/stm32wbxx_ll_rcc.h **** /**
1570:Drivers/STM32WBxx_HAL_Driver/Inc/stm32wbxx_ll_rcc.h ****   * @brief  Enable HSI48
1571:Drivers/STM32WBxx_HAL_Driver/Inc/stm32wbxx_ll_rcc.h ****   * @rmtoll CRRCR          HSI48ON       LL_RCC_HSI48_Enable
1572:Drivers/STM32WBxx_HAL_Driver/Inc/stm32wbxx_ll_rcc.h ****   * @retval None
1573:Drivers/STM32WBxx_HAL_Driver/Inc/stm32wbxx_ll_rcc.h ****   */
1574:Drivers/STM32WBxx_HAL_Driver/Inc/stm32wbxx_ll_rcc.h **** __STATIC_INLINE void LL_RCC_HSI48_Enable(void)
1575:Drivers/STM32WBxx_HAL_Driver/Inc/stm32wbxx_ll_rcc.h **** {
1576:Drivers/STM32WBxx_HAL_Driver/Inc/stm32wbxx_ll_rcc.h ****   SET_BIT(RCC->CRRCR, RCC_CRRCR_HSI48ON);
1577:Drivers/STM32WBxx_HAL_Driver/Inc/stm32wbxx_ll_rcc.h **** }
1578:Drivers/STM32WBxx_HAL_Driver/Inc/stm32wbxx_ll_rcc.h **** 
1579:Drivers/STM32WBxx_HAL_Driver/Inc/stm32wbxx_ll_rcc.h **** /**
1580:Drivers/STM32WBxx_HAL_Driver/Inc/stm32wbxx_ll_rcc.h ****   * @brief  Disable HSI48
1581:Drivers/STM32WBxx_HAL_Driver/Inc/stm32wbxx_ll_rcc.h ****   * @rmtoll CRRCR          HSI48ON       LL_RCC_HSI48_Disable
1582:Drivers/STM32WBxx_HAL_Driver/Inc/stm32wbxx_ll_rcc.h ****   * @retval None
1583:Drivers/STM32WBxx_HAL_Driver/Inc/stm32wbxx_ll_rcc.h ****   */
1584:Drivers/STM32WBxx_HAL_Driver/Inc/stm32wbxx_ll_rcc.h **** __STATIC_INLINE void LL_RCC_HSI48_Disable(void)
1585:Drivers/STM32WBxx_HAL_Driver/Inc/stm32wbxx_ll_rcc.h **** {
1586:Drivers/STM32WBxx_HAL_Driver/Inc/stm32wbxx_ll_rcc.h ****   CLEAR_BIT(RCC->CRRCR, RCC_CRRCR_HSI48ON);
1587:Drivers/STM32WBxx_HAL_Driver/Inc/stm32wbxx_ll_rcc.h **** }
1588:Drivers/STM32WBxx_HAL_Driver/Inc/stm32wbxx_ll_rcc.h **** 
1589:Drivers/STM32WBxx_HAL_Driver/Inc/stm32wbxx_ll_rcc.h **** /**
1590:Drivers/STM32WBxx_HAL_Driver/Inc/stm32wbxx_ll_rcc.h ****   * @brief  Check if HSI48 oscillator Ready
1591:Drivers/STM32WBxx_HAL_Driver/Inc/stm32wbxx_ll_rcc.h ****   * @rmtoll CRRCR          HSI48RDY      LL_RCC_HSI48_IsReady
1592:Drivers/STM32WBxx_HAL_Driver/Inc/stm32wbxx_ll_rcc.h ****   * @retval State of bit (1 or 0).
1593:Drivers/STM32WBxx_HAL_Driver/Inc/stm32wbxx_ll_rcc.h ****   */
1594:Drivers/STM32WBxx_HAL_Driver/Inc/stm32wbxx_ll_rcc.h **** __STATIC_INLINE uint32_t LL_RCC_HSI48_IsReady(void)
1595:Drivers/STM32WBxx_HAL_Driver/Inc/stm32wbxx_ll_rcc.h **** {
1596:Drivers/STM32WBxx_HAL_Driver/Inc/stm32wbxx_ll_rcc.h ****   return ((READ_BIT(RCC->CRRCR, RCC_CRRCR_HSI48RDY) == (RCC_CRRCR_HSI48RDY)) ? 1UL : 0UL);
1597:Drivers/STM32WBxx_HAL_Driver/Inc/stm32wbxx_ll_rcc.h **** }
1598:Drivers/STM32WBxx_HAL_Driver/Inc/stm32wbxx_ll_rcc.h **** 
1599:Drivers/STM32WBxx_HAL_Driver/Inc/stm32wbxx_ll_rcc.h **** /**
1600:Drivers/STM32WBxx_HAL_Driver/Inc/stm32wbxx_ll_rcc.h ****   * @brief  Get HSI48 Calibration value
1601:Drivers/STM32WBxx_HAL_Driver/Inc/stm32wbxx_ll_rcc.h ****   * @rmtoll CRRCR          HSI48CAL      LL_RCC_HSI48_GetCalibration
1602:Drivers/STM32WBxx_HAL_Driver/Inc/stm32wbxx_ll_rcc.h ****   * @retval Between Min_Data = 0x00 and Max_Data = 0x1FF
1603:Drivers/STM32WBxx_HAL_Driver/Inc/stm32wbxx_ll_rcc.h ****   */
1604:Drivers/STM32WBxx_HAL_Driver/Inc/stm32wbxx_ll_rcc.h **** __STATIC_INLINE uint32_t LL_RCC_HSI48_GetCalibration(void)
1605:Drivers/STM32WBxx_HAL_Driver/Inc/stm32wbxx_ll_rcc.h **** {
1606:Drivers/STM32WBxx_HAL_Driver/Inc/stm32wbxx_ll_rcc.h ****   return (uint32_t)(READ_BIT(RCC->CRRCR, RCC_CRRCR_HSI48CAL) >> RCC_CRRCR_HSI48CAL_Pos);
1607:Drivers/STM32WBxx_HAL_Driver/Inc/stm32wbxx_ll_rcc.h **** }
1608:Drivers/STM32WBxx_HAL_Driver/Inc/stm32wbxx_ll_rcc.h **** 
1609:Drivers/STM32WBxx_HAL_Driver/Inc/stm32wbxx_ll_rcc.h **** /**
1610:Drivers/STM32WBxx_HAL_Driver/Inc/stm32wbxx_ll_rcc.h ****   * @}
1611:Drivers/STM32WBxx_HAL_Driver/Inc/stm32wbxx_ll_rcc.h ****   */
1612:Drivers/STM32WBxx_HAL_Driver/Inc/stm32wbxx_ll_rcc.h **** #endif /* RCC_HSI48_SUPPORT */
1613:Drivers/STM32WBxx_HAL_Driver/Inc/stm32wbxx_ll_rcc.h **** 
1614:Drivers/STM32WBxx_HAL_Driver/Inc/stm32wbxx_ll_rcc.h **** /** @defgroup RCC_LL_EF_LSE LSE
1615:Drivers/STM32WBxx_HAL_Driver/Inc/stm32wbxx_ll_rcc.h ****   * @{
1616:Drivers/STM32WBxx_HAL_Driver/Inc/stm32wbxx_ll_rcc.h ****   */
1617:Drivers/STM32WBxx_HAL_Driver/Inc/stm32wbxx_ll_rcc.h **** 
1618:Drivers/STM32WBxx_HAL_Driver/Inc/stm32wbxx_ll_rcc.h **** /**
ARM GAS  C:\Users\bku598\AppData\Local\Temp\ccPOR4r7.s 			page 83


1619:Drivers/STM32WBxx_HAL_Driver/Inc/stm32wbxx_ll_rcc.h ****   * @brief  Enable  Low Speed External (LSE) crystal.
1620:Drivers/STM32WBxx_HAL_Driver/Inc/stm32wbxx_ll_rcc.h ****   * @rmtoll BDCR         LSEON         LL_RCC_LSE_Enable
1621:Drivers/STM32WBxx_HAL_Driver/Inc/stm32wbxx_ll_rcc.h ****   * @retval None
1622:Drivers/STM32WBxx_HAL_Driver/Inc/stm32wbxx_ll_rcc.h ****   */
1623:Drivers/STM32WBxx_HAL_Driver/Inc/stm32wbxx_ll_rcc.h **** __STATIC_INLINE void LL_RCC_LSE_Enable(void)
1624:Drivers/STM32WBxx_HAL_Driver/Inc/stm32wbxx_ll_rcc.h **** {
1625:Drivers/STM32WBxx_HAL_Driver/Inc/stm32wbxx_ll_rcc.h ****   SET_BIT(RCC->BDCR, RCC_BDCR_LSEON);
1626:Drivers/STM32WBxx_HAL_Driver/Inc/stm32wbxx_ll_rcc.h **** }
1627:Drivers/STM32WBxx_HAL_Driver/Inc/stm32wbxx_ll_rcc.h **** 
1628:Drivers/STM32WBxx_HAL_Driver/Inc/stm32wbxx_ll_rcc.h **** /**
1629:Drivers/STM32WBxx_HAL_Driver/Inc/stm32wbxx_ll_rcc.h ****   * @brief  Disable  Low Speed External (LSE) crystal.
1630:Drivers/STM32WBxx_HAL_Driver/Inc/stm32wbxx_ll_rcc.h ****   * @rmtoll BDCR         LSEON         LL_RCC_LSE_Disable
1631:Drivers/STM32WBxx_HAL_Driver/Inc/stm32wbxx_ll_rcc.h ****   * @retval None
1632:Drivers/STM32WBxx_HAL_Driver/Inc/stm32wbxx_ll_rcc.h ****   */
1633:Drivers/STM32WBxx_HAL_Driver/Inc/stm32wbxx_ll_rcc.h **** __STATIC_INLINE void LL_RCC_LSE_Disable(void)
1634:Drivers/STM32WBxx_HAL_Driver/Inc/stm32wbxx_ll_rcc.h **** {
1635:Drivers/STM32WBxx_HAL_Driver/Inc/stm32wbxx_ll_rcc.h ****   CLEAR_BIT(RCC->BDCR, RCC_BDCR_LSEON);
1636:Drivers/STM32WBxx_HAL_Driver/Inc/stm32wbxx_ll_rcc.h **** }
1637:Drivers/STM32WBxx_HAL_Driver/Inc/stm32wbxx_ll_rcc.h **** 
1638:Drivers/STM32WBxx_HAL_Driver/Inc/stm32wbxx_ll_rcc.h **** /**
1639:Drivers/STM32WBxx_HAL_Driver/Inc/stm32wbxx_ll_rcc.h ****   * @brief  Check if Low Speed External (LSE) crystal has been enabled or not
1640:Drivers/STM32WBxx_HAL_Driver/Inc/stm32wbxx_ll_rcc.h ****   * @rmtoll BDCR         LSEON         LL_RCC_LSE_IsEnabled
1641:Drivers/STM32WBxx_HAL_Driver/Inc/stm32wbxx_ll_rcc.h ****   * @retval State of bit (1 or 0).
1642:Drivers/STM32WBxx_HAL_Driver/Inc/stm32wbxx_ll_rcc.h ****   */
1643:Drivers/STM32WBxx_HAL_Driver/Inc/stm32wbxx_ll_rcc.h **** __STATIC_INLINE uint32_t LL_RCC_LSE_IsEnabled(void)
1644:Drivers/STM32WBxx_HAL_Driver/Inc/stm32wbxx_ll_rcc.h **** {
1645:Drivers/STM32WBxx_HAL_Driver/Inc/stm32wbxx_ll_rcc.h ****   return ((READ_BIT(RCC->BDCR, RCC_BDCR_LSEON) == (RCC_BDCR_LSEON)) ? 1UL : 0UL);
1646:Drivers/STM32WBxx_HAL_Driver/Inc/stm32wbxx_ll_rcc.h **** }
1647:Drivers/STM32WBxx_HAL_Driver/Inc/stm32wbxx_ll_rcc.h **** 
1648:Drivers/STM32WBxx_HAL_Driver/Inc/stm32wbxx_ll_rcc.h **** /**
1649:Drivers/STM32WBxx_HAL_Driver/Inc/stm32wbxx_ll_rcc.h ****   * @brief  Enable external clock source (LSE bypass).
1650:Drivers/STM32WBxx_HAL_Driver/Inc/stm32wbxx_ll_rcc.h ****   * @rmtoll BDCR         LSEBYP        LL_RCC_LSE_EnableBypass
1651:Drivers/STM32WBxx_HAL_Driver/Inc/stm32wbxx_ll_rcc.h ****   * @retval None
1652:Drivers/STM32WBxx_HAL_Driver/Inc/stm32wbxx_ll_rcc.h ****   */
1653:Drivers/STM32WBxx_HAL_Driver/Inc/stm32wbxx_ll_rcc.h **** __STATIC_INLINE void LL_RCC_LSE_EnableBypass(void)
1654:Drivers/STM32WBxx_HAL_Driver/Inc/stm32wbxx_ll_rcc.h **** {
1655:Drivers/STM32WBxx_HAL_Driver/Inc/stm32wbxx_ll_rcc.h ****   SET_BIT(RCC->BDCR, RCC_BDCR_LSEBYP);
1656:Drivers/STM32WBxx_HAL_Driver/Inc/stm32wbxx_ll_rcc.h **** }
1657:Drivers/STM32WBxx_HAL_Driver/Inc/stm32wbxx_ll_rcc.h **** 
1658:Drivers/STM32WBxx_HAL_Driver/Inc/stm32wbxx_ll_rcc.h **** /**
1659:Drivers/STM32WBxx_HAL_Driver/Inc/stm32wbxx_ll_rcc.h ****   * @brief  Disable external clock source (LSE bypass).
1660:Drivers/STM32WBxx_HAL_Driver/Inc/stm32wbxx_ll_rcc.h ****   * @rmtoll BDCR         LSEBYP        LL_RCC_LSE_DisableBypass
1661:Drivers/STM32WBxx_HAL_Driver/Inc/stm32wbxx_ll_rcc.h ****   * @retval None
1662:Drivers/STM32WBxx_HAL_Driver/Inc/stm32wbxx_ll_rcc.h ****   */
1663:Drivers/STM32WBxx_HAL_Driver/Inc/stm32wbxx_ll_rcc.h **** __STATIC_INLINE void LL_RCC_LSE_DisableBypass(void)
1664:Drivers/STM32WBxx_HAL_Driver/Inc/stm32wbxx_ll_rcc.h **** {
1665:Drivers/STM32WBxx_HAL_Driver/Inc/stm32wbxx_ll_rcc.h ****   CLEAR_BIT(RCC->BDCR, RCC_BDCR_LSEBYP);
1666:Drivers/STM32WBxx_HAL_Driver/Inc/stm32wbxx_ll_rcc.h **** }
1667:Drivers/STM32WBxx_HAL_Driver/Inc/stm32wbxx_ll_rcc.h **** 
1668:Drivers/STM32WBxx_HAL_Driver/Inc/stm32wbxx_ll_rcc.h **** /**
1669:Drivers/STM32WBxx_HAL_Driver/Inc/stm32wbxx_ll_rcc.h ****   * @brief  Set LSE oscillator drive capability
1670:Drivers/STM32WBxx_HAL_Driver/Inc/stm32wbxx_ll_rcc.h ****   * @note The oscillator is in Xtal mode when it is not in bypass mode.
1671:Drivers/STM32WBxx_HAL_Driver/Inc/stm32wbxx_ll_rcc.h ****   * @rmtoll BDCR         LSEDRV        LL_RCC_LSE_SetDriveCapability
1672:Drivers/STM32WBxx_HAL_Driver/Inc/stm32wbxx_ll_rcc.h ****   * @param  LSEDrive This parameter can be one of the following values:
1673:Drivers/STM32WBxx_HAL_Driver/Inc/stm32wbxx_ll_rcc.h ****   *         @arg @ref LL_RCC_LSEDRIVE_LOW
1674:Drivers/STM32WBxx_HAL_Driver/Inc/stm32wbxx_ll_rcc.h ****   *         @arg @ref LL_RCC_LSEDRIVE_MEDIUMLOW
1675:Drivers/STM32WBxx_HAL_Driver/Inc/stm32wbxx_ll_rcc.h ****   *         @arg @ref LL_RCC_LSEDRIVE_MEDIUMHIGH
ARM GAS  C:\Users\bku598\AppData\Local\Temp\ccPOR4r7.s 			page 84


1676:Drivers/STM32WBxx_HAL_Driver/Inc/stm32wbxx_ll_rcc.h ****   *         @arg @ref LL_RCC_LSEDRIVE_HIGH
1677:Drivers/STM32WBxx_HAL_Driver/Inc/stm32wbxx_ll_rcc.h ****   * @retval None
1678:Drivers/STM32WBxx_HAL_Driver/Inc/stm32wbxx_ll_rcc.h ****   */
1679:Drivers/STM32WBxx_HAL_Driver/Inc/stm32wbxx_ll_rcc.h **** __STATIC_INLINE void LL_RCC_LSE_SetDriveCapability(uint32_t LSEDrive)
 1209              		.loc 4 1679 22 view .LVU357
 1210              	.LBB32:
1680:Drivers/STM32WBxx_HAL_Driver/Inc/stm32wbxx_ll_rcc.h **** {
1681:Drivers/STM32WBxx_HAL_Driver/Inc/stm32wbxx_ll_rcc.h ****   MODIFY_REG(RCC->BDCR, RCC_BDCR_LSEDRV, LSEDrive);
 1211              		.loc 4 1681 3 view .LVU358
 1212 002e 4FF0B042 		mov	r2, #1476395008
 1213 0032 D2F89030 		ldr	r3, [r2, #144]
 1214 0036 23F01803 		bic	r3, r3, #24
 1215 003a 43F01003 		orr	r3, r3, #16
 1216 003e C2F89030 		str	r3, [r2, #144]
 1217              	.LVL57:
 1218              		.loc 4 1681 3 is_stmt 0 view .LVU359
 1219              	.LBE32:
 1220              	.LBE31:
 282:Core/Src/main.c **** 
 1221              		.loc 1 282 3 is_stmt 1 view .LVU360
 1222              	.LBB33:
 282:Core/Src/main.c **** 
 1223              		.loc 1 282 3 view .LVU361
 282:Core/Src/main.c **** 
 1224              		.loc 1 282 3 view .LVU362
 1225 0042 02F58062 		add	r2, r2, #1024
 1226 0046 1368     		ldr	r3, [r2]
 1227 0048 23F4C063 		bic	r3, r3, #1536
 1228 004c 43F40073 		orr	r3, r3, #512
 1229 0050 1360     		str	r3, [r2]
 282:Core/Src/main.c **** 
 1230              		.loc 1 282 3 view .LVU363
 1231 0052 1368     		ldr	r3, [r2]
 1232 0054 03F4C063 		and	r3, r3, #1536
 1233 0058 0193     		str	r3, [sp, #4]
 282:Core/Src/main.c **** 
 1234              		.loc 1 282 3 view .LVU364
 1235 005a 019B     		ldr	r3, [sp, #4]
 1236              	.LBE33:
 282:Core/Src/main.c **** 
 1237              		.loc 1 282 3 view .LVU365
 287:Core/Src/main.c ****                               |RCC_OSCILLATORTYPE_HSE|RCC_OSCILLATORTYPE_LSE;
 1238              		.loc 1 287 3 view .LVU366
 287:Core/Src/main.c ****                               |RCC_OSCILLATORTYPE_HSE|RCC_OSCILLATORTYPE_LSE;
 1239              		.loc 1 287 36 is_stmt 0 view .LVU367
 1240 005c 0F23     		movs	r3, #15
 1241 005e 1093     		str	r3, [sp, #64]
 289:Core/Src/main.c ****   RCC_OscInitStruct.LSEState = RCC_LSE_ON;
 1242              		.loc 1 289 3 is_stmt 1 view .LVU368
 289:Core/Src/main.c ****   RCC_OscInitStruct.LSEState = RCC_LSE_ON;
 1243              		.loc 1 289 30 is_stmt 0 view .LVU369
 1244 0060 4FF48033 		mov	r3, #65536
 1245 0064 1193     		str	r3, [sp, #68]
 290:Core/Src/main.c ****   RCC_OscInitStruct.HSIState = RCC_HSI_ON;
 1246              		.loc 1 290 3 is_stmt 1 view .LVU370
 290:Core/Src/main.c ****   RCC_OscInitStruct.HSIState = RCC_HSI_ON;
 1247              		.loc 1 290 30 is_stmt 0 view .LVU371
ARM GAS  C:\Users\bku598\AppData\Local\Temp\ccPOR4r7.s 			page 85


 1248 0066 0123     		movs	r3, #1
 1249 0068 1293     		str	r3, [sp, #72]
 291:Core/Src/main.c ****   RCC_OscInitStruct.HSICalibrationValue = RCC_HSICALIBRATION_DEFAULT;
 1250              		.loc 1 291 3 is_stmt 1 view .LVU372
 291:Core/Src/main.c ****   RCC_OscInitStruct.HSICalibrationValue = RCC_HSICALIBRATION_DEFAULT;
 1251              		.loc 1 291 30 is_stmt 0 view .LVU373
 1252 006a 4FF48073 		mov	r3, #256
 1253 006e 1393     		str	r3, [sp, #76]
 292:Core/Src/main.c ****   RCC_OscInitStruct.LSIState = RCC_LSI_ON;
 1254              		.loc 1 292 3 is_stmt 1 view .LVU374
 292:Core/Src/main.c ****   RCC_OscInitStruct.LSIState = RCC_LSI_ON;
 1255              		.loc 1 292 41 is_stmt 0 view .LVU375
 1256 0070 4023     		movs	r3, #64
 1257 0072 1493     		str	r3, [sp, #80]
 293:Core/Src/main.c ****   RCC_OscInitStruct.PLL.PLLState = RCC_PLL_ON;
 1258              		.loc 1 293 3 is_stmt 1 view .LVU376
 293:Core/Src/main.c ****   RCC_OscInitStruct.PLL.PLLState = RCC_PLL_ON;
 1259              		.loc 1 293 30 is_stmt 0 view .LVU377
 1260 0074 0523     		movs	r3, #5
 1261 0076 1593     		str	r3, [sp, #84]
 294:Core/Src/main.c ****   RCC_OscInitStruct.PLL.PLLSource = RCC_PLLSOURCE_HSE;
 1262              		.loc 1 294 3 is_stmt 1 view .LVU378
 294:Core/Src/main.c ****   RCC_OscInitStruct.PLL.PLLSource = RCC_PLLSOURCE_HSE;
 1263              		.loc 1 294 34 is_stmt 0 view .LVU379
 1264 0078 0223     		movs	r3, #2
 1265 007a 1B93     		str	r3, [sp, #108]
 295:Core/Src/main.c ****   RCC_OscInitStruct.PLL.PLLM = RCC_PLLM_DIV2;
 1266              		.loc 1 295 3 is_stmt 1 view .LVU380
 295:Core/Src/main.c ****   RCC_OscInitStruct.PLL.PLLM = RCC_PLLM_DIV2;
 1267              		.loc 1 295 35 is_stmt 0 view .LVU381
 1268 007c 0323     		movs	r3, #3
 1269 007e 1C93     		str	r3, [sp, #112]
 296:Core/Src/main.c ****   RCC_OscInitStruct.PLL.PLLN = 8;
 1270              		.loc 1 296 3 is_stmt 1 view .LVU382
 296:Core/Src/main.c ****   RCC_OscInitStruct.PLL.PLLN = 8;
 1271              		.loc 1 296 30 is_stmt 0 view .LVU383
 1272 0080 1023     		movs	r3, #16
 1273 0082 1D93     		str	r3, [sp, #116]
 297:Core/Src/main.c ****   RCC_OscInitStruct.PLL.PLLP = RCC_PLLP_DIV2;
 1274              		.loc 1 297 3 is_stmt 1 view .LVU384
 297:Core/Src/main.c ****   RCC_OscInitStruct.PLL.PLLP = RCC_PLLP_DIV2;
 1275              		.loc 1 297 30 is_stmt 0 view .LVU385
 1276 0084 0823     		movs	r3, #8
 1277 0086 1E93     		str	r3, [sp, #120]
 298:Core/Src/main.c ****   RCC_OscInitStruct.PLL.PLLR = RCC_PLLR_DIV2;
 1278              		.loc 1 298 3 is_stmt 1 view .LVU386
 298:Core/Src/main.c ****   RCC_OscInitStruct.PLL.PLLR = RCC_PLLR_DIV2;
 1279              		.loc 1 298 30 is_stmt 0 view .LVU387
 1280 0088 4FF40033 		mov	r3, #131072
 1281 008c 1F93     		str	r3, [sp, #124]
 299:Core/Src/main.c ****   RCC_OscInitStruct.PLL.PLLQ = RCC_PLLQ_DIV2;
 1282              		.loc 1 299 3 is_stmt 1 view .LVU388
 299:Core/Src/main.c ****   RCC_OscInitStruct.PLL.PLLQ = RCC_PLLQ_DIV2;
 1283              		.loc 1 299 30 is_stmt 0 view .LVU389
 1284 008e 4FF00053 		mov	r3, #536870912
 1285 0092 2193     		str	r3, [sp, #132]
 300:Core/Src/main.c ****   if (HAL_RCC_OscConfig(&RCC_OscInitStruct) != HAL_OK)
ARM GAS  C:\Users\bku598\AppData\Local\Temp\ccPOR4r7.s 			page 86


 1286              		.loc 1 300 3 is_stmt 1 view .LVU390
 300:Core/Src/main.c ****   if (HAL_RCC_OscConfig(&RCC_OscInitStruct) != HAL_OK)
 1287              		.loc 1 300 30 is_stmt 0 view .LVU391
 1288 0094 4FF00073 		mov	r3, #33554432
 1289 0098 2093     		str	r3, [sp, #128]
 301:Core/Src/main.c ****   {
 1290              		.loc 1 301 3 is_stmt 1 view .LVU392
 301:Core/Src/main.c ****   {
 1291              		.loc 1 301 7 is_stmt 0 view .LVU393
 1292 009a 10A8     		add	r0, sp, #64
 1293 009c FFF7FEFF 		bl	HAL_RCC_OscConfig
 1294              	.LVL58:
 301:Core/Src/main.c ****   {
 1295              		.loc 1 301 6 discriminator 1 view .LVU394
 1296 00a0 0028     		cmp	r0, #0
 1297 00a2 2CD1     		bne	.L93
 308:Core/Src/main.c ****                               |RCC_CLOCKTYPE_HCLK|RCC_CLOCKTYPE_SYSCLK
 1298              		.loc 1 308 3 is_stmt 1 view .LVU395
 308:Core/Src/main.c ****                               |RCC_CLOCKTYPE_HCLK|RCC_CLOCKTYPE_SYSCLK
 1299              		.loc 1 308 31 is_stmt 0 view .LVU396
 1300 00a4 6F23     		movs	r3, #111
 1301 00a6 0993     		str	r3, [sp, #36]
 311:Core/Src/main.c ****   RCC_ClkInitStruct.AHBCLKDivider = RCC_SYSCLK_DIV1;
 1302              		.loc 1 311 3 is_stmt 1 view .LVU397
 311:Core/Src/main.c ****   RCC_ClkInitStruct.AHBCLKDivider = RCC_SYSCLK_DIV1;
 1303              		.loc 1 311 34 is_stmt 0 view .LVU398
 1304 00a8 0321     		movs	r1, #3
 1305 00aa 0A91     		str	r1, [sp, #40]
 312:Core/Src/main.c ****   RCC_ClkInitStruct.APB1CLKDivider = RCC_HCLK_DIV1;
 1306              		.loc 1 312 3 is_stmt 1 view .LVU399
 312:Core/Src/main.c ****   RCC_ClkInitStruct.APB1CLKDivider = RCC_HCLK_DIV1;
 1307              		.loc 1 312 35 is_stmt 0 view .LVU400
 1308 00ac 0023     		movs	r3, #0
 1309 00ae 0B93     		str	r3, [sp, #44]
 313:Core/Src/main.c ****   RCC_ClkInitStruct.APB2CLKDivider = RCC_HCLK_DIV1;
 1310              		.loc 1 313 3 is_stmt 1 view .LVU401
 313:Core/Src/main.c ****   RCC_ClkInitStruct.APB2CLKDivider = RCC_HCLK_DIV1;
 1311              		.loc 1 313 36 is_stmt 0 view .LVU402
 1312 00b0 0C93     		str	r3, [sp, #48]
 314:Core/Src/main.c ****   RCC_ClkInitStruct.AHBCLK2Divider = RCC_SYSCLK_DIV2;
 1313              		.loc 1 314 3 is_stmt 1 view .LVU403
 314:Core/Src/main.c ****   RCC_ClkInitStruct.AHBCLK2Divider = RCC_SYSCLK_DIV2;
 1314              		.loc 1 314 36 is_stmt 0 view .LVU404
 1315 00b2 0D93     		str	r3, [sp, #52]
 315:Core/Src/main.c ****   RCC_ClkInitStruct.AHBCLK4Divider = RCC_SYSCLK_DIV1;
 1316              		.loc 1 315 3 is_stmt 1 view .LVU405
 315:Core/Src/main.c ****   RCC_ClkInitStruct.AHBCLK4Divider = RCC_SYSCLK_DIV1;
 1317              		.loc 1 315 36 is_stmt 0 view .LVU406
 1318 00b4 8022     		movs	r2, #128
 1319 00b6 0E92     		str	r2, [sp, #56]
 316:Core/Src/main.c **** 
 1320              		.loc 1 316 3 is_stmt 1 view .LVU407
 316:Core/Src/main.c **** 
 1321              		.loc 1 316 36 is_stmt 0 view .LVU408
 1322 00b8 0F93     		str	r3, [sp, #60]
 318:Core/Src/main.c ****   {
 1323              		.loc 1 318 3 is_stmt 1 view .LVU409
ARM GAS  C:\Users\bku598\AppData\Local\Temp\ccPOR4r7.s 			page 87


 318:Core/Src/main.c ****   {
 1324              		.loc 1 318 7 is_stmt 0 view .LVU410
 1325 00ba 09A8     		add	r0, sp, #36
 1326 00bc FFF7FEFF 		bl	HAL_RCC_ClockConfig
 1327              	.LVL59:
 318:Core/Src/main.c ****   {
 1328              		.loc 1 318 6 discriminator 1 view .LVU411
 1329 00c0 F8B9     		cbnz	r0, .L94
 325:Core/Src/main.c **** 
 1330              		.loc 1 325 3 is_stmt 1 view .LVU412
 1331              	.LVL60:
 1332              	.LBB34:
 1333              	.LBI34:
 546:Drivers/STM32WBxx_HAL_Driver/Inc/stm32wbxx_ll_bus.h **** }
 547:Drivers/STM32WBxx_HAL_Driver/Inc/stm32wbxx_ll_bus.h **** 
 548:Drivers/STM32WBxx_HAL_Driver/Inc/stm32wbxx_ll_bus.h **** /**
 549:Drivers/STM32WBxx_HAL_Driver/Inc/stm32wbxx_ll_bus.h ****   * @brief  Check if AHB2 peripheral clock is enabled or not
 550:Drivers/STM32WBxx_HAL_Driver/Inc/stm32wbxx_ll_bus.h ****   * @rmtoll AHB2ENR      GPIOAEN       LL_AHB2_GRP1_IsEnabledClock\n
 551:Drivers/STM32WBxx_HAL_Driver/Inc/stm32wbxx_ll_bus.h ****   *         AHB2ENR      GPIOBEN       LL_AHB2_GRP1_IsEnabledClock\n
 552:Drivers/STM32WBxx_HAL_Driver/Inc/stm32wbxx_ll_bus.h ****   *         AHB2ENR      GPIOCEN       LL_AHB2_GRP1_IsEnabledClock\n
 553:Drivers/STM32WBxx_HAL_Driver/Inc/stm32wbxx_ll_bus.h ****   *         AHB2ENR      GPIODEN       LL_AHB2_GRP1_IsEnabledClock\n
 554:Drivers/STM32WBxx_HAL_Driver/Inc/stm32wbxx_ll_bus.h ****   *         AHB2ENR      GPIOEEN       LL_AHB2_GRP1_IsEnabledClock\n
 555:Drivers/STM32WBxx_HAL_Driver/Inc/stm32wbxx_ll_bus.h ****   *         AHB2ENR      GPIOHEN       LL_AHB2_GRP1_IsEnabledClock\n
 556:Drivers/STM32WBxx_HAL_Driver/Inc/stm32wbxx_ll_bus.h ****   *         AHB2ENR      ADCEN         LL_AHB2_GRP1_IsEnabledClock\n
 557:Drivers/STM32WBxx_HAL_Driver/Inc/stm32wbxx_ll_bus.h ****   *         AHB2ENR      AES1EN        LL_AHB2_GRP1_IsEnabledClock
 558:Drivers/STM32WBxx_HAL_Driver/Inc/stm32wbxx_ll_bus.h ****   * @param  Periphs This parameter can be a combination of the following values:
 559:Drivers/STM32WBxx_HAL_Driver/Inc/stm32wbxx_ll_bus.h ****   *         @arg @ref LL_AHB2_GRP1_PERIPH_GPIOA
 560:Drivers/STM32WBxx_HAL_Driver/Inc/stm32wbxx_ll_bus.h ****   *         @arg @ref LL_AHB2_GRP1_PERIPH_GPIOB
 561:Drivers/STM32WBxx_HAL_Driver/Inc/stm32wbxx_ll_bus.h ****   *         @arg @ref LL_AHB2_GRP1_PERIPH_GPIOC
 562:Drivers/STM32WBxx_HAL_Driver/Inc/stm32wbxx_ll_bus.h ****   *         @arg @ref LL_AHB2_GRP1_PERIPH_GPIOD (*)
 563:Drivers/STM32WBxx_HAL_Driver/Inc/stm32wbxx_ll_bus.h ****   *         @arg @ref LL_AHB2_GRP1_PERIPH_GPIOE
 564:Drivers/STM32WBxx_HAL_Driver/Inc/stm32wbxx_ll_bus.h ****   *         @arg @ref LL_AHB2_GRP1_PERIPH_GPIOH
 565:Drivers/STM32WBxx_HAL_Driver/Inc/stm32wbxx_ll_bus.h ****   *         @arg @ref LL_AHB2_GRP1_PERIPH_ADC (*)
 566:Drivers/STM32WBxx_HAL_Driver/Inc/stm32wbxx_ll_bus.h ****   *         @arg @ref LL_AHB2_GRP1_PERIPH_AES1 (*)
 567:Drivers/STM32WBxx_HAL_Driver/Inc/stm32wbxx_ll_bus.h ****   * @note  (*) Not supported by all the devices
 568:Drivers/STM32WBxx_HAL_Driver/Inc/stm32wbxx_ll_bus.h ****   * @retval uint32_t
 569:Drivers/STM32WBxx_HAL_Driver/Inc/stm32wbxx_ll_bus.h ****   */
 570:Drivers/STM32WBxx_HAL_Driver/Inc/stm32wbxx_ll_bus.h **** __STATIC_INLINE uint32_t LL_AHB2_GRP1_IsEnabledClock(uint32_t Periphs)
 571:Drivers/STM32WBxx_HAL_Driver/Inc/stm32wbxx_ll_bus.h **** {
 572:Drivers/STM32WBxx_HAL_Driver/Inc/stm32wbxx_ll_bus.h ****   return ((READ_BIT(RCC->AHB2ENR, Periphs) == (Periphs)) ? 1UL : 0UL);
 573:Drivers/STM32WBxx_HAL_Driver/Inc/stm32wbxx_ll_bus.h **** }
 574:Drivers/STM32WBxx_HAL_Driver/Inc/stm32wbxx_ll_bus.h **** 
 575:Drivers/STM32WBxx_HAL_Driver/Inc/stm32wbxx_ll_bus.h **** /**
 576:Drivers/STM32WBxx_HAL_Driver/Inc/stm32wbxx_ll_bus.h ****   * @brief  Disable AHB2 peripherals clock.
 577:Drivers/STM32WBxx_HAL_Driver/Inc/stm32wbxx_ll_bus.h ****   * @rmtoll AHB2ENR      GPIOAEN       LL_AHB2_GRP1_DisableClock\n
 578:Drivers/STM32WBxx_HAL_Driver/Inc/stm32wbxx_ll_bus.h ****   *         AHB2ENR      GPIOBEN       LL_AHB2_GRP1_DisableClock\n
 579:Drivers/STM32WBxx_HAL_Driver/Inc/stm32wbxx_ll_bus.h ****   *         AHB2ENR      GPIOCEN       LL_AHB2_GRP1_DisableClock\n
 580:Drivers/STM32WBxx_HAL_Driver/Inc/stm32wbxx_ll_bus.h ****   *         AHB2ENR      GPIODEN       LL_AHB2_GRP1_DisableClock\n
 581:Drivers/STM32WBxx_HAL_Driver/Inc/stm32wbxx_ll_bus.h ****   *         AHB2ENR      GPIOEEN       LL_AHB2_GRP1_DisableClock\n
 582:Drivers/STM32WBxx_HAL_Driver/Inc/stm32wbxx_ll_bus.h ****   *         AHB2ENR      GPIOHEN       LL_AHB2_GRP1_DisableClock\n
 583:Drivers/STM32WBxx_HAL_Driver/Inc/stm32wbxx_ll_bus.h ****   *         AHB2ENR      ADCEN         LL_AHB2_GRP1_DisableClock\n
 584:Drivers/STM32WBxx_HAL_Driver/Inc/stm32wbxx_ll_bus.h ****   *         AHB2ENR      AES1EN        LL_AHB2_GRP1_DisableClock
 585:Drivers/STM32WBxx_HAL_Driver/Inc/stm32wbxx_ll_bus.h ****   * @param  Periphs This parameter can be a combination of the following values:
 586:Drivers/STM32WBxx_HAL_Driver/Inc/stm32wbxx_ll_bus.h ****   *         @arg @ref LL_AHB2_GRP1_PERIPH_GPIOA
 587:Drivers/STM32WBxx_HAL_Driver/Inc/stm32wbxx_ll_bus.h ****   *         @arg @ref LL_AHB2_GRP1_PERIPH_GPIOB
 588:Drivers/STM32WBxx_HAL_Driver/Inc/stm32wbxx_ll_bus.h ****   *         @arg @ref LL_AHB2_GRP1_PERIPH_GPIOC
 589:Drivers/STM32WBxx_HAL_Driver/Inc/stm32wbxx_ll_bus.h ****   *         @arg @ref LL_AHB2_GRP1_PERIPH_GPIOD (*)
ARM GAS  C:\Users\bku598\AppData\Local\Temp\ccPOR4r7.s 			page 88


 590:Drivers/STM32WBxx_HAL_Driver/Inc/stm32wbxx_ll_bus.h ****   *         @arg @ref LL_AHB2_GRP1_PERIPH_GPIOE
 591:Drivers/STM32WBxx_HAL_Driver/Inc/stm32wbxx_ll_bus.h ****   *         @arg @ref LL_AHB2_GRP1_PERIPH_GPIOH
 592:Drivers/STM32WBxx_HAL_Driver/Inc/stm32wbxx_ll_bus.h ****   *         @arg @ref LL_AHB2_GRP1_PERIPH_ADC (*)
 593:Drivers/STM32WBxx_HAL_Driver/Inc/stm32wbxx_ll_bus.h ****   *         @arg @ref LL_AHB2_GRP1_PERIPH_AES1 (*)
 594:Drivers/STM32WBxx_HAL_Driver/Inc/stm32wbxx_ll_bus.h ****   * @note  (*) Not supported by all the devices
 595:Drivers/STM32WBxx_HAL_Driver/Inc/stm32wbxx_ll_bus.h ****   * @retval None
 596:Drivers/STM32WBxx_HAL_Driver/Inc/stm32wbxx_ll_bus.h ****   */
 597:Drivers/STM32WBxx_HAL_Driver/Inc/stm32wbxx_ll_bus.h **** __STATIC_INLINE void LL_AHB2_GRP1_DisableClock(uint32_t Periphs)
 598:Drivers/STM32WBxx_HAL_Driver/Inc/stm32wbxx_ll_bus.h **** {
 599:Drivers/STM32WBxx_HAL_Driver/Inc/stm32wbxx_ll_bus.h ****   CLEAR_BIT(RCC->AHB2ENR, Periphs);
 600:Drivers/STM32WBxx_HAL_Driver/Inc/stm32wbxx_ll_bus.h **** }
 601:Drivers/STM32WBxx_HAL_Driver/Inc/stm32wbxx_ll_bus.h **** 
 602:Drivers/STM32WBxx_HAL_Driver/Inc/stm32wbxx_ll_bus.h **** /**
 603:Drivers/STM32WBxx_HAL_Driver/Inc/stm32wbxx_ll_bus.h ****   * @brief  Force AHB2 peripherals reset.
 604:Drivers/STM32WBxx_HAL_Driver/Inc/stm32wbxx_ll_bus.h ****   * @rmtoll AHB2RSTR     GPIOARST      LL_AHB2_GRP1_ForceReset\n
 605:Drivers/STM32WBxx_HAL_Driver/Inc/stm32wbxx_ll_bus.h ****   *         AHB2RSTR     GPIOBRST      LL_AHB2_GRP1_ForceReset\n
 606:Drivers/STM32WBxx_HAL_Driver/Inc/stm32wbxx_ll_bus.h ****   *         AHB2RSTR     GPIOCRST      LL_AHB2_GRP1_ForceReset\n
 607:Drivers/STM32WBxx_HAL_Driver/Inc/stm32wbxx_ll_bus.h ****   *         AHB2RSTR     GPIODRST      LL_AHB2_GRP1_ForceReset\n
 608:Drivers/STM32WBxx_HAL_Driver/Inc/stm32wbxx_ll_bus.h ****   *         AHB2RSTR     GPIOERST      LL_AHB2_GRP1_ForceReset\n
 609:Drivers/STM32WBxx_HAL_Driver/Inc/stm32wbxx_ll_bus.h ****   *         AHB2RSTR     GPIOHRST      LL_AHB2_GRP1_ForceReset\n
 610:Drivers/STM32WBxx_HAL_Driver/Inc/stm32wbxx_ll_bus.h ****   *         AHB2RSTR     ADCRST        LL_AHB2_GRP1_ForceReset\n
 611:Drivers/STM32WBxx_HAL_Driver/Inc/stm32wbxx_ll_bus.h ****   *         AHB2RSTR     AES1RST       LL_AHB2_GRP1_ForceReset
 612:Drivers/STM32WBxx_HAL_Driver/Inc/stm32wbxx_ll_bus.h ****   * @param  Periphs This parameter can be a combination of the following values:
 613:Drivers/STM32WBxx_HAL_Driver/Inc/stm32wbxx_ll_bus.h ****   *         @arg @ref LL_AHB2_GRP1_PERIPH_ALL
 614:Drivers/STM32WBxx_HAL_Driver/Inc/stm32wbxx_ll_bus.h ****   *         @arg @ref LL_AHB2_GRP1_PERIPH_GPIOA
 615:Drivers/STM32WBxx_HAL_Driver/Inc/stm32wbxx_ll_bus.h ****   *         @arg @ref LL_AHB2_GRP1_PERIPH_GPIOB
 616:Drivers/STM32WBxx_HAL_Driver/Inc/stm32wbxx_ll_bus.h ****   *         @arg @ref LL_AHB2_GRP1_PERIPH_GPIOC
 617:Drivers/STM32WBxx_HAL_Driver/Inc/stm32wbxx_ll_bus.h ****   *         @arg @ref LL_AHB2_GRP1_PERIPH_GPIOD (*)
 618:Drivers/STM32WBxx_HAL_Driver/Inc/stm32wbxx_ll_bus.h ****   *         @arg @ref LL_AHB2_GRP1_PERIPH_GPIOE
 619:Drivers/STM32WBxx_HAL_Driver/Inc/stm32wbxx_ll_bus.h ****   *         @arg @ref LL_AHB2_GRP1_PERIPH_GPIOH
 620:Drivers/STM32WBxx_HAL_Driver/Inc/stm32wbxx_ll_bus.h ****   *         @arg @ref LL_AHB2_GRP1_PERIPH_ADC (*)
 621:Drivers/STM32WBxx_HAL_Driver/Inc/stm32wbxx_ll_bus.h ****   *         @arg @ref LL_AHB2_GRP1_PERIPH_AES1 (*)
 622:Drivers/STM32WBxx_HAL_Driver/Inc/stm32wbxx_ll_bus.h ****   * @note  (*) Not supported by all the devices
 623:Drivers/STM32WBxx_HAL_Driver/Inc/stm32wbxx_ll_bus.h ****   * @retval None
 624:Drivers/STM32WBxx_HAL_Driver/Inc/stm32wbxx_ll_bus.h ****   */
 625:Drivers/STM32WBxx_HAL_Driver/Inc/stm32wbxx_ll_bus.h **** __STATIC_INLINE void LL_AHB2_GRP1_ForceReset(uint32_t Periphs)
 626:Drivers/STM32WBxx_HAL_Driver/Inc/stm32wbxx_ll_bus.h **** {
 627:Drivers/STM32WBxx_HAL_Driver/Inc/stm32wbxx_ll_bus.h ****   SET_BIT(RCC->AHB2RSTR, Periphs);
 628:Drivers/STM32WBxx_HAL_Driver/Inc/stm32wbxx_ll_bus.h **** }
 629:Drivers/STM32WBxx_HAL_Driver/Inc/stm32wbxx_ll_bus.h **** 
 630:Drivers/STM32WBxx_HAL_Driver/Inc/stm32wbxx_ll_bus.h **** /**
 631:Drivers/STM32WBxx_HAL_Driver/Inc/stm32wbxx_ll_bus.h ****   * @brief  Release AHB2 peripherals reset.
 632:Drivers/STM32WBxx_HAL_Driver/Inc/stm32wbxx_ll_bus.h ****   * @rmtoll AHB2RSTR     GPIOARST      LL_AHB2_GRP1_ReleaseReset\n
 633:Drivers/STM32WBxx_HAL_Driver/Inc/stm32wbxx_ll_bus.h ****   *         AHB2RSTR     GPIOBRST      LL_AHB2_GRP1_ReleaseReset\n
 634:Drivers/STM32WBxx_HAL_Driver/Inc/stm32wbxx_ll_bus.h ****   *         AHB2RSTR     GPIOCRST      LL_AHB2_GRP1_ReleaseReset\n
 635:Drivers/STM32WBxx_HAL_Driver/Inc/stm32wbxx_ll_bus.h ****   *         AHB2RSTR     GPIODRST      LL_AHB2_GRP1_ReleaseReset\n
 636:Drivers/STM32WBxx_HAL_Driver/Inc/stm32wbxx_ll_bus.h ****   *         AHB2RSTR     GPIOERST      LL_AHB2_GRP1_ReleaseReset\n
 637:Drivers/STM32WBxx_HAL_Driver/Inc/stm32wbxx_ll_bus.h ****   *         AHB2RSTR     GPIOHRST      LL_AHB2_GRP1_ReleaseReset\n
 638:Drivers/STM32WBxx_HAL_Driver/Inc/stm32wbxx_ll_bus.h ****   *         AHB2RSTR     ADCRST        LL_AHB2_GRP1_ReleaseReset\n
 639:Drivers/STM32WBxx_HAL_Driver/Inc/stm32wbxx_ll_bus.h ****   *         AHB2RSTR     AES1RST       LL_AHB2_GRP1_ReleaseReset
 640:Drivers/STM32WBxx_HAL_Driver/Inc/stm32wbxx_ll_bus.h ****   * @param  Periphs This parameter can be a combination of the following values:
 641:Drivers/STM32WBxx_HAL_Driver/Inc/stm32wbxx_ll_bus.h ****   *         @arg @ref LL_AHB2_GRP1_PERIPH_ALL
 642:Drivers/STM32WBxx_HAL_Driver/Inc/stm32wbxx_ll_bus.h ****   *         @arg @ref LL_AHB2_GRP1_PERIPH_GPIOA
 643:Drivers/STM32WBxx_HAL_Driver/Inc/stm32wbxx_ll_bus.h ****   *         @arg @ref LL_AHB2_GRP1_PERIPH_GPIOB
 644:Drivers/STM32WBxx_HAL_Driver/Inc/stm32wbxx_ll_bus.h ****   *         @arg @ref LL_AHB2_GRP1_PERIPH_GPIOC
 645:Drivers/STM32WBxx_HAL_Driver/Inc/stm32wbxx_ll_bus.h ****   *         @arg @ref LL_AHB2_GRP1_PERIPH_GPIOD (*)
 646:Drivers/STM32WBxx_HAL_Driver/Inc/stm32wbxx_ll_bus.h ****   *         @arg @ref LL_AHB2_GRP1_PERIPH_GPIOE
ARM GAS  C:\Users\bku598\AppData\Local\Temp\ccPOR4r7.s 			page 89


 647:Drivers/STM32WBxx_HAL_Driver/Inc/stm32wbxx_ll_bus.h ****   *         @arg @ref LL_AHB2_GRP1_PERIPH_GPIOH
 648:Drivers/STM32WBxx_HAL_Driver/Inc/stm32wbxx_ll_bus.h ****   *         @arg @ref LL_AHB2_GRP1_PERIPH_ADC (*)
 649:Drivers/STM32WBxx_HAL_Driver/Inc/stm32wbxx_ll_bus.h ****   *         @arg @ref LL_AHB2_GRP1_PERIPH_AES1 (*)
 650:Drivers/STM32WBxx_HAL_Driver/Inc/stm32wbxx_ll_bus.h ****   * @note  (*) Not supported by all the devices
 651:Drivers/STM32WBxx_HAL_Driver/Inc/stm32wbxx_ll_bus.h ****   * @retval None
 652:Drivers/STM32WBxx_HAL_Driver/Inc/stm32wbxx_ll_bus.h ****   */
 653:Drivers/STM32WBxx_HAL_Driver/Inc/stm32wbxx_ll_bus.h **** __STATIC_INLINE void LL_AHB2_GRP1_ReleaseReset(uint32_t Periphs)
 654:Drivers/STM32WBxx_HAL_Driver/Inc/stm32wbxx_ll_bus.h **** {
 655:Drivers/STM32WBxx_HAL_Driver/Inc/stm32wbxx_ll_bus.h ****   CLEAR_BIT(RCC->AHB2RSTR, Periphs);
 656:Drivers/STM32WBxx_HAL_Driver/Inc/stm32wbxx_ll_bus.h **** }
 657:Drivers/STM32WBxx_HAL_Driver/Inc/stm32wbxx_ll_bus.h **** 
 658:Drivers/STM32WBxx_HAL_Driver/Inc/stm32wbxx_ll_bus.h **** /**
 659:Drivers/STM32WBxx_HAL_Driver/Inc/stm32wbxx_ll_bus.h ****   * @brief  Enable AHB2 peripherals clock during Low Power (Sleep) mode.
 660:Drivers/STM32WBxx_HAL_Driver/Inc/stm32wbxx_ll_bus.h ****   * @rmtoll AHB2SMENR    GPIOASMEN     LL_AHB2_GRP1_EnableClockSleep\n
 661:Drivers/STM32WBxx_HAL_Driver/Inc/stm32wbxx_ll_bus.h ****   *         AHB2SMENR    GPIOBSMEN     LL_AHB2_GRP1_EnableClockSleep\n
 662:Drivers/STM32WBxx_HAL_Driver/Inc/stm32wbxx_ll_bus.h ****   *         AHB2SMENR    GPIOCSMEN     LL_AHB2_GRP1_EnableClockSleep\n
 663:Drivers/STM32WBxx_HAL_Driver/Inc/stm32wbxx_ll_bus.h ****   *         AHB2SMENR    GPIODSMEN     LL_AHB2_GRP1_EnableClockSleep\n
 664:Drivers/STM32WBxx_HAL_Driver/Inc/stm32wbxx_ll_bus.h ****   *         AHB2SMENR    GPIOESMEN     LL_AHB2_GRP1_EnableClockSleep\n
 665:Drivers/STM32WBxx_HAL_Driver/Inc/stm32wbxx_ll_bus.h ****   *         AHB2SMENR    GPIOHSMEN     LL_AHB2_GRP1_EnableClockSleep\n
 666:Drivers/STM32WBxx_HAL_Driver/Inc/stm32wbxx_ll_bus.h ****   *         AHB2SMENR    ADCSMEN       LL_AHB2_GRP1_EnableClockSleep\n
 667:Drivers/STM32WBxx_HAL_Driver/Inc/stm32wbxx_ll_bus.h ****   *         AHB2SMENR    AES1SMEN      LL_AHB2_GRP1_EnableClockSleep
 668:Drivers/STM32WBxx_HAL_Driver/Inc/stm32wbxx_ll_bus.h ****   * @param  Periphs This parameter can be a combination of the following values:
 669:Drivers/STM32WBxx_HAL_Driver/Inc/stm32wbxx_ll_bus.h ****   *         @arg @ref LL_AHB2_GRP1_PERIPH_GPIOA
 670:Drivers/STM32WBxx_HAL_Driver/Inc/stm32wbxx_ll_bus.h ****   *         @arg @ref LL_AHB2_GRP1_PERIPH_GPIOB
 671:Drivers/STM32WBxx_HAL_Driver/Inc/stm32wbxx_ll_bus.h ****   *         @arg @ref LL_AHB2_GRP1_PERIPH_GPIOC
 672:Drivers/STM32WBxx_HAL_Driver/Inc/stm32wbxx_ll_bus.h ****   *         @arg @ref LL_AHB2_GRP1_PERIPH_GPIOD (*)
 673:Drivers/STM32WBxx_HAL_Driver/Inc/stm32wbxx_ll_bus.h ****   *         @arg @ref LL_AHB2_GRP1_PERIPH_GPIOE
 674:Drivers/STM32WBxx_HAL_Driver/Inc/stm32wbxx_ll_bus.h ****   *         @arg @ref LL_AHB2_GRP1_PERIPH_GPIOH
 675:Drivers/STM32WBxx_HAL_Driver/Inc/stm32wbxx_ll_bus.h ****   *         @arg @ref LL_AHB2_GRP1_PERIPH_ADC (*)
 676:Drivers/STM32WBxx_HAL_Driver/Inc/stm32wbxx_ll_bus.h ****   *         @arg @ref LL_AHB2_GRP1_PERIPH_AES1 (*)
 677:Drivers/STM32WBxx_HAL_Driver/Inc/stm32wbxx_ll_bus.h ****   * @note  (*) Not supported by all the devices
 678:Drivers/STM32WBxx_HAL_Driver/Inc/stm32wbxx_ll_bus.h ****   * @retval None
 679:Drivers/STM32WBxx_HAL_Driver/Inc/stm32wbxx_ll_bus.h ****   */
 680:Drivers/STM32WBxx_HAL_Driver/Inc/stm32wbxx_ll_bus.h **** __STATIC_INLINE void LL_AHB2_GRP1_EnableClockSleep(uint32_t Periphs)
 681:Drivers/STM32WBxx_HAL_Driver/Inc/stm32wbxx_ll_bus.h **** {
 682:Drivers/STM32WBxx_HAL_Driver/Inc/stm32wbxx_ll_bus.h ****   __IO uint32_t tmpreg;
 683:Drivers/STM32WBxx_HAL_Driver/Inc/stm32wbxx_ll_bus.h ****   SET_BIT(RCC->AHB2SMENR, Periphs);
 684:Drivers/STM32WBxx_HAL_Driver/Inc/stm32wbxx_ll_bus.h ****   /* Delay after an RCC peripheral clock enabling */
 685:Drivers/STM32WBxx_HAL_Driver/Inc/stm32wbxx_ll_bus.h ****   tmpreg = READ_BIT(RCC->AHB2SMENR, Periphs);
 686:Drivers/STM32WBxx_HAL_Driver/Inc/stm32wbxx_ll_bus.h ****   (void)tmpreg;
 687:Drivers/STM32WBxx_HAL_Driver/Inc/stm32wbxx_ll_bus.h **** }
 688:Drivers/STM32WBxx_HAL_Driver/Inc/stm32wbxx_ll_bus.h **** 
 689:Drivers/STM32WBxx_HAL_Driver/Inc/stm32wbxx_ll_bus.h **** /**
 690:Drivers/STM32WBxx_HAL_Driver/Inc/stm32wbxx_ll_bus.h ****   * @brief  Disable AHB2 peripherals clock during Low Power (Sleep) mode.
 691:Drivers/STM32WBxx_HAL_Driver/Inc/stm32wbxx_ll_bus.h ****   * @rmtoll AHB2SMENR    GPIOASMEN     LL_AHB2_GRP1_DisableClockSleep\n
 692:Drivers/STM32WBxx_HAL_Driver/Inc/stm32wbxx_ll_bus.h ****   *         AHB2SMENR    GPIOBSMEN     LL_AHB2_GRP1_DisableClockSleep\n
 693:Drivers/STM32WBxx_HAL_Driver/Inc/stm32wbxx_ll_bus.h ****   *         AHB2SMENR    GPIOCSMEN     LL_AHB2_GRP1_DisableClockSleep\n
 694:Drivers/STM32WBxx_HAL_Driver/Inc/stm32wbxx_ll_bus.h ****   *         AHB2SMENR    GPIODSMEN     LL_AHB2_GRP1_DisableClockSleep\n
 695:Drivers/STM32WBxx_HAL_Driver/Inc/stm32wbxx_ll_bus.h ****   *         AHB2SMENR    GPIOESMEN     LL_AHB2_GRP1_DisableClockSleep\n
 696:Drivers/STM32WBxx_HAL_Driver/Inc/stm32wbxx_ll_bus.h ****   *         AHB2SMENR    GPIOHSMEN     LL_AHB2_GRP1_DisableClockSleep\n
 697:Drivers/STM32WBxx_HAL_Driver/Inc/stm32wbxx_ll_bus.h ****   *         AHB2SMENR    ADCSMEN       LL_AHB2_GRP1_DisableClockSleep\n
 698:Drivers/STM32WBxx_HAL_Driver/Inc/stm32wbxx_ll_bus.h ****   *         AHB2SMENR    AES1SMEN      LL_AHB2_GRP1_DisableClockSleep
 699:Drivers/STM32WBxx_HAL_Driver/Inc/stm32wbxx_ll_bus.h ****   * @param  Periphs This parameter can be a combination of the following values:
 700:Drivers/STM32WBxx_HAL_Driver/Inc/stm32wbxx_ll_bus.h ****   *         @arg @ref LL_AHB2_GRP1_PERIPH_GPIOA
 701:Drivers/STM32WBxx_HAL_Driver/Inc/stm32wbxx_ll_bus.h ****   *         @arg @ref LL_AHB2_GRP1_PERIPH_GPIOB
 702:Drivers/STM32WBxx_HAL_Driver/Inc/stm32wbxx_ll_bus.h ****   *         @arg @ref LL_AHB2_GRP1_PERIPH_GPIOC
 703:Drivers/STM32WBxx_HAL_Driver/Inc/stm32wbxx_ll_bus.h ****   *         @arg @ref LL_AHB2_GRP1_PERIPH_GPIOD (*)
ARM GAS  C:\Users\bku598\AppData\Local\Temp\ccPOR4r7.s 			page 90


 704:Drivers/STM32WBxx_HAL_Driver/Inc/stm32wbxx_ll_bus.h ****   *         @arg @ref LL_AHB2_GRP1_PERIPH_GPIOE
 705:Drivers/STM32WBxx_HAL_Driver/Inc/stm32wbxx_ll_bus.h ****   *         @arg @ref LL_AHB2_GRP1_PERIPH_GPIOH
 706:Drivers/STM32WBxx_HAL_Driver/Inc/stm32wbxx_ll_bus.h ****   *         @arg @ref LL_AHB2_GRP1_PERIPH_ADC (*)
 707:Drivers/STM32WBxx_HAL_Driver/Inc/stm32wbxx_ll_bus.h ****   *         @arg @ref LL_AHB2_GRP1_PERIPH_AES1 (*)
 708:Drivers/STM32WBxx_HAL_Driver/Inc/stm32wbxx_ll_bus.h ****   * @note  (*) Not supported by all the devices
 709:Drivers/STM32WBxx_HAL_Driver/Inc/stm32wbxx_ll_bus.h ****   * @retval None
 710:Drivers/STM32WBxx_HAL_Driver/Inc/stm32wbxx_ll_bus.h ****   */
 711:Drivers/STM32WBxx_HAL_Driver/Inc/stm32wbxx_ll_bus.h **** __STATIC_INLINE void LL_AHB2_GRP1_DisableClockSleep(uint32_t Periphs)
 712:Drivers/STM32WBxx_HAL_Driver/Inc/stm32wbxx_ll_bus.h **** {
 713:Drivers/STM32WBxx_HAL_Driver/Inc/stm32wbxx_ll_bus.h ****   CLEAR_BIT(RCC->AHB2SMENR, Periphs);
 714:Drivers/STM32WBxx_HAL_Driver/Inc/stm32wbxx_ll_bus.h **** }
 715:Drivers/STM32WBxx_HAL_Driver/Inc/stm32wbxx_ll_bus.h **** 
 716:Drivers/STM32WBxx_HAL_Driver/Inc/stm32wbxx_ll_bus.h **** /**
 717:Drivers/STM32WBxx_HAL_Driver/Inc/stm32wbxx_ll_bus.h ****   * @}
 718:Drivers/STM32WBxx_HAL_Driver/Inc/stm32wbxx_ll_bus.h ****   */
 719:Drivers/STM32WBxx_HAL_Driver/Inc/stm32wbxx_ll_bus.h **** 
 720:Drivers/STM32WBxx_HAL_Driver/Inc/stm32wbxx_ll_bus.h **** /** @defgroup BUS_LL_EF_AHB3 AHB3
 721:Drivers/STM32WBxx_HAL_Driver/Inc/stm32wbxx_ll_bus.h ****   * @{
 722:Drivers/STM32WBxx_HAL_Driver/Inc/stm32wbxx_ll_bus.h ****   */
 723:Drivers/STM32WBxx_HAL_Driver/Inc/stm32wbxx_ll_bus.h **** 
 724:Drivers/STM32WBxx_HAL_Driver/Inc/stm32wbxx_ll_bus.h **** /**
 725:Drivers/STM32WBxx_HAL_Driver/Inc/stm32wbxx_ll_bus.h ****   * @brief  Enable AHB3 peripherals clock.
 726:Drivers/STM32WBxx_HAL_Driver/Inc/stm32wbxx_ll_bus.h ****   * @rmtoll AHB3ENR      QUADSPIEN     LL_AHB3_GRP1_EnableClock\n
 727:Drivers/STM32WBxx_HAL_Driver/Inc/stm32wbxx_ll_bus.h ****   *         AHB3ENR      PKAEN         LL_AHB3_GRP1_EnableClock\n
 728:Drivers/STM32WBxx_HAL_Driver/Inc/stm32wbxx_ll_bus.h ****   *         AHB3ENR      AES2EN        LL_AHB3_GRP1_EnableClock\n
 729:Drivers/STM32WBxx_HAL_Driver/Inc/stm32wbxx_ll_bus.h ****   *         AHB3ENR      RNGEN         LL_AHB3_GRP1_EnableClock\n
 730:Drivers/STM32WBxx_HAL_Driver/Inc/stm32wbxx_ll_bus.h ****   *         AHB3ENR      HSEMEN        LL_AHB3_GRP1_EnableClock\n
 731:Drivers/STM32WBxx_HAL_Driver/Inc/stm32wbxx_ll_bus.h ****   *         AHB3ENR      IPCCEN        LL_AHB3_GRP1_EnableClock\n
 732:Drivers/STM32WBxx_HAL_Driver/Inc/stm32wbxx_ll_bus.h ****   *         AHB3ENR      FLASHEN       LL_AHB3_GRP1_EnableClock
 733:Drivers/STM32WBxx_HAL_Driver/Inc/stm32wbxx_ll_bus.h ****   * @param  Periphs This parameter can be a combination of the following values:
 734:Drivers/STM32WBxx_HAL_Driver/Inc/stm32wbxx_ll_bus.h ****   *         @arg @ref LL_AHB3_GRP1_PERIPH_QUADSPI (*)
 735:Drivers/STM32WBxx_HAL_Driver/Inc/stm32wbxx_ll_bus.h ****   *         @arg @ref LL_AHB3_GRP1_PERIPH_PKA
 736:Drivers/STM32WBxx_HAL_Driver/Inc/stm32wbxx_ll_bus.h ****   *         @arg @ref LL_AHB3_GRP1_PERIPH_AES2
 737:Drivers/STM32WBxx_HAL_Driver/Inc/stm32wbxx_ll_bus.h ****   *         @arg @ref LL_AHB3_GRP1_PERIPH_RNG
 738:Drivers/STM32WBxx_HAL_Driver/Inc/stm32wbxx_ll_bus.h ****   *         @arg @ref LL_AHB3_GRP1_PERIPH_HSEM
 739:Drivers/STM32WBxx_HAL_Driver/Inc/stm32wbxx_ll_bus.h ****   *         @arg @ref LL_AHB3_GRP1_PERIPH_IPCC
 740:Drivers/STM32WBxx_HAL_Driver/Inc/stm32wbxx_ll_bus.h ****   *         @arg @ref LL_AHB3_GRP1_PERIPH_FLASH
 741:Drivers/STM32WBxx_HAL_Driver/Inc/stm32wbxx_ll_bus.h ****   * @note  (*) Not supported by all the devices
 742:Drivers/STM32WBxx_HAL_Driver/Inc/stm32wbxx_ll_bus.h ****   * @retval None
 743:Drivers/STM32WBxx_HAL_Driver/Inc/stm32wbxx_ll_bus.h ****   */
 744:Drivers/STM32WBxx_HAL_Driver/Inc/stm32wbxx_ll_bus.h **** __STATIC_INLINE void LL_AHB3_GRP1_EnableClock(uint32_t Periphs)
 745:Drivers/STM32WBxx_HAL_Driver/Inc/stm32wbxx_ll_bus.h **** {
 746:Drivers/STM32WBxx_HAL_Driver/Inc/stm32wbxx_ll_bus.h ****   __IO uint32_t tmpreg;
 747:Drivers/STM32WBxx_HAL_Driver/Inc/stm32wbxx_ll_bus.h ****   SET_BIT(RCC->AHB3ENR, Periphs);
 748:Drivers/STM32WBxx_HAL_Driver/Inc/stm32wbxx_ll_bus.h ****   /* Delay after an RCC peripheral clock enabling */
 749:Drivers/STM32WBxx_HAL_Driver/Inc/stm32wbxx_ll_bus.h ****   tmpreg = READ_BIT(RCC->AHB3ENR, Periphs);
 750:Drivers/STM32WBxx_HAL_Driver/Inc/stm32wbxx_ll_bus.h ****   (void)tmpreg;
 751:Drivers/STM32WBxx_HAL_Driver/Inc/stm32wbxx_ll_bus.h **** }
 752:Drivers/STM32WBxx_HAL_Driver/Inc/stm32wbxx_ll_bus.h **** 
 753:Drivers/STM32WBxx_HAL_Driver/Inc/stm32wbxx_ll_bus.h **** /**
 754:Drivers/STM32WBxx_HAL_Driver/Inc/stm32wbxx_ll_bus.h ****   * @brief  Check if AHB3 peripheral clock is enabled or not
 755:Drivers/STM32WBxx_HAL_Driver/Inc/stm32wbxx_ll_bus.h ****   * @rmtoll AHB3ENR      QUADSPIEN     LL_AHB3_GRP1_IsEnabledClock\n
 756:Drivers/STM32WBxx_HAL_Driver/Inc/stm32wbxx_ll_bus.h ****   *         AHB3ENR      PKAEN         LL_AHB3_GRP1_IsEnabledClock\n
 757:Drivers/STM32WBxx_HAL_Driver/Inc/stm32wbxx_ll_bus.h ****   *         AHB3ENR      AES2EN        LL_AHB3_GRP1_IsEnabledClock\n
 758:Drivers/STM32WBxx_HAL_Driver/Inc/stm32wbxx_ll_bus.h ****   *         AHB3ENR      RNGEN         LL_AHB3_GRP1_IsEnabledClock\n
 759:Drivers/STM32WBxx_HAL_Driver/Inc/stm32wbxx_ll_bus.h ****   *         AHB3ENR      HSEMEN        LL_AHB3_GRP1_IsEnabledClock\n
 760:Drivers/STM32WBxx_HAL_Driver/Inc/stm32wbxx_ll_bus.h ****   *         AHB3ENR      IPCCEN        LL_AHB3_GRP1_IsEnabledClock\n
ARM GAS  C:\Users\bku598\AppData\Local\Temp\ccPOR4r7.s 			page 91


 761:Drivers/STM32WBxx_HAL_Driver/Inc/stm32wbxx_ll_bus.h ****   *         AHB3ENR      FLASHEN       LL_AHB3_GRP1_IsEnabledClock
 762:Drivers/STM32WBxx_HAL_Driver/Inc/stm32wbxx_ll_bus.h ****   * @param  Periphs This parameter can be a combination of the following values:
 763:Drivers/STM32WBxx_HAL_Driver/Inc/stm32wbxx_ll_bus.h ****   *         @arg @ref LL_AHB3_GRP1_PERIPH_QUADSPI (*)
 764:Drivers/STM32WBxx_HAL_Driver/Inc/stm32wbxx_ll_bus.h ****   *         @arg @ref LL_AHB3_GRP1_PERIPH_PKA
 765:Drivers/STM32WBxx_HAL_Driver/Inc/stm32wbxx_ll_bus.h ****   *         @arg @ref LL_AHB3_GRP1_PERIPH_AES2
 766:Drivers/STM32WBxx_HAL_Driver/Inc/stm32wbxx_ll_bus.h ****   *         @arg @ref LL_AHB3_GRP1_PERIPH_RNG
 767:Drivers/STM32WBxx_HAL_Driver/Inc/stm32wbxx_ll_bus.h ****   *         @arg @ref LL_AHB3_GRP1_PERIPH_HSEM
 768:Drivers/STM32WBxx_HAL_Driver/Inc/stm32wbxx_ll_bus.h ****   *         @arg @ref LL_AHB3_GRP1_PERIPH_IPCC
 769:Drivers/STM32WBxx_HAL_Driver/Inc/stm32wbxx_ll_bus.h ****   *         @arg @ref LL_AHB3_GRP1_PERIPH_FLASH
 770:Drivers/STM32WBxx_HAL_Driver/Inc/stm32wbxx_ll_bus.h ****   * @note  (*) Not supported by all the devices
 771:Drivers/STM32WBxx_HAL_Driver/Inc/stm32wbxx_ll_bus.h ****   * @retval uint32_t
 772:Drivers/STM32WBxx_HAL_Driver/Inc/stm32wbxx_ll_bus.h ****   */
 773:Drivers/STM32WBxx_HAL_Driver/Inc/stm32wbxx_ll_bus.h **** __STATIC_INLINE uint32_t LL_AHB3_GRP1_IsEnabledClock(uint32_t Periphs)
 774:Drivers/STM32WBxx_HAL_Driver/Inc/stm32wbxx_ll_bus.h **** {
 775:Drivers/STM32WBxx_HAL_Driver/Inc/stm32wbxx_ll_bus.h ****   return ((READ_BIT(RCC->AHB3ENR, Periphs) == (Periphs)) ? 1UL : 0UL);
 776:Drivers/STM32WBxx_HAL_Driver/Inc/stm32wbxx_ll_bus.h **** }
 777:Drivers/STM32WBxx_HAL_Driver/Inc/stm32wbxx_ll_bus.h **** 
 778:Drivers/STM32WBxx_HAL_Driver/Inc/stm32wbxx_ll_bus.h **** /**
 779:Drivers/STM32WBxx_HAL_Driver/Inc/stm32wbxx_ll_bus.h ****   * @brief  Disable AHB3 peripherals clock.
 780:Drivers/STM32WBxx_HAL_Driver/Inc/stm32wbxx_ll_bus.h ****   * @rmtoll AHB3ENR      QUADSPIEN     LL_AHB3_GRP1_DisableClock\n
 781:Drivers/STM32WBxx_HAL_Driver/Inc/stm32wbxx_ll_bus.h ****   *         AHB3ENR      PKAEN         LL_AHB3_GRP1_DisableClock\n
 782:Drivers/STM32WBxx_HAL_Driver/Inc/stm32wbxx_ll_bus.h ****   *         AHB3ENR      AES2EN        LL_AHB3_GRP1_DisableClock\n
 783:Drivers/STM32WBxx_HAL_Driver/Inc/stm32wbxx_ll_bus.h ****   *         AHB3ENR      RNGEN         LL_AHB3_GRP1_DisableClock\n
 784:Drivers/STM32WBxx_HAL_Driver/Inc/stm32wbxx_ll_bus.h ****   *         AHB3ENR      HSEMEN        LL_AHB3_GRP1_DisableClock\n
 785:Drivers/STM32WBxx_HAL_Driver/Inc/stm32wbxx_ll_bus.h ****   *         AHB3ENR      IPCCEN        LL_AHB3_GRP1_DisableClock\n
 786:Drivers/STM32WBxx_HAL_Driver/Inc/stm32wbxx_ll_bus.h ****   *         AHB3ENR      FLASHEN       LL_AHB3_GRP1_DisableClock
 787:Drivers/STM32WBxx_HAL_Driver/Inc/stm32wbxx_ll_bus.h ****   * @param  Periphs This parameter can be a combination of the following values:
 788:Drivers/STM32WBxx_HAL_Driver/Inc/stm32wbxx_ll_bus.h ****   *         @arg @ref LL_AHB3_GRP1_PERIPH_QUADSPI (*)
 789:Drivers/STM32WBxx_HAL_Driver/Inc/stm32wbxx_ll_bus.h ****   *         @arg @ref LL_AHB3_GRP1_PERIPH_PKA
 790:Drivers/STM32WBxx_HAL_Driver/Inc/stm32wbxx_ll_bus.h ****   *         @arg @ref LL_AHB3_GRP1_PERIPH_AES2
 791:Drivers/STM32WBxx_HAL_Driver/Inc/stm32wbxx_ll_bus.h ****   *         @arg @ref LL_AHB3_GRP1_PERIPH_RNG
 792:Drivers/STM32WBxx_HAL_Driver/Inc/stm32wbxx_ll_bus.h ****   *         @arg @ref LL_AHB3_GRP1_PERIPH_HSEM
 793:Drivers/STM32WBxx_HAL_Driver/Inc/stm32wbxx_ll_bus.h ****   *         @arg @ref LL_AHB3_GRP1_PERIPH_IPCC
 794:Drivers/STM32WBxx_HAL_Driver/Inc/stm32wbxx_ll_bus.h ****   *         @arg @ref LL_AHB3_GRP1_PERIPH_FLASH
 795:Drivers/STM32WBxx_HAL_Driver/Inc/stm32wbxx_ll_bus.h ****   * @note  (*) Not supported by all the devices
 796:Drivers/STM32WBxx_HAL_Driver/Inc/stm32wbxx_ll_bus.h ****   * @retval None
 797:Drivers/STM32WBxx_HAL_Driver/Inc/stm32wbxx_ll_bus.h ****   */
 798:Drivers/STM32WBxx_HAL_Driver/Inc/stm32wbxx_ll_bus.h **** __STATIC_INLINE void LL_AHB3_GRP1_DisableClock(uint32_t Periphs)
 799:Drivers/STM32WBxx_HAL_Driver/Inc/stm32wbxx_ll_bus.h **** {
 800:Drivers/STM32WBxx_HAL_Driver/Inc/stm32wbxx_ll_bus.h ****   CLEAR_BIT(RCC->AHB3ENR, Periphs);
 801:Drivers/STM32WBxx_HAL_Driver/Inc/stm32wbxx_ll_bus.h **** }
 802:Drivers/STM32WBxx_HAL_Driver/Inc/stm32wbxx_ll_bus.h **** 
 803:Drivers/STM32WBxx_HAL_Driver/Inc/stm32wbxx_ll_bus.h **** /**
 804:Drivers/STM32WBxx_HAL_Driver/Inc/stm32wbxx_ll_bus.h ****   * @brief  Force AHB3 peripherals reset.
 805:Drivers/STM32WBxx_HAL_Driver/Inc/stm32wbxx_ll_bus.h ****   * @rmtoll AHB3RSTR     QUADSPIRST       LL_AHB3_GRP1_ForceReset\n
 806:Drivers/STM32WBxx_HAL_Driver/Inc/stm32wbxx_ll_bus.h ****   *         AHB3RSTR     PKARST        LL_AHB3_GRP1_ForceReset\n
 807:Drivers/STM32WBxx_HAL_Driver/Inc/stm32wbxx_ll_bus.h ****   *         AHB3RSTR     AES2RST       LL_AHB3_GRP1_ForceReset\n
 808:Drivers/STM32WBxx_HAL_Driver/Inc/stm32wbxx_ll_bus.h ****   *         AHB3RSTR     RNGRST        LL_AHB3_GRP1_ForceReset\n
 809:Drivers/STM32WBxx_HAL_Driver/Inc/stm32wbxx_ll_bus.h ****   *         AHB3RSTR     HSEMRST       LL_AHB3_GRP1_ForceReset\n
 810:Drivers/STM32WBxx_HAL_Driver/Inc/stm32wbxx_ll_bus.h ****   *         AHB3RSTR     IPCCRST       LL_AHB3_GRP1_ForceReset\n
 811:Drivers/STM32WBxx_HAL_Driver/Inc/stm32wbxx_ll_bus.h ****   *         AHB3RSTR     FLASHRST      LL_AHB3_GRP1_ForceReset
 812:Drivers/STM32WBxx_HAL_Driver/Inc/stm32wbxx_ll_bus.h ****   * @param  Periphs This parameter can be a combination of the following values:
 813:Drivers/STM32WBxx_HAL_Driver/Inc/stm32wbxx_ll_bus.h ****   *         @arg @ref LL_AHB3_GRP1_PERIPH_ALL
 814:Drivers/STM32WBxx_HAL_Driver/Inc/stm32wbxx_ll_bus.h ****   *         @arg @ref LL_AHB3_GRP1_PERIPH_QUADSPI (*)
 815:Drivers/STM32WBxx_HAL_Driver/Inc/stm32wbxx_ll_bus.h ****   *         @arg @ref LL_AHB3_GRP1_PERIPH_PKA
 816:Drivers/STM32WBxx_HAL_Driver/Inc/stm32wbxx_ll_bus.h ****   *         @arg @ref LL_AHB3_GRP1_PERIPH_AES2
 817:Drivers/STM32WBxx_HAL_Driver/Inc/stm32wbxx_ll_bus.h ****   *         @arg @ref LL_AHB3_GRP1_PERIPH_RNG
ARM GAS  C:\Users\bku598\AppData\Local\Temp\ccPOR4r7.s 			page 92


 818:Drivers/STM32WBxx_HAL_Driver/Inc/stm32wbxx_ll_bus.h ****   *         @arg @ref LL_AHB3_GRP1_PERIPH_HSEM
 819:Drivers/STM32WBxx_HAL_Driver/Inc/stm32wbxx_ll_bus.h ****   *         @arg @ref LL_AHB3_GRP1_PERIPH_IPCC
 820:Drivers/STM32WBxx_HAL_Driver/Inc/stm32wbxx_ll_bus.h ****   *         @arg @ref LL_AHB3_GRP1_PERIPH_FLASH
 821:Drivers/STM32WBxx_HAL_Driver/Inc/stm32wbxx_ll_bus.h ****   * @note  (*) Not supported by all the devices
 822:Drivers/STM32WBxx_HAL_Driver/Inc/stm32wbxx_ll_bus.h ****   * @retval None
 823:Drivers/STM32WBxx_HAL_Driver/Inc/stm32wbxx_ll_bus.h ****   */
 824:Drivers/STM32WBxx_HAL_Driver/Inc/stm32wbxx_ll_bus.h **** __STATIC_INLINE void LL_AHB3_GRP1_ForceReset(uint32_t Periphs)
 825:Drivers/STM32WBxx_HAL_Driver/Inc/stm32wbxx_ll_bus.h **** {
 826:Drivers/STM32WBxx_HAL_Driver/Inc/stm32wbxx_ll_bus.h ****   SET_BIT(RCC->AHB3RSTR, Periphs);
 827:Drivers/STM32WBxx_HAL_Driver/Inc/stm32wbxx_ll_bus.h **** }
 828:Drivers/STM32WBxx_HAL_Driver/Inc/stm32wbxx_ll_bus.h **** 
 829:Drivers/STM32WBxx_HAL_Driver/Inc/stm32wbxx_ll_bus.h **** /**
 830:Drivers/STM32WBxx_HAL_Driver/Inc/stm32wbxx_ll_bus.h ****   * @brief  Release AHB3 peripherals reset.
 831:Drivers/STM32WBxx_HAL_Driver/Inc/stm32wbxx_ll_bus.h ****   * @rmtoll AHB3RSTR     QUADSPIRST    LL_AHB3_GRP1_ReleaseReset\n
 832:Drivers/STM32WBxx_HAL_Driver/Inc/stm32wbxx_ll_bus.h ****   *         AHB3RSTR     PKARST        LL_AHB3_GRP1_ReleaseReset\n
 833:Drivers/STM32WBxx_HAL_Driver/Inc/stm32wbxx_ll_bus.h ****   *         AHB3RSTR     AES2RST       LL_AHB3_GRP1_ReleaseReset\n
 834:Drivers/STM32WBxx_HAL_Driver/Inc/stm32wbxx_ll_bus.h ****   *         AHB3RSTR     RNGRST        LL_AHB3_GRP1_ReleaseReset\n
 835:Drivers/STM32WBxx_HAL_Driver/Inc/stm32wbxx_ll_bus.h ****   *         AHB3RSTR     HSEMRST       LL_AHB3_GRP1_ReleaseReset\n
 836:Drivers/STM32WBxx_HAL_Driver/Inc/stm32wbxx_ll_bus.h ****   *         AHB3RSTR     IPCCRST       LL_AHB3_GRP1_ReleaseReset\n
 837:Drivers/STM32WBxx_HAL_Driver/Inc/stm32wbxx_ll_bus.h ****   *         AHB3RSTR     FLASHRST      LL_AHB3_GRP1_ReleaseReset
 838:Drivers/STM32WBxx_HAL_Driver/Inc/stm32wbxx_ll_bus.h ****   * @param  Periphs This parameter can be a combination of the following values:
 839:Drivers/STM32WBxx_HAL_Driver/Inc/stm32wbxx_ll_bus.h ****   *         @arg @ref LL_AHB2_GRP1_PERIPH_ALL
 840:Drivers/STM32WBxx_HAL_Driver/Inc/stm32wbxx_ll_bus.h ****   *         @arg @ref LL_AHB3_GRP1_PERIPH_QUADSPI (*)
 841:Drivers/STM32WBxx_HAL_Driver/Inc/stm32wbxx_ll_bus.h ****   *         @arg @ref LL_AHB3_GRP1_PERIPH_PKA
 842:Drivers/STM32WBxx_HAL_Driver/Inc/stm32wbxx_ll_bus.h ****   *         @arg @ref LL_AHB3_GRP1_PERIPH_AES2
 843:Drivers/STM32WBxx_HAL_Driver/Inc/stm32wbxx_ll_bus.h ****   *         @arg @ref LL_AHB3_GRP1_PERIPH_RNG
 844:Drivers/STM32WBxx_HAL_Driver/Inc/stm32wbxx_ll_bus.h ****   *         @arg @ref LL_AHB3_GRP1_PERIPH_HSEM
 845:Drivers/STM32WBxx_HAL_Driver/Inc/stm32wbxx_ll_bus.h ****   *         @arg @ref LL_AHB3_GRP1_PERIPH_IPCC
 846:Drivers/STM32WBxx_HAL_Driver/Inc/stm32wbxx_ll_bus.h ****   *         @arg @ref LL_AHB3_GRP1_PERIPH_FLASH
 847:Drivers/STM32WBxx_HAL_Driver/Inc/stm32wbxx_ll_bus.h ****   * @note  (*) Not supported by all the devices
 848:Drivers/STM32WBxx_HAL_Driver/Inc/stm32wbxx_ll_bus.h ****   * @retval None
 849:Drivers/STM32WBxx_HAL_Driver/Inc/stm32wbxx_ll_bus.h ****   */
 850:Drivers/STM32WBxx_HAL_Driver/Inc/stm32wbxx_ll_bus.h **** __STATIC_INLINE void LL_AHB3_GRP1_ReleaseReset(uint32_t Periphs)
 851:Drivers/STM32WBxx_HAL_Driver/Inc/stm32wbxx_ll_bus.h **** {
 852:Drivers/STM32WBxx_HAL_Driver/Inc/stm32wbxx_ll_bus.h ****   CLEAR_BIT(RCC->AHB3RSTR, Periphs);
 853:Drivers/STM32WBxx_HAL_Driver/Inc/stm32wbxx_ll_bus.h **** }
 854:Drivers/STM32WBxx_HAL_Driver/Inc/stm32wbxx_ll_bus.h **** 
 855:Drivers/STM32WBxx_HAL_Driver/Inc/stm32wbxx_ll_bus.h **** /**
 856:Drivers/STM32WBxx_HAL_Driver/Inc/stm32wbxx_ll_bus.h ****   * @brief  Enable AHB3 peripherals clock during Low Power (Sleep) mode.
 857:Drivers/STM32WBxx_HAL_Driver/Inc/stm32wbxx_ll_bus.h ****   * @rmtoll AHB3SMENR    QUADSPISMEN   LL_AHB3_GRP1_EnableClockSleep\n
 858:Drivers/STM32WBxx_HAL_Driver/Inc/stm32wbxx_ll_bus.h ****   *         AHB3SMENR    PKASMEN       LL_AHB3_GRP1_EnableClockSleep\n
 859:Drivers/STM32WBxx_HAL_Driver/Inc/stm32wbxx_ll_bus.h ****   *         AHB3SMENR    AES2SMEN      LL_AHB3_GRP1_EnableClockSleep\n
 860:Drivers/STM32WBxx_HAL_Driver/Inc/stm32wbxx_ll_bus.h ****   *         AHB3SMENR    RNGSMEN       LL_AHB3_GRP1_EnableClockSleep\n
 861:Drivers/STM32WBxx_HAL_Driver/Inc/stm32wbxx_ll_bus.h ****   *         AHB3SMENR    SRAM2SMEN     LL_AHB3_GRP1_EnableClockSleep\n
 862:Drivers/STM32WBxx_HAL_Driver/Inc/stm32wbxx_ll_bus.h ****   *         AHB3SMENR    FLASHSMEN     LL_AHB3_GRP1_EnableClockSleep
 863:Drivers/STM32WBxx_HAL_Driver/Inc/stm32wbxx_ll_bus.h ****   * @param  Periphs This parameter can be a combination of the following values:
 864:Drivers/STM32WBxx_HAL_Driver/Inc/stm32wbxx_ll_bus.h ****   *         @arg @ref LL_AHB3_GRP1_PERIPH_QUADSPI (*)
 865:Drivers/STM32WBxx_HAL_Driver/Inc/stm32wbxx_ll_bus.h ****   *         @arg @ref LL_AHB3_GRP1_PERIPH_PKA
 866:Drivers/STM32WBxx_HAL_Driver/Inc/stm32wbxx_ll_bus.h ****   *         @arg @ref LL_AHB3_GRP1_PERIPH_AES2
 867:Drivers/STM32WBxx_HAL_Driver/Inc/stm32wbxx_ll_bus.h ****   *         @arg @ref LL_AHB3_GRP1_PERIPH_RNG
 868:Drivers/STM32WBxx_HAL_Driver/Inc/stm32wbxx_ll_bus.h ****   *         @arg @ref LL_AHB3_GRP1_PERIPH_SRAM2
 869:Drivers/STM32WBxx_HAL_Driver/Inc/stm32wbxx_ll_bus.h ****   * @note  (*) Not supported by all the devices
 870:Drivers/STM32WBxx_HAL_Driver/Inc/stm32wbxx_ll_bus.h ****   *         @arg @ref LL_AHB3_GRP1_PERIPH_FLASH
 871:Drivers/STM32WBxx_HAL_Driver/Inc/stm32wbxx_ll_bus.h ****   * @retval None
 872:Drivers/STM32WBxx_HAL_Driver/Inc/stm32wbxx_ll_bus.h ****   */
 873:Drivers/STM32WBxx_HAL_Driver/Inc/stm32wbxx_ll_bus.h **** __STATIC_INLINE void LL_AHB3_GRP1_EnableClockSleep(uint32_t Periphs)
 874:Drivers/STM32WBxx_HAL_Driver/Inc/stm32wbxx_ll_bus.h **** {
ARM GAS  C:\Users\bku598\AppData\Local\Temp\ccPOR4r7.s 			page 93


 875:Drivers/STM32WBxx_HAL_Driver/Inc/stm32wbxx_ll_bus.h ****   __IO uint32_t tmpreg;
 876:Drivers/STM32WBxx_HAL_Driver/Inc/stm32wbxx_ll_bus.h ****   SET_BIT(RCC->AHB3SMENR, Periphs);
 877:Drivers/STM32WBxx_HAL_Driver/Inc/stm32wbxx_ll_bus.h ****   /* Delay after an RCC peripheral clock enabling */
 878:Drivers/STM32WBxx_HAL_Driver/Inc/stm32wbxx_ll_bus.h ****   tmpreg = READ_BIT(RCC->AHB3SMENR, Periphs);
 879:Drivers/STM32WBxx_HAL_Driver/Inc/stm32wbxx_ll_bus.h ****   (void)tmpreg;
 880:Drivers/STM32WBxx_HAL_Driver/Inc/stm32wbxx_ll_bus.h **** }
 881:Drivers/STM32WBxx_HAL_Driver/Inc/stm32wbxx_ll_bus.h **** 
 882:Drivers/STM32WBxx_HAL_Driver/Inc/stm32wbxx_ll_bus.h **** /**
 883:Drivers/STM32WBxx_HAL_Driver/Inc/stm32wbxx_ll_bus.h ****   * @brief  Disable AHB3 peripherals clock during Low Power (Sleep) mode.
 884:Drivers/STM32WBxx_HAL_Driver/Inc/stm32wbxx_ll_bus.h ****   * @rmtoll AHB3SMENR    QUADSPISMEN   LL_AHB3_GRP1_DisableClockSleep\n
 885:Drivers/STM32WBxx_HAL_Driver/Inc/stm32wbxx_ll_bus.h ****   *         AHB3SMENR    PKASMEN       LL_AHB3_GRP1_DisableClockSleep\n
 886:Drivers/STM32WBxx_HAL_Driver/Inc/stm32wbxx_ll_bus.h ****   *         AHB3SMENR    AES2SMEN      LL_AHB3_GRP1_DisableClockSleep\n
 887:Drivers/STM32WBxx_HAL_Driver/Inc/stm32wbxx_ll_bus.h ****   *         AHB3SMENR    RNGSMEN       LL_AHB3_GRP1_DisableClockSleep\n
 888:Drivers/STM32WBxx_HAL_Driver/Inc/stm32wbxx_ll_bus.h ****   *         AHB3SMENR    SRAM2SMEN     LL_AHB3_GRP1_DisableClockSleep\n
 889:Drivers/STM32WBxx_HAL_Driver/Inc/stm32wbxx_ll_bus.h ****   *         AHB3SMENR    FLASHSMEN     LL_AHB3_GRP1_DisableClockSleep
 890:Drivers/STM32WBxx_HAL_Driver/Inc/stm32wbxx_ll_bus.h ****   * @param  Periphs This parameter can be a combination of the following values:
 891:Drivers/STM32WBxx_HAL_Driver/Inc/stm32wbxx_ll_bus.h ****   *         @arg @ref LL_AHB3_GRP1_PERIPH_QUADSPI (*)
 892:Drivers/STM32WBxx_HAL_Driver/Inc/stm32wbxx_ll_bus.h ****   *         @arg @ref LL_AHB3_GRP1_PERIPH_PKA
 893:Drivers/STM32WBxx_HAL_Driver/Inc/stm32wbxx_ll_bus.h ****   *         @arg @ref LL_AHB3_GRP1_PERIPH_AES2
 894:Drivers/STM32WBxx_HAL_Driver/Inc/stm32wbxx_ll_bus.h ****   *         @arg @ref LL_AHB3_GRP1_PERIPH_RNG
 895:Drivers/STM32WBxx_HAL_Driver/Inc/stm32wbxx_ll_bus.h ****   *         @arg @ref LL_AHB3_GRP1_PERIPH_SRAM2
 896:Drivers/STM32WBxx_HAL_Driver/Inc/stm32wbxx_ll_bus.h ****   *         @arg @ref LL_AHB3_GRP1_PERIPH_FLASH
 897:Drivers/STM32WBxx_HAL_Driver/Inc/stm32wbxx_ll_bus.h ****   * @note  (*) Not supported by all the devices
 898:Drivers/STM32WBxx_HAL_Driver/Inc/stm32wbxx_ll_bus.h ****   * @retval None
 899:Drivers/STM32WBxx_HAL_Driver/Inc/stm32wbxx_ll_bus.h ****   */
 900:Drivers/STM32WBxx_HAL_Driver/Inc/stm32wbxx_ll_bus.h **** __STATIC_INLINE void LL_AHB3_GRP1_DisableClockSleep(uint32_t Periphs)
 901:Drivers/STM32WBxx_HAL_Driver/Inc/stm32wbxx_ll_bus.h **** {
 902:Drivers/STM32WBxx_HAL_Driver/Inc/stm32wbxx_ll_bus.h ****   CLEAR_BIT(RCC->AHB3SMENR, Periphs);
 903:Drivers/STM32WBxx_HAL_Driver/Inc/stm32wbxx_ll_bus.h **** }
 904:Drivers/STM32WBxx_HAL_Driver/Inc/stm32wbxx_ll_bus.h **** 
 905:Drivers/STM32WBxx_HAL_Driver/Inc/stm32wbxx_ll_bus.h **** /**
 906:Drivers/STM32WBxx_HAL_Driver/Inc/stm32wbxx_ll_bus.h ****   * @}
 907:Drivers/STM32WBxx_HAL_Driver/Inc/stm32wbxx_ll_bus.h ****   */
 908:Drivers/STM32WBxx_HAL_Driver/Inc/stm32wbxx_ll_bus.h **** 
 909:Drivers/STM32WBxx_HAL_Driver/Inc/stm32wbxx_ll_bus.h **** /** @defgroup BUS_LL_EF_APB1 APB1
 910:Drivers/STM32WBxx_HAL_Driver/Inc/stm32wbxx_ll_bus.h ****   * @{
 911:Drivers/STM32WBxx_HAL_Driver/Inc/stm32wbxx_ll_bus.h ****   */
 912:Drivers/STM32WBxx_HAL_Driver/Inc/stm32wbxx_ll_bus.h **** 
 913:Drivers/STM32WBxx_HAL_Driver/Inc/stm32wbxx_ll_bus.h **** /**
 914:Drivers/STM32WBxx_HAL_Driver/Inc/stm32wbxx_ll_bus.h ****   * @brief  Enable APB1 peripherals clock.
 915:Drivers/STM32WBxx_HAL_Driver/Inc/stm32wbxx_ll_bus.h ****   * @rmtoll APB1ENR1     TIM2EN        LL_APB1_GRP1_EnableClock\n
 916:Drivers/STM32WBxx_HAL_Driver/Inc/stm32wbxx_ll_bus.h ****   *         APB1ENR1     LCDEN         LL_APB1_GRP1_EnableClock\n
 917:Drivers/STM32WBxx_HAL_Driver/Inc/stm32wbxx_ll_bus.h ****   *         APB1ENR1     RTCAPBEN      LL_APB1_GRP1_EnableClock\n
 918:Drivers/STM32WBxx_HAL_Driver/Inc/stm32wbxx_ll_bus.h ****   *         APB1ENR1     WWDGEN        LL_APB1_GRP1_EnableClock\n
 919:Drivers/STM32WBxx_HAL_Driver/Inc/stm32wbxx_ll_bus.h ****   *         APB1ENR1     SPI2EN        LL_APB1_GRP1_EnableClock\n
 920:Drivers/STM32WBxx_HAL_Driver/Inc/stm32wbxx_ll_bus.h ****   *         APB1ENR1     I2C1EN        LL_APB1_GRP1_EnableClock\n
 921:Drivers/STM32WBxx_HAL_Driver/Inc/stm32wbxx_ll_bus.h ****   *         APB1ENR1     I2C3EN        LL_APB1_GRP1_EnableClock\n
 922:Drivers/STM32WBxx_HAL_Driver/Inc/stm32wbxx_ll_bus.h ****   *         APB1ENR1     CRSEN         LL_APB1_GRP1_EnableClock\n
 923:Drivers/STM32WBxx_HAL_Driver/Inc/stm32wbxx_ll_bus.h ****   *         APB1ENR1     USBEN         LL_APB1_GRP1_EnableClock\n
 924:Drivers/STM32WBxx_HAL_Driver/Inc/stm32wbxx_ll_bus.h ****   *         APB1ENR1     LPTIM1EN      LL_APB1_GRP1_EnableClock
 925:Drivers/STM32WBxx_HAL_Driver/Inc/stm32wbxx_ll_bus.h ****   * @param  Periphs This parameter can be a combination of the following values:
 926:Drivers/STM32WBxx_HAL_Driver/Inc/stm32wbxx_ll_bus.h ****   *         @arg @ref LL_APB1_GRP1_PERIPH_TIM2
 927:Drivers/STM32WBxx_HAL_Driver/Inc/stm32wbxx_ll_bus.h ****   *         @arg @ref LL_APB1_GRP1_PERIPH_LCD (*)
 928:Drivers/STM32WBxx_HAL_Driver/Inc/stm32wbxx_ll_bus.h ****   *         @arg @ref LL_APB1_GRP1_PERIPH_RTCAPB
 929:Drivers/STM32WBxx_HAL_Driver/Inc/stm32wbxx_ll_bus.h ****   *         @arg @ref LL_APB1_GRP1_PERIPH_WWDG
 930:Drivers/STM32WBxx_HAL_Driver/Inc/stm32wbxx_ll_bus.h ****   *         @arg @ref LL_APB1_GRP1_PERIPH_SPI2 (*)
 931:Drivers/STM32WBxx_HAL_Driver/Inc/stm32wbxx_ll_bus.h ****   *         @arg @ref LL_APB1_GRP1_PERIPH_I2C1
ARM GAS  C:\Users\bku598\AppData\Local\Temp\ccPOR4r7.s 			page 94


 932:Drivers/STM32WBxx_HAL_Driver/Inc/stm32wbxx_ll_bus.h ****   *         @arg @ref LL_APB1_GRP1_PERIPH_I2C3 (*)
 933:Drivers/STM32WBxx_HAL_Driver/Inc/stm32wbxx_ll_bus.h ****   *         @arg @ref LL_APB1_GRP1_PERIPH_CRS (*)
 934:Drivers/STM32WBxx_HAL_Driver/Inc/stm32wbxx_ll_bus.h ****   *         @arg @ref LL_APB1_GRP1_PERIPH_USB (*)
 935:Drivers/STM32WBxx_HAL_Driver/Inc/stm32wbxx_ll_bus.h ****   *         @arg @ref LL_APB1_GRP1_PERIPH_LPTIM1
 936:Drivers/STM32WBxx_HAL_Driver/Inc/stm32wbxx_ll_bus.h ****   * @note  (*) Not supported by all the devices
 937:Drivers/STM32WBxx_HAL_Driver/Inc/stm32wbxx_ll_bus.h ****   * @retval None
 938:Drivers/STM32WBxx_HAL_Driver/Inc/stm32wbxx_ll_bus.h ****   */
 939:Drivers/STM32WBxx_HAL_Driver/Inc/stm32wbxx_ll_bus.h **** __STATIC_INLINE void LL_APB1_GRP1_EnableClock(uint32_t Periphs)
 1334              		.loc 2 939 22 view .LVU413
 1335              	.LBB35:
 940:Drivers/STM32WBxx_HAL_Driver/Inc/stm32wbxx_ll_bus.h **** {
 941:Drivers/STM32WBxx_HAL_Driver/Inc/stm32wbxx_ll_bus.h ****   __IO uint32_t tmpreg;
 1336              		.loc 2 941 3 view .LVU414
 942:Drivers/STM32WBxx_HAL_Driver/Inc/stm32wbxx_ll_bus.h ****   SET_BIT(RCC->APB1ENR1, Periphs);
 1337              		.loc 2 942 3 view .LVU415
 1338 00c2 4FF0B043 		mov	r3, #1476395008
 1339 00c6 9A6D     		ldr	r2, [r3, #88]
 1340 00c8 42F08072 		orr	r2, r2, #16777216
 1341 00cc 9A65     		str	r2, [r3, #88]
 943:Drivers/STM32WBxx_HAL_Driver/Inc/stm32wbxx_ll_bus.h ****   /* Delay after an RCC peripheral clock enabling */
 944:Drivers/STM32WBxx_HAL_Driver/Inc/stm32wbxx_ll_bus.h ****   tmpreg = READ_BIT(RCC->APB1ENR1, Periphs);
 1342              		.loc 2 944 3 view .LVU416
 1343              		.loc 2 944 12 is_stmt 0 view .LVU417
 1344 00ce 9B6D     		ldr	r3, [r3, #88]
 1345 00d0 03F08073 		and	r3, r3, #16777216
 1346              		.loc 2 944 10 view .LVU418
 1347 00d4 0293     		str	r3, [sp, #8]
 945:Drivers/STM32WBxx_HAL_Driver/Inc/stm32wbxx_ll_bus.h ****   (void)tmpreg;
 1348              		.loc 2 945 3 is_stmt 1 view .LVU419
 1349 00d6 029B     		ldr	r3, [sp, #8]
 1350              	.LVL61:
 1351              		.loc 2 945 3 is_stmt 0 view .LVU420
 1352              	.LBE35:
 1353              	.LBE34:
 329:Core/Src/main.c ****   RCC_CRSInitStruct.Source = RCC_CRS_SYNC_SOURCE_USB;
 1354              		.loc 1 329 3 is_stmt 1 view .LVU421
 329:Core/Src/main.c ****   RCC_CRSInitStruct.Source = RCC_CRS_SYNC_SOURCE_USB;
 1355              		.loc 1 329 31 is_stmt 0 view .LVU422
 1356 00d8 0023     		movs	r3, #0
 1357 00da 0393     		str	r3, [sp, #12]
 330:Core/Src/main.c ****   RCC_CRSInitStruct.Polarity = RCC_CRS_SYNC_POLARITY_RISING;
 1358              		.loc 1 330 3 is_stmt 1 view .LVU423
 330:Core/Src/main.c ****   RCC_CRSInitStruct.Polarity = RCC_CRS_SYNC_POLARITY_RISING;
 1359              		.loc 1 330 28 is_stmt 0 view .LVU424
 1360 00dc 4FF00052 		mov	r2, #536870912
 1361 00e0 0492     		str	r2, [sp, #16]
 331:Core/Src/main.c ****   RCC_CRSInitStruct.ReloadValue = __HAL_RCC_CRS_RELOADVALUE_CALCULATE(48000000,1000);
 1362              		.loc 1 331 3 is_stmt 1 view .LVU425
 331:Core/Src/main.c ****   RCC_CRSInitStruct.ReloadValue = __HAL_RCC_CRS_RELOADVALUE_CALCULATE(48000000,1000);
 1363              		.loc 1 331 30 is_stmt 0 view .LVU426
 1364 00e2 0593     		str	r3, [sp, #20]
 332:Core/Src/main.c ****   RCC_CRSInitStruct.ErrorLimitValue = 34;
 1365              		.loc 1 332 3 is_stmt 1 view .LVU427
 332:Core/Src/main.c ****   RCC_CRSInitStruct.ErrorLimitValue = 34;
 1366              		.loc 1 332 33 is_stmt 0 view .LVU428
 1367 00e4 4BF67F33 		movw	r3, #47999
 1368 00e8 0693     		str	r3, [sp, #24]
ARM GAS  C:\Users\bku598\AppData\Local\Temp\ccPOR4r7.s 			page 95


 333:Core/Src/main.c ****   RCC_CRSInitStruct.HSI48CalibrationValue = 32;
 1369              		.loc 1 333 3 is_stmt 1 view .LVU429
 333:Core/Src/main.c ****   RCC_CRSInitStruct.HSI48CalibrationValue = 32;
 1370              		.loc 1 333 37 is_stmt 0 view .LVU430
 1371 00ea 2223     		movs	r3, #34
 1372 00ec 0793     		str	r3, [sp, #28]
 334:Core/Src/main.c **** 
 1373              		.loc 1 334 3 is_stmt 1 view .LVU431
 334:Core/Src/main.c **** 
 1374              		.loc 1 334 43 is_stmt 0 view .LVU432
 1375 00ee 2023     		movs	r3, #32
 1376 00f0 0893     		str	r3, [sp, #32]
 336:Core/Src/main.c **** }
 1377              		.loc 1 336 3 is_stmt 1 view .LVU433
 1378 00f2 03A8     		add	r0, sp, #12
 1379 00f4 FFF7FEFF 		bl	HAL_RCCEx_CRSConfig
 1380              	.LVL62:
 337:Core/Src/main.c **** 
 1381              		.loc 1 337 1 is_stmt 0 view .LVU434
 1382 00f8 23B0     		add	sp, sp, #140
 1383              	.LCFI20:
 1384              		.cfi_remember_state
 1385              		.cfi_def_cfa_offset 4
 1386              		@ sp needed
 1387 00fa 5DF804FB 		ldr	pc, [sp], #4
 1388              	.L93:
 1389              	.LCFI21:
 1390              		.cfi_restore_state
 303:Core/Src/main.c ****   }
 1391              		.loc 1 303 5 is_stmt 1 view .LVU435
 1392 00fe FFF7FEFF 		bl	Error_Handler
 1393              	.LVL63:
 1394              	.L94:
 320:Core/Src/main.c ****   }
 1395              		.loc 1 320 5 view .LVU436
 1396 0102 FFF7FEFF 		bl	Error_Handler
 1397              	.LVL64:
 1398              		.cfi_endproc
 1399              	.LFE1417:
 1401              		.section	.text.PeriphCommonClock_Config,"ax",%progbits
 1402              		.align	1
 1403              		.global	PeriphCommonClock_Config
 1404              		.syntax unified
 1405              		.thumb
 1406              		.thumb_func
 1408              	PeriphCommonClock_Config:
 1409              	.LFB1418:
 344:Core/Src/main.c ****   RCC_PeriphCLKInitTypeDef PeriphClkInitStruct = {0};
 1410              		.loc 1 344 1 view -0
 1411              		.cfi_startproc
 1412              		@ args = 0, pretend = 0, frame = 80
 1413              		@ frame_needed = 0, uses_anonymous_args = 0
 1414 0000 00B5     		push	{lr}
 1415              	.LCFI22:
 1416              		.cfi_def_cfa_offset 4
 1417              		.cfi_offset 14, -4
 1418 0002 95B0     		sub	sp, sp, #84
ARM GAS  C:\Users\bku598\AppData\Local\Temp\ccPOR4r7.s 			page 96


 1419              	.LCFI23:
 1420              		.cfi_def_cfa_offset 88
 345:Core/Src/main.c **** 
 1421              		.loc 1 345 3 view .LVU438
 345:Core/Src/main.c **** 
 1422              		.loc 1 345 28 is_stmt 0 view .LVU439
 1423 0004 5022     		movs	r2, #80
 1424 0006 0021     		movs	r1, #0
 1425 0008 6846     		mov	r0, sp
 1426 000a FFF7FEFF 		bl	memset
 1427              	.LVL65:
 349:Core/Src/main.c ****                               |RCC_PERIPHCLK_USB|RCC_PERIPHCLK_ADC;
 1428              		.loc 1 349 3 is_stmt 1 view .LVU440
 349:Core/Src/main.c ****                               |RCC_PERIPHCLK_USB|RCC_PERIPHCLK_ADC;
 1429              		.loc 1 349 44 is_stmt 0 view .LVU441
 1430 000e 4FF45453 		mov	r3, #13568
 1431 0012 0093     		str	r3, [sp]
 351:Core/Src/main.c ****   PeriphClkInitStruct.PLLSAI1.PLLP = RCC_PLLP_DIV2;
 1432              		.loc 1 351 3 is_stmt 1 view .LVU442
 351:Core/Src/main.c ****   PeriphClkInitStruct.PLLSAI1.PLLP = RCC_PLLP_DIV2;
 1433              		.loc 1 351 36 is_stmt 0 view .LVU443
 1434 0014 0623     		movs	r3, #6
 1435 0016 0193     		str	r3, [sp, #4]
 352:Core/Src/main.c ****   PeriphClkInitStruct.PLLSAI1.PLLQ = RCC_PLLQ_DIV2;
 1436              		.loc 1 352 3 is_stmt 1 view .LVU444
 352:Core/Src/main.c ****   PeriphClkInitStruct.PLLSAI1.PLLQ = RCC_PLLQ_DIV2;
 1437              		.loc 1 352 36 is_stmt 0 view .LVU445
 1438 0018 4FF40033 		mov	r3, #131072
 1439 001c 0293     		str	r3, [sp, #8]
 353:Core/Src/main.c ****   PeriphClkInitStruct.PLLSAI1.PLLR = RCC_PLLR_DIV2;
 1440              		.loc 1 353 3 is_stmt 1 view .LVU446
 353:Core/Src/main.c ****   PeriphClkInitStruct.PLLSAI1.PLLR = RCC_PLLR_DIV2;
 1441              		.loc 1 353 36 is_stmt 0 view .LVU447
 1442 001e 4FF00073 		mov	r3, #33554432
 1443 0022 0393     		str	r3, [sp, #12]
 354:Core/Src/main.c ****   PeriphClkInitStruct.PLLSAI1.PLLSAI1ClockOut = RCC_PLLSAI1_USBCLK|RCC_PLLSAI1_ADCCLK;
 1444              		.loc 1 354 3 is_stmt 1 view .LVU448
 354:Core/Src/main.c ****   PeriphClkInitStruct.PLLSAI1.PLLSAI1ClockOut = RCC_PLLSAI1_USBCLK|RCC_PLLSAI1_ADCCLK;
 1445              		.loc 1 354 36 is_stmt 0 view .LVU449
 1446 0024 4FF00053 		mov	r3, #536870912
 1447 0028 0493     		str	r3, [sp, #16]
 355:Core/Src/main.c ****   PeriphClkInitStruct.UsbClockSelection = RCC_USBCLKSOURCE_PLLSAI1;
 1448              		.loc 1 355 3 is_stmt 1 view .LVU450
 355:Core/Src/main.c ****   PeriphClkInitStruct.UsbClockSelection = RCC_USBCLKSOURCE_PLLSAI1;
 1449              		.loc 1 355 47 is_stmt 0 view .LVU451
 1450 002a 4FF08853 		mov	r3, #285212672
 1451 002e 0593     		str	r3, [sp, #20]
 356:Core/Src/main.c ****   PeriphClkInitStruct.AdcClockSelection = RCC_ADCCLKSOURCE_PLLSAI1;
 1452              		.loc 1 356 3 is_stmt 1 view .LVU452
 356:Core/Src/main.c ****   PeriphClkInitStruct.AdcClockSelection = RCC_ADCCLKSOURCE_PLLSAI1;
 1453              		.loc 1 356 41 is_stmt 0 view .LVU453
 1454 0030 4FF08063 		mov	r3, #67108864
 1455 0034 0D93     		str	r3, [sp, #52]
 357:Core/Src/main.c ****   PeriphClkInitStruct.RFWakeUpClockSelection = RCC_RFWKPCLKSOURCE_LSE;
 1456              		.loc 1 357 3 is_stmt 1 view .LVU454
 357:Core/Src/main.c ****   PeriphClkInitStruct.RFWakeUpClockSelection = RCC_RFWKPCLKSOURCE_LSE;
 1457              		.loc 1 357 41 is_stmt 0 view .LVU455
ARM GAS  C:\Users\bku598\AppData\Local\Temp\ccPOR4r7.s 			page 97


 1458 0036 4FF08053 		mov	r3, #268435456
 1459 003a 0F93     		str	r3, [sp, #60]
 358:Core/Src/main.c ****   PeriphClkInitStruct.SmpsClockSelection = RCC_SMPSCLKSOURCE_HSI;
 1460              		.loc 1 358 3 is_stmt 1 view .LVU456
 358:Core/Src/main.c ****   PeriphClkInitStruct.SmpsClockSelection = RCC_SMPSCLKSOURCE_HSI;
 1461              		.loc 1 358 46 is_stmt 0 view .LVU457
 1462 003c 4FF48043 		mov	r3, #16384
 1463 0040 1193     		str	r3, [sp, #68]
 359:Core/Src/main.c ****   PeriphClkInitStruct.SmpsDivSelection = RCC_SMPSCLKDIV_RANGE1;
 1464              		.loc 1 359 3 is_stmt 1 view .LVU458
 360:Core/Src/main.c **** 
 1465              		.loc 1 360 3 view .LVU459
 360:Core/Src/main.c **** 
 1466              		.loc 1 360 40 is_stmt 0 view .LVU460
 1467 0042 1023     		movs	r3, #16
 1468 0044 1393     		str	r3, [sp, #76]
 362:Core/Src/main.c ****   {
 1469              		.loc 1 362 3 is_stmt 1 view .LVU461
 362:Core/Src/main.c ****   {
 1470              		.loc 1 362 7 is_stmt 0 view .LVU462
 1471 0046 6846     		mov	r0, sp
 1472 0048 FFF7FEFF 		bl	HAL_RCCEx_PeriphCLKConfig
 1473              	.LVL66:
 362:Core/Src/main.c ****   {
 1474              		.loc 1 362 6 discriminator 1 view .LVU463
 1475 004c 10B9     		cbnz	r0, .L98
 369:Core/Src/main.c **** 
 1476              		.loc 1 369 1 view .LVU464
 1477 004e 15B0     		add	sp, sp, #84
 1478              	.LCFI24:
 1479              		.cfi_remember_state
 1480              		.cfi_def_cfa_offset 4
 1481              		@ sp needed
 1482 0050 5DF804FB 		ldr	pc, [sp], #4
 1483              	.L98:
 1484              	.LCFI25:
 1485              		.cfi_restore_state
 364:Core/Src/main.c ****   }
 1486              		.loc 1 364 5 is_stmt 1 view .LVU465
 1487 0054 FFF7FEFF 		bl	Error_Handler
 1488              	.LVL67:
 1489              		.cfi_endproc
 1490              	.LFE1418:
 1492              		.section	.text.main,"ax",%progbits
 1493              		.align	1
 1494              		.global	main
 1495              		.syntax unified
 1496              		.thumb
 1497              		.thumb_func
 1499              	main:
 1500              	.LFB1416:
 111:Core/Src/main.c **** 
 1501              		.loc 1 111 1 view -0
 1502              		.cfi_startproc
 1503              		@ Volatile: function does not return.
 1504              		@ args = 0, pretend = 0, frame = 0
 1505              		@ frame_needed = 0, uses_anonymous_args = 0
ARM GAS  C:\Users\bku598\AppData\Local\Temp\ccPOR4r7.s 			page 98


 1506 0000 00B5     		push	{lr}
 1507              	.LCFI26:
 1508              		.cfi_def_cfa_offset 4
 1509              		.cfi_offset 14, -4
 1510 0002 83B0     		sub	sp, sp, #12
 1511              	.LCFI27:
 1512              		.cfi_def_cfa_offset 16
 120:Core/Src/main.c ****   /* Config code for STM32_WPAN (HSE Tuning must be done before system clock configuration) */
 1513              		.loc 1 120 3 view .LVU467
 1514 0004 FFF7FEFF 		bl	HAL_Init
 1515              	.LVL68:
 122:Core/Src/main.c **** 
 1516              		.loc 1 122 3 view .LVU468
 1517 0008 FFF7FEFF 		bl	MX_APPE_Config
 1518              	.LVL69:
 128:Core/Src/main.c **** 
 1519              		.loc 1 128 3 view .LVU469
 1520 000c FFF7FEFF 		bl	SystemClock_Config
 1521              	.LVL70:
 131:Core/Src/main.c **** 
 1522              		.loc 1 131 3 view .LVU470
 1523 0010 FFF7FEFF 		bl	PeriphCommonClock_Config
 1524              	.LVL71:
 134:Core/Src/main.c **** 
 1525              		.loc 1 134 3 view .LVU471
 1526 0014 FFF7FEFF 		bl	MX_IPCC_Init
 1527              	.LVL72:
 141:Core/Src/main.c ****   MX_DMA_Init();
 1528              		.loc 1 141 3 view .LVU472
 1529 0018 FFF7FEFF 		bl	MX_GPIO_Init
 1530              	.LVL73:
 142:Core/Src/main.c ****   MX_I2C1_Init();
 1531              		.loc 1 142 3 view .LVU473
 1532 001c FFF7FEFF 		bl	MX_DMA_Init
 1533              	.LVL74:
 143:Core/Src/main.c ****   MX_TIM16_Init();
 1534              		.loc 1 143 3 view .LVU474
 1535 0020 FFF7FEFF 		bl	MX_I2C1_Init
 1536              	.LVL75:
 144:Core/Src/main.c ****   MX_RTC_Init();
 1537              		.loc 1 144 3 view .LVU475
 1538 0024 FFF7FEFF 		bl	MX_TIM16_Init
 1539              	.LVL76:
 145:Core/Src/main.c ****   MX_LPUART1_UART_Init();
 1540              		.loc 1 145 3 view .LVU476
 1541 0028 FFF7FEFF 		bl	MX_RTC_Init
 1542              	.LVL77:
 146:Core/Src/main.c ****   MX_QUADSPI_Init();
 1543              		.loc 1 146 3 view .LVU477
 1544 002c FFF7FEFF 		bl	MX_LPUART1_UART_Init
 1545              	.LVL78:
 147:Core/Src/main.c ****   MX_USB_Device_Init();
 1546              		.loc 1 147 3 view .LVU478
 1547 0030 FFF7FEFF 		bl	MX_QUADSPI_Init
 1548              	.LVL79:
 148:Core/Src/main.c ****   MX_ADC1_Init();
 1549              		.loc 1 148 3 view .LVU479
ARM GAS  C:\Users\bku598\AppData\Local\Temp\ccPOR4r7.s 			page 99


 1550 0034 FFF7FEFF 		bl	MX_USB_Device_Init
 1551              	.LVL80:
 149:Core/Src/main.c ****   MX_RNG_Init();
 1552              		.loc 1 149 3 view .LVU480
 1553 0038 FFF7FEFF 		bl	MX_ADC1_Init
 1554              	.LVL81:
 150:Core/Src/main.c ****   MX_RF_Init();
 1555              		.loc 1 150 3 view .LVU481
 1556 003c FFF7FEFF 		bl	MX_RNG_Init
 1557              	.LVL82:
 151:Core/Src/main.c ****   /* USER CODE BEGIN 2 */
 1558              		.loc 1 151 3 view .LVU482
 154:Core/Src/main.c ****   
 1559              		.loc 1 154 3 view .LVU483
 1560 0040 FFF7FEFF 		bl	BMI270_Configure
 1561              	.LVL83:
 156:Core/Src/main.c ****   
 1562              		.loc 1 156 3 view .LVU484
 1563 0044 FFF7FEFF 		bl	GPS_Start
 1564              	.LVL84:
 158:Core/Src/main.c ****   
 1565              		.loc 1 158 3 view .LVU485
 1566 0048 0423     		movs	r3, #4
 1567 004a 0193     		str	r3, [sp, #4]
 1568 004c 0024     		movs	r4, #0
 1569 004e 0094     		str	r4, [sp]
 1570 0050 0323     		movs	r3, #3
 1571 0052 0122     		movs	r2, #1
 1572 0054 0521     		movs	r1, #5
 1573 0056 0220     		movs	r0, #2
 1574 0058 FFF7FEFF 		bl	BME280_Config
 1575              	.LVL85:
 161:Core/Src/main.c **** 
 1576              		.loc 1 161 3 view .LVU486
 1577 005c FFF7FEFF 		bl	Enable_4BYTEMODE
 1578              	.LVL86:
 164:Core/Src/main.c ****   Oled_Clear(0x00);
 1579              		.loc 1 164 3 view .LVU487
 1580 0060 FFF7FEFF 		bl	Oled_init
 1581              	.LVL87:
 165:Core/Src/main.c ****   Oled_Update();
 1582              		.loc 1 165 3 view .LVU488
 1583 0064 2046     		mov	r0, r4
 1584 0066 FFF7FEFF 		bl	Oled_Clear
 1585              	.LVL88:
 166:Core/Src/main.c ****   //Oled_introScreen();
 1586              		.loc 1 166 3 view .LVU489
 1587 006a FFF7FEFF 		bl	Oled_Update
 1588              	.LVL89:
 169:Core/Src/main.c **** 
 1589              		.loc 1 169 3 view .LVU490
 1590 006e FFF7FEFF 		bl	findStartPos
 1591              	.LVL90:
 171:Core/Src/main.c **** 
 1592              		.loc 1 171 3 view .LVU491
 1593 0072 0520     		movs	r0, #5
 1594 0074 FFF7FEFF 		bl	HAL_HSEM_FastTake
ARM GAS  C:\Users\bku598\AppData\Local\Temp\ccPOR4r7.s 			page 100


 1595              	.LVL91:
 176:Core/Src/main.c **** 
 1596              		.loc 1 176 3 view .LVU492
 1597 0078 FFF7FEFF 		bl	MX_APPE_Init
 1598              	.LVL92:
 1599 007c 4AE0     		b	.L110
 1600              	.L117:
 189:Core/Src/main.c ****           stateChange = 0;
 1601              		.loc 1 189 11 view .LVU493
 1602 007e FFF7FEFF 		bl	mainMenu
 1603              	.LVL93:
 190:Core/Src/main.c ****         }
 1604              		.loc 1 190 11 view .LVU494
 190:Core/Src/main.c ****         }
 1605              		.loc 1 190 23 is_stmt 0 view .LVU495
 1606 0082 424B     		ldr	r3, .L118
 1607 0084 0022     		movs	r2, #0
 1608 0086 1A70     		strb	r2, [r3]
 1609 0088 50E0     		b	.L103
 1610              	.L104:
 201:Core/Src/main.c ****             DrawCircle(10, 19, 2, 0x00);
 1611              		.loc 1 201 13 is_stmt 1 view .LVU496
 1612 008a 0F23     		movs	r3, #15
 1613 008c 0222     		movs	r2, #2
 1614 008e 2721     		movs	r1, #39
 1615 0090 0A20     		movs	r0, #10
 1616 0092 FFF7FEFF 		bl	DrawCircle
 1617              	.LVL94:
 202:Core/Src/main.c ****           }
 1618              		.loc 1 202 13 view .LVU497
 1619 0096 0023     		movs	r3, #0
 1620 0098 0222     		movs	r2, #2
 1621 009a 1321     		movs	r1, #19
 1622 009c 0A20     		movs	r0, #10
 1623 009e FFF7FEFF 		bl	DrawCircle
 1624              	.LVL95:
 1625 00a2 57E0     		b	.L105
 1626              	.L100:
 215:Core/Src/main.c ****         {
 1627              		.loc 1 215 9 view .LVU498
 215:Core/Src/main.c ****         {
 1628              		.loc 1 215 12 is_stmt 0 view .LVU499
 1629 00a4 394B     		ldr	r3, .L118
 1630 00a6 1B78     		ldrb	r3, [r3]	@ zero_extendqisi2
 215:Core/Src/main.c ****         {
 1631              		.loc 1 215 11 view .LVU500
 1632 00a8 6BB9     		cbnz	r3, .L112
 1633              	.L106:
 224:Core/Src/main.c ****         Oled_updateNumSV();
 1634              		.loc 1 224 9 is_stmt 1 view .LVU501
 1635 00aa FFF7FEFF 		bl	gpsLogo
 1636              	.LVL96:
 225:Core/Src/main.c **** 
 1637              		.loc 1 225 9 view .LVU502
 1638 00ae FFF7FEFF 		bl	Oled_updateNumSV
 1639              	.LVL97:
 227:Core/Src/main.c ****           //gpsLogo();
ARM GAS  C:\Users\bku598\AppData\Local\Temp\ccPOR4r7.s 			page 101


 1640              		.loc 1 227 9 view .LVU503
 227:Core/Src/main.c ****           //gpsLogo();
 1641              		.loc 1 227 27 is_stmt 0 view .LVU504
 1642 00b2 374B     		ldr	r3, .L118+4
 1643 00b4 1B78     		ldrb	r3, [r3]	@ zero_extendqisi2
 227:Core/Src/main.c ****           //gpsLogo();
 1644              		.loc 1 227 12 view .LVU505
 1645 00b6 5BB3     		cbz	r3, .L102
 229:Core/Src/main.c ****           {
 1646              		.loc 1 229 11 is_stmt 1 view .LVU506
 229:Core/Src/main.c ****           {
 1647              		.loc 1 229 14 is_stmt 0 view .LVU507
 1648 00b8 364B     		ldr	r3, .L118+8
 1649 00ba 1B78     		ldrb	r3, [r3]	@ zero_extendqisi2
 229:Core/Src/main.c ****           {
 1650              		.loc 1 229 13 view .LVU508
 1651 00bc BBB9     		cbnz	r3, .L113
 1652              	.L107:
 234:Core/Src/main.c ****         }
 1653              		.loc 1 234 11 is_stmt 1 view .LVU509
 234:Core/Src/main.c ****         }
 1654              		.loc 1 234 25 is_stmt 0 view .LVU510
 1655 00be 344B     		ldr	r3, .L118+4
 1656 00c0 0022     		movs	r2, #0
 1657 00c2 1A70     		strb	r2, [r3]
 1658 00c4 24E0     		b	.L102
 1659              	.L112:
 217:Core/Src/main.c ****           Oled_Draw1BitImage(107,0, icon_gps_20x20, ICON_GPS_W, ICON_GPS_H, 0x05);
 1660              		.loc 1 217 11 is_stmt 1 view .LVU511
 1661 00c6 0020     		movs	r0, #0
 1662 00c8 FFF7FEFF 		bl	Oled_Clear
 1663              	.LVL98:
 218:Core/Src/main.c ****           oled_numSV();
 1664              		.loc 1 218 11 view .LVU512
 1665 00cc 0523     		movs	r3, #5
 1666 00ce 0193     		str	r3, [sp, #4]
 1667 00d0 1423     		movs	r3, #20
 1668 00d2 0093     		str	r3, [sp]
 1669 00d4 304A     		ldr	r2, .L118+12
 1670 00d6 0021     		movs	r1, #0
 1671 00d8 6B20     		movs	r0, #107
 1672 00da FFF7FEFF 		bl	Oled_Draw1BitImage
 1673              	.LVL99:
 219:Core/Src/main.c ****           Oled_Update();
 1674              		.loc 1 219 11 view .LVU513
 1675 00de FFF7FEFF 		bl	oled_numSV
 1676              	.LVL100:
 220:Core/Src/main.c ****           stateChange = 0;
 1677              		.loc 1 220 11 view .LVU514
 1678 00e2 FFF7FEFF 		bl	Oled_Update
 1679              	.LVL101:
 221:Core/Src/main.c ****         }
 1680              		.loc 1 221 11 view .LVU515
 221:Core/Src/main.c ****         }
 1681              		.loc 1 221 23 is_stmt 0 view .LVU516
 1682 00e6 294B     		ldr	r3, .L118
 1683 00e8 0022     		movs	r2, #0
ARM GAS  C:\Users\bku598\AppData\Local\Temp\ccPOR4r7.s 			page 102


 1684 00ea 1A70     		strb	r2, [r3]
 1685 00ec DDE7     		b	.L106
 1686              	.L113:
 231:Core/Src/main.c ****             sendPackageToMem();
 1687              		.loc 1 231 13 is_stmt 1 view .LVU517
 1688 00ee FFF7FEFF 		bl	packageDataToMem
 1689              	.LVL102:
 232:Core/Src/main.c ****           }
 1690              		.loc 1 232 13 view .LVU518
 1691 00f2 FFF7FEFF 		bl	sendPackageToMem
 1692              	.LVL103:
 1693 00f6 E2E7     		b	.L107
 1694              	.L101:
 239:Core/Src/main.c ****         {
 1695              		.loc 1 239 9 view .LVU519
 239:Core/Src/main.c ****         {
 1696              		.loc 1 239 12 is_stmt 0 view .LVU520
 1697 00f8 244B     		ldr	r3, .L118
 1698 00fa 1B78     		ldrb	r3, [r3]	@ zero_extendqisi2
 239:Core/Src/main.c ****         {
 1699              		.loc 1 239 11 view .LVU521
 1700 00fc 002B     		cmp	r3, #0
 1701 00fe 36D1     		bne	.L114
 1702              	.L108:
 246:Core/Src/main.c ****         {
 1703              		.loc 1 246 9 is_stmt 1 view .LVU522
 246:Core/Src/main.c ****         {
 1704              		.loc 1 246 12 is_stmt 0 view .LVU523
 1705 0100 FFF7FEFF 		bl	Custom_STN_NotificationEnabled
 1706              	.LVL104:
 246:Core/Src/main.c ****         {
 1707              		.loc 1 246 11 discriminator 1 view .LVU524
 1708 0104 0028     		cmp	r0, #0
 1709 0106 3BD1     		bne	.L115
 1710              	.L109:
 250:Core/Src/main.c ****         {
 1711              		.loc 1 250 9 is_stmt 1 view .LVU525
 250:Core/Src/main.c ****         {
 1712              		.loc 1 250 12 is_stmt 0 view .LVU526
 1713 0108 244B     		ldr	r3, .L118+16
 1714 010a 1B78     		ldrb	r3, [r3]	@ zero_extendqisi2
 250:Core/Src/main.c ****         {
 1715              		.loc 1 250 11 view .LVU527
 1716 010c 002B     		cmp	r3, #0
 1717 010e 3AD1     		bne	.L116
 1718              	.L102:
 258:Core/Src/main.c **** 
 1719              		.loc 1 258 5 is_stmt 1 view .LVU528
 1720 0110 FFF7FEFF 		bl	MX_APPE_Process
 1721              	.LVL105:
 180:Core/Src/main.c ****   {
 1722              		.loc 1 180 9 view .LVU529
 1723              	.L110:
 180:Core/Src/main.c ****   {
 1724              		.loc 1 180 3 view .LVU530
 183:Core/Src/main.c ****     {
 1725              		.loc 1 183 5 view .LVU531
ARM GAS  C:\Users\bku598\AppData\Local\Temp\ccPOR4r7.s 			page 103


 1726 0114 224B     		ldr	r3, .L118+20
 1727 0116 1B78     		ldrb	r3, [r3]	@ zero_extendqisi2
 1728 0118 012B     		cmp	r3, #1
 1729 011a C3D0     		beq	.L100
 1730 011c 022B     		cmp	r3, #2
 1731 011e EBD0     		beq	.L101
 1732 0120 002B     		cmp	r3, #0
 1733 0122 F5D1     		bne	.L102
 187:Core/Src/main.c ****         {
 1734              		.loc 1 187 9 view .LVU532
 187:Core/Src/main.c ****         {
 1735              		.loc 1 187 12 is_stmt 0 view .LVU533
 1736 0124 194B     		ldr	r3, .L118
 1737 0126 1B78     		ldrb	r3, [r3]	@ zero_extendqisi2
 187:Core/Src/main.c ****         {
 1738              		.loc 1 187 11 view .LVU534
 1739 0128 002B     		cmp	r3, #0
 1740 012a A8D1     		bne	.L117
 1741              	.L103:
 193:Core/Src/main.c ****         {
 1742              		.loc 1 193 9 is_stmt 1 view .LVU535
 193:Core/Src/main.c ****         {
 1743              		.loc 1 193 12 is_stmt 0 view .LVU536
 1744 012c 1D4B     		ldr	r3, .L118+24
 1745 012e 1B78     		ldrb	r3, [r3]	@ zero_extendqisi2
 193:Core/Src/main.c ****         {
 1746              		.loc 1 193 11 view .LVU537
 1747 0130 002B     		cmp	r3, #0
 1748 0132 EDD0     		beq	.L102
 195:Core/Src/main.c ****           {
 1749              		.loc 1 195 11 is_stmt 1 view .LVU538
 195:Core/Src/main.c ****           {
 1750              		.loc 1 195 25 is_stmt 0 view .LVU539
 1751 0134 1C4B     		ldr	r3, .L118+28
 1752 0136 1B78     		ldrb	r3, [r3]	@ zero_extendqisi2
 195:Core/Src/main.c ****           {
 1753              		.loc 1 195 13 view .LVU540
 1754 0138 002B     		cmp	r3, #0
 1755 013a A6D1     		bne	.L104
 197:Core/Src/main.c ****             DrawCircle(10, 39, 2, 0x00);
 1756              		.loc 1 197 13 is_stmt 1 view .LVU541
 1757 013c 0F23     		movs	r3, #15
 1758 013e 0222     		movs	r2, #2
 1759 0140 1321     		movs	r1, #19
 1760 0142 0A20     		movs	r0, #10
 1761 0144 FFF7FEFF 		bl	DrawCircle
 1762              	.LVL106:
 198:Core/Src/main.c ****           }
 1763              		.loc 1 198 13 view .LVU542
 1764 0148 0023     		movs	r3, #0
 1765 014a 0222     		movs	r2, #2
 1766 014c 2721     		movs	r1, #39
 1767 014e 0A20     		movs	r0, #10
 1768 0150 FFF7FEFF 		bl	DrawCircle
 1769              	.LVL107:
 1770              	.L105:
 205:Core/Src/main.c **** 
ARM GAS  C:\Users\bku598\AppData\Local\Temp\ccPOR4r7.s 			page 104


 1771              		.loc 1 205 11 view .LVU543
 1772 0154 0024     		movs	r4, #0
 1773 0156 0094     		str	r4, [sp]
 1774 0158 2B23     		movs	r3, #43
 1775 015a 0E22     		movs	r2, #14
 1776 015c 1121     		movs	r1, #17
 1777 015e 0820     		movs	r0, #8
 1778 0160 FFF7FEFF 		bl	SSD1327_UpdateArea
 1779              	.LVL108:
 207:Core/Src/main.c **** 
 1780              		.loc 1 207 11 view .LVU544
 1781 0164 FFF7FEFF 		bl	gpsLogo
 1782              	.LVL109:
 209:Core/Src/main.c ****         }
 1783              		.loc 1 209 11 view .LVU545
 209:Core/Src/main.c ****         }
 1784              		.loc 1 209 24 is_stmt 0 view .LVU546
 1785 0168 0E4B     		ldr	r3, .L118+24
 1786 016a 1C70     		strb	r4, [r3]
 1787 016c D0E7     		b	.L102
 1788              	.L114:
 241:Core/Src/main.c ****           Oled_Update();
 1789              		.loc 1 241 11 is_stmt 1 view .LVU547
 1790 016e 0020     		movs	r0, #0
 1791 0170 FFF7FEFF 		bl	Oled_Clear
 1792              	.LVL110:
 242:Core/Src/main.c ****           stateChange = 0;
 1793              		.loc 1 242 11 view .LVU548
 1794 0174 FFF7FEFF 		bl	Oled_Update
 1795              	.LVL111:
 243:Core/Src/main.c ****         }
 1796              		.loc 1 243 11 view .LVU549
 243:Core/Src/main.c ****         }
 1797              		.loc 1 243 23 is_stmt 0 view .LVU550
 1798 0178 044B     		ldr	r3, .L118
 1799 017a 0022     		movs	r2, #0
 1800 017c 1A70     		strb	r2, [r3]
 1801 017e BFE7     		b	.L108
 1802              	.L115:
 248:Core/Src/main.c ****         }
 1803              		.loc 1 248 11 is_stmt 1 view .LVU551
 1804 0180 FFF7FEFF 		bl	sendDataStepByStep
 1805              	.LVL112:
 1806 0184 C0E7     		b	.L109
 1807              	.L116:
 252:Core/Src/main.c ****         }
 1808              		.loc 1 252 11 view .LVU552
 1809 0186 FFF7FEFF 		bl	sendDataUSB
 1810              	.LVL113:
 1811 018a C1E7     		b	.L102
 1812              	.L119:
 1813              		.align	2
 1814              	.L118:
 1815 018c 00000000 		.word	stateChange
 1816 0190 00000000 		.word	tastScheduler
 1817 0194 00000000 		.word	GPS_connected
 1818 0198 00000000 		.word	icon_gps_20x20
ARM GAS  C:\Users\bku598\AppData\Local\Temp\ccPOR4r7.s 			page 105


 1819 019c 00000000 		.word	usbConnected
 1820 01a0 00000000 		.word	currentLvl
 1821 01a4 00000000 		.word	cursorChange
 1822 01a8 00000000 		.word	currentCur
 1823              		.cfi_endproc
 1824              	.LFE1416:
 1826              		.section	.bss.lastTime.0,"aw",%nobits
 1827              		.align	2
 1830              	lastTime.0:
 1831 0000 00000000 		.space	4
 1832              		.global	htim16
 1833              		.section	.bss.htim16,"aw",%nobits
 1834              		.align	2
 1837              	htim16:
 1838 0000 00000000 		.space	76
 1838      00000000 
 1838      00000000 
 1838      00000000 
 1838      00000000 
 1839              		.global	hrtc
 1840              		.section	.bss.hrtc,"aw",%nobits
 1841              		.align	2
 1844              	hrtc:
 1845 0000 00000000 		.space	36
 1845      00000000 
 1845      00000000 
 1845      00000000 
 1845      00000000 
 1846              		.global	hrng
 1847              		.section	.bss.hrng,"aw",%nobits
 1848              		.align	2
 1851              	hrng:
 1852 0000 00000000 		.space	20
 1852      00000000 
 1852      00000000 
 1852      00000000 
 1852      00000000 
 1853              		.global	hqspi
 1854              		.section	.bss.hqspi,"aw",%nobits
 1855              		.align	2
 1858              	hqspi:
 1859 0000 00000000 		.space	68
 1859      00000000 
 1859      00000000 
 1859      00000000 
 1859      00000000 
 1860              		.global	hdma_lpuart1_rx
 1861              		.section	.bss.hdma_lpuart1_rx,"aw",%nobits
 1862              		.align	2
 1865              	hdma_lpuart1_rx:
 1866 0000 00000000 		.space	96
 1866      00000000 
 1866      00000000 
 1866      00000000 
 1866      00000000 
 1867              		.global	hlpuart1
 1868              		.section	.bss.hlpuart1,"aw",%nobits
ARM GAS  C:\Users\bku598\AppData\Local\Temp\ccPOR4r7.s 			page 106


 1869              		.align	2
 1872              	hlpuart1:
 1873 0000 00000000 		.space	204
 1873      00000000 
 1873      00000000 
 1873      00000000 
 1873      00000000 
 1874              		.global	hipcc
 1875              		.section	.bss.hipcc,"aw",%nobits
 1876              		.align	2
 1879              	hipcc:
 1880 0000 00000000 		.space	60
 1880      00000000 
 1880      00000000 
 1880      00000000 
 1880      00000000 
 1881              		.global	hi2c1
 1882              		.section	.bss.hi2c1,"aw",%nobits
 1883              		.align	2
 1886              	hi2c1:
 1887 0000 00000000 		.space	84
 1887      00000000 
 1887      00000000 
 1887      00000000 
 1887      00000000 
 1888              		.global	hadc1
 1889              		.section	.bss.hadc1,"aw",%nobits
 1890              		.align	2
 1893              	hadc1:
 1894 0000 00000000 		.space	100
 1894      00000000 
 1894      00000000 
 1894      00000000 
 1894      00000000 
 1895              		.global	cursorChange
 1896              		.section	.data.cursorChange,"aw"
 1899              	cursorChange:
 1900 0000 01       		.byte	1
 1901              		.global	stateChange
 1902              		.section	.data.stateChange,"aw"
 1905              	stateChange:
 1906 0000 01       		.byte	1
 1907              		.global	tastScheduler
 1908              		.section	.bss.tastScheduler,"aw",%nobits
 1911              	tastScheduler:
 1912 0000 00       		.space	1
 1913              		.global	currentCur
 1914              		.section	.bss.currentCur,"aw",%nobits
 1917              	currentCur:
 1918 0000 00       		.space	1
 1919              		.global	currentLvl
 1920              		.section	.bss.currentLvl,"aw",%nobits
 1923              	currentLvl:
 1924 0000 00       		.space	1
 1925              		.text
 1926              	.Letext0:
 1927              		.file 5 "Drivers/CMSIS/Device/ST/STM32WBxx/Include/stm32wb55xx.h"
ARM GAS  C:\Users\bku598\AppData\Local\Temp\ccPOR4r7.s 			page 107


 1928              		.file 6 "C:\\dev\\tools\\gcc-arm-none-eabi-13.3\\bin\\../lib/gcc/arm-none-eabi/13.3.1/../../../../
 1929              		.file 7 "C:\\dev\\tools\\gcc-arm-none-eabi-13.3\\bin\\../lib/gcc/arm-none-eabi/13.3.1/../../../../
 1930              		.file 8 "Drivers/CMSIS/Device/ST/STM32WBxx/Include/stm32wbxx.h"
 1931              		.file 9 "Drivers/STM32WBxx_HAL_Driver/Inc/stm32wbxx_hal_def.h"
 1932              		.file 10 "Drivers/STM32WBxx_HAL_Driver/Inc/stm32wbxx_hal_dma.h"
 1933              		.file 11 "Drivers/STM32WBxx_HAL_Driver/Inc/stm32wbxx_hal_adc.h"
 1934              		.file 12 "Drivers/STM32WBxx_HAL_Driver/Inc/stm32wbxx_hal_gpio.h"
 1935              		.file 13 "Drivers/STM32WBxx_HAL_Driver/Inc/stm32wbxx_hal_i2c.h"
 1936              		.file 14 "Drivers/STM32WBxx_HAL_Driver/Inc/stm32wbxx_hal_ipcc.h"
 1937              		.file 15 "Drivers/STM32WBxx_HAL_Driver/Inc/stm32wbxx_hal_qspi.h"
 1938              		.file 16 "Drivers/STM32WBxx_HAL_Driver/Inc/stm32wbxx_hal_rcc.h"
 1939              		.file 17 "Drivers/STM32WBxx_HAL_Driver/Inc/stm32wbxx_hal_rcc_ex.h"
 1940              		.file 18 "Drivers/STM32WBxx_HAL_Driver/Inc/stm32wbxx_hal_rng.h"
 1941              		.file 19 "Drivers/STM32WBxx_HAL_Driver/Inc/stm32wbxx_hal_rtc.h"
 1942              		.file 20 "Drivers/STM32WBxx_HAL_Driver/Inc/stm32wbxx_hal_tim.h"
 1943              		.file 21 "Drivers/STM32WBxx_HAL_Driver/Inc/stm32wbxx_hal_uart.h"
 1944              		.file 22 "Core/Inc/app_conf.h"
 1945              		.file 23 "Core/Inc/bmi270.h"
 1946              		.file 24 "Core/Inc/gps.h"
 1947              		.file 25 "Core/Inc/flash.h"
 1948              		.file 26 "Core/Inc/oled_display.h"
 1949              		.file 27 "Drivers/STM32WBxx_HAL_Driver/Inc/stm32wbxx_hal_uart_ex.h"
 1950              		.file 28 "Drivers/STM32WBxx_HAL_Driver/Inc/stm32wbxx_hal_rtc_ex.h"
 1951              		.file 29 "Drivers/STM32WBxx_HAL_Driver/Inc/stm32wbxx_hal_i2c_ex.h"
 1952              		.file 30 "Drivers/STM32WBxx_HAL_Driver/Inc/stm32wbxx_hal_cortex.h"
 1953              		.file 31 "Drivers/STM32WBxx_HAL_Driver/Inc/stm32wbxx_hal_pwr.h"
 1954              		.file 32 "Core/Inc/app_entry.h"
 1955              		.file 33 "Core/Inc/sensordata.h"
 1956              		.file 34 "Drivers/STM32WBxx_HAL_Driver/Inc/stm32wbxx_hal.h"
 1957              		.file 35 "STM32_WPAN/App/custom_app.h"
 1958              		.file 36 "Drivers/STM32WBxx_HAL_Driver/Inc/stm32wbxx_hal_hsem.h"
 1959              		.file 37 "Core/Inc/bme280.h"
 1960              		.file 38 "USB_Device/App/usb_device.h"
 1961              		.file 39 "<built-in>"
ARM GAS  C:\Users\bku598\AppData\Local\Temp\ccPOR4r7.s 			page 108


DEFINED SYMBOLS
                            *ABS*:00000000 main.c
C:\Users\bku598\AppData\Local\Temp\ccPOR4r7.s:21     .text.MX_GPIO_Init:00000000 $t
C:\Users\bku598\AppData\Local\Temp\ccPOR4r7.s:26     .text.MX_GPIO_Init:00000000 MX_GPIO_Init
C:\Users\bku598\AppData\Local\Temp\ccPOR4r7.s:215    .text.MX_GPIO_Init:000000c4 $d
C:\Users\bku598\AppData\Local\Temp\ccPOR4r7.s:220    .text.MX_DMA_Init:00000000 $t
C:\Users\bku598\AppData\Local\Temp\ccPOR4r7.s:225    .text.MX_DMA_Init:00000000 MX_DMA_Init
C:\Users\bku598\AppData\Local\Temp\ccPOR4r7.s:304    .text.HAL_GPIO_EXTI_Callback:00000000 $t
C:\Users\bku598\AppData\Local\Temp\ccPOR4r7.s:310    .text.HAL_GPIO_EXTI_Callback:00000000 HAL_GPIO_EXTI_Callback
C:\Users\bku598\AppData\Local\Temp\ccPOR4r7.s:427    .text.HAL_GPIO_EXTI_Callback:00000070 $d
C:\Users\bku598\AppData\Local\Temp\ccPOR4r7.s:1830   .bss.lastTime.0:00000000 lastTime.0
C:\Users\bku598\AppData\Local\Temp\ccPOR4r7.s:1923   .bss.currentLvl:00000000 currentLvl
C:\Users\bku598\AppData\Local\Temp\ccPOR4r7.s:1899   .data.cursorChange:00000000 cursorChange
C:\Users\bku598\AppData\Local\Temp\ccPOR4r7.s:1917   .bss.currentCur:00000000 currentCur
C:\Users\bku598\AppData\Local\Temp\ccPOR4r7.s:1905   .data.stateChange:00000000 stateChange
C:\Users\bku598\AppData\Local\Temp\ccPOR4r7.s:436    .text.HAL_TIM_PeriodElapsedCallback:00000000 $t
C:\Users\bku598\AppData\Local\Temp\ccPOR4r7.s:442    .text.HAL_TIM_PeriodElapsedCallback:00000000 HAL_TIM_PeriodElapsedCallback
C:\Users\bku598\AppData\Local\Temp\ccPOR4r7.s:470    .text.HAL_TIM_PeriodElapsedCallback:00000014 $d
C:\Users\bku598\AppData\Local\Temp\ccPOR4r7.s:1837   .bss.htim16:00000000 htim16
C:\Users\bku598\AppData\Local\Temp\ccPOR4r7.s:1911   .bss.tastScheduler:00000000 tastScheduler
C:\Users\bku598\AppData\Local\Temp\ccPOR4r7.s:476    .text.Error_Handler:00000000 $t
C:\Users\bku598\AppData\Local\Temp\ccPOR4r7.s:482    .text.Error_Handler:00000000 Error_Handler
C:\Users\bku598\AppData\Local\Temp\ccPOR4r7.s:514    .text.MX_IPCC_Init:00000000 $t
C:\Users\bku598\AppData\Local\Temp\ccPOR4r7.s:519    .text.MX_IPCC_Init:00000000 MX_IPCC_Init
C:\Users\bku598\AppData\Local\Temp\ccPOR4r7.s:550    .text.MX_IPCC_Init:00000014 $d
C:\Users\bku598\AppData\Local\Temp\ccPOR4r7.s:1879   .bss.hipcc:00000000 hipcc
C:\Users\bku598\AppData\Local\Temp\ccPOR4r7.s:556    .text.MX_I2C1_Init:00000000 $t
C:\Users\bku598\AppData\Local\Temp\ccPOR4r7.s:561    .text.MX_I2C1_Init:00000000 MX_I2C1_Init
C:\Users\bku598\AppData\Local\Temp\ccPOR4r7.s:647    .text.MX_I2C1_Init:00000050 $d
C:\Users\bku598\AppData\Local\Temp\ccPOR4r7.s:1886   .bss.hi2c1:00000000 hi2c1
C:\Users\bku598\AppData\Local\Temp\ccPOR4r7.s:654    .text.MX_TIM16_Init:00000000 $t
C:\Users\bku598\AppData\Local\Temp\ccPOR4r7.s:659    .text.MX_TIM16_Init:00000000 MX_TIM16_Init
C:\Users\bku598\AppData\Local\Temp\ccPOR4r7.s:715    .text.MX_TIM16_Init:00000030 $d
C:\Users\bku598\AppData\Local\Temp\ccPOR4r7.s:721    .text.MX_RTC_Init:00000000 $t
C:\Users\bku598\AppData\Local\Temp\ccPOR4r7.s:726    .text.MX_RTC_Init:00000000 MX_RTC_Init
C:\Users\bku598\AppData\Local\Temp\ccPOR4r7.s:794    .text.MX_RTC_Init:0000003c $d
C:\Users\bku598\AppData\Local\Temp\ccPOR4r7.s:1844   .bss.hrtc:00000000 hrtc
C:\Users\bku598\AppData\Local\Temp\ccPOR4r7.s:800    .text.MX_LPUART1_UART_Init:00000000 $t
C:\Users\bku598\AppData\Local\Temp\ccPOR4r7.s:805    .text.MX_LPUART1_UART_Init:00000000 MX_LPUART1_UART_Init
C:\Users\bku598\AppData\Local\Temp\ccPOR4r7.s:901    .text.MX_LPUART1_UART_Init:00000058 $d
C:\Users\bku598\AppData\Local\Temp\ccPOR4r7.s:1872   .bss.hlpuart1:00000000 hlpuart1
C:\Users\bku598\AppData\Local\Temp\ccPOR4r7.s:907    .text.MX_QUADSPI_Init:00000000 $t
C:\Users\bku598\AppData\Local\Temp\ccPOR4r7.s:912    .text.MX_QUADSPI_Init:00000000 MX_QUADSPI_Init
C:\Users\bku598\AppData\Local\Temp\ccPOR4r7.s:966    .text.MX_QUADSPI_Init:0000002c $d
C:\Users\bku598\AppData\Local\Temp\ccPOR4r7.s:1858   .bss.hqspi:00000000 hqspi
C:\Users\bku598\AppData\Local\Temp\ccPOR4r7.s:972    .text.MX_ADC1_Init:00000000 $t
C:\Users\bku598\AppData\Local\Temp\ccPOR4r7.s:977    .text.MX_ADC1_Init:00000000 MX_ADC1_Init
C:\Users\bku598\AppData\Local\Temp\ccPOR4r7.s:1105   .text.MX_ADC1_Init:00000074 $d
C:\Users\bku598\AppData\Local\Temp\ccPOR4r7.s:1893   .bss.hadc1:00000000 hadc1
C:\Users\bku598\AppData\Local\Temp\ccPOR4r7.s:1112   .text.MX_RNG_Init:00000000 $t
C:\Users\bku598\AppData\Local\Temp\ccPOR4r7.s:1117   .text.MX_RNG_Init:00000000 MX_RNG_Init
C:\Users\bku598\AppData\Local\Temp\ccPOR4r7.s:1152   .text.MX_RNG_Init:00000018 $d
C:\Users\bku598\AppData\Local\Temp\ccPOR4r7.s:1851   .bss.hrng:00000000 hrng
C:\Users\bku598\AppData\Local\Temp\ccPOR4r7.s:1158   .text.SystemClock_Config:00000000 $t
C:\Users\bku598\AppData\Local\Temp\ccPOR4r7.s:1164   .text.SystemClock_Config:00000000 SystemClock_Config
C:\Users\bku598\AppData\Local\Temp\ccPOR4r7.s:1402   .text.PeriphCommonClock_Config:00000000 $t
C:\Users\bku598\AppData\Local\Temp\ccPOR4r7.s:1408   .text.PeriphCommonClock_Config:00000000 PeriphCommonClock_Config
ARM GAS  C:\Users\bku598\AppData\Local\Temp\ccPOR4r7.s 			page 109


C:\Users\bku598\AppData\Local\Temp\ccPOR4r7.s:1493   .text.main:00000000 $t
C:\Users\bku598\AppData\Local\Temp\ccPOR4r7.s:1499   .text.main:00000000 main
C:\Users\bku598\AppData\Local\Temp\ccPOR4r7.s:1815   .text.main:0000018c $d
C:\Users\bku598\AppData\Local\Temp\ccPOR4r7.s:1827   .bss.lastTime.0:00000000 $d
C:\Users\bku598\AppData\Local\Temp\ccPOR4r7.s:1834   .bss.htim16:00000000 $d
C:\Users\bku598\AppData\Local\Temp\ccPOR4r7.s:1841   .bss.hrtc:00000000 $d
C:\Users\bku598\AppData\Local\Temp\ccPOR4r7.s:1848   .bss.hrng:00000000 $d
C:\Users\bku598\AppData\Local\Temp\ccPOR4r7.s:1855   .bss.hqspi:00000000 $d
C:\Users\bku598\AppData\Local\Temp\ccPOR4r7.s:1865   .bss.hdma_lpuart1_rx:00000000 hdma_lpuart1_rx
C:\Users\bku598\AppData\Local\Temp\ccPOR4r7.s:1862   .bss.hdma_lpuart1_rx:00000000 $d
C:\Users\bku598\AppData\Local\Temp\ccPOR4r7.s:1869   .bss.hlpuart1:00000000 $d
C:\Users\bku598\AppData\Local\Temp\ccPOR4r7.s:1876   .bss.hipcc:00000000 $d
C:\Users\bku598\AppData\Local\Temp\ccPOR4r7.s:1883   .bss.hi2c1:00000000 $d
C:\Users\bku598\AppData\Local\Temp\ccPOR4r7.s:1890   .bss.hadc1:00000000 $d
C:\Users\bku598\AppData\Local\Temp\ccPOR4r7.s:1912   .bss.tastScheduler:00000000 $d
C:\Users\bku598\AppData\Local\Temp\ccPOR4r7.s:1918   .bss.currentCur:00000000 $d
C:\Users\bku598\AppData\Local\Temp\ccPOR4r7.s:1924   .bss.currentLvl:00000000 $d

UNDEFINED SYMBOLS
HAL_GPIO_WritePin
HAL_GPIO_Init
HAL_NVIC_SetPriority
HAL_NVIC_EnableIRQ
HAL_GetTick
HAL_IPCC_Init
HAL_I2C_Init
HAL_I2CEx_ConfigAnalogFilter
HAL_I2CEx_ConfigDigitalFilter
HAL_I2CEx_EnableFastModePlus
HAL_TIM_Base_Init
HAL_TIM_Base_Start_IT
HAL_RTC_Init
HAL_RTCEx_SetWakeUpTimer_IT
HAL_HalfDuplex_Init
HAL_UARTEx_SetTxFifoThreshold
HAL_UARTEx_SetRxFifoThreshold
HAL_UARTEx_DisableFifoMode
HAL_QSPI_Init
HAL_ADC_Init
HAL_ADC_ConfigChannel
HAL_RNG_Init
memset
HAL_PWR_EnableBkUpAccess
HAL_RCC_OscConfig
HAL_RCC_ClockConfig
HAL_RCCEx_CRSConfig
HAL_RCCEx_PeriphCLKConfig
HAL_Init
MX_APPE_Config
MX_USB_Device_Init
BMI270_Configure
GPS_Start
BME280_Config
Enable_4BYTEMODE
Oled_init
Oled_Clear
Oled_Update
ARM GAS  C:\Users\bku598\AppData\Local\Temp\ccPOR4r7.s 			page 110


findStartPos
HAL_HSEM_FastTake
MX_APPE_Init
mainMenu
DrawCircle
gpsLogo
Oled_updateNumSV
Oled_Draw1BitImage
oled_numSV
packageDataToMem
sendPackageToMem
Custom_STN_NotificationEnabled
MX_APPE_Process
SSD1327_UpdateArea
sendDataStepByStep
sendDataUSB
GPS_connected
icon_gps_20x20
usbConnected
