ARM GAS  C:\Users\bku598\AppData\Local\Temp\ccny8rTm.s 			page 1


   1              		.cpu cortex-m4
   2              		.arch armv7e-m
   3              		.fpu fpv4-sp-d16
   4              		.eabi_attribute 27, 1
   5              		.eabi_attribute 28, 1
   6              		.eabi_attribute 20, 1
   7              		.eabi_attribute 21, 1
   8              		.eabi_attribute 23, 3
   9              		.eabi_attribute 24, 1
  10              		.eabi_attribute 25, 1
  11              		.eabi_attribute 26, 1
  12              		.eabi_attribute 30, 1
  13              		.eabi_attribute 34, 1
  14              		.eabi_attribute 18, 4
  15              		.file	"oled_display.c"
  16              		.text
  17              	.Ltext0:
  18              		.cfi_sections	.debug_frame
  19              		.file 1 "Core/Src/oled_display.c"
  20              		.section	.text.Oled_SendCommand,"ax",%progbits
  21              		.align	1
  22              		.global	Oled_SendCommand
  23              		.syntax unified
  24              		.thumb
  25              		.thumb_func
  27              	Oled_SendCommand:
  28              	.LVL0:
  29              	.LFB1416:
   1:Core/Src/oled_display.c **** /*
   2:Core/Src/oled_display.c **** oled_display.c
   3:Core/Src/oled_display.c **** 
   4:Core/Src/oled_display.c **** Created: 2025-12-03
   5:Core/Src/oled_display.c **** Author: Viktor, Nicklas
   6:Core/Src/oled_display.c **** 
   7:Core/Src/oled_display.c **** */
   8:Core/Src/oled_display.c **** 
   9:Core/Src/oled_display.c **** /*
  10:Core/Src/oled_display.c ****   Oled_DrawPixel(0,0,0x0F); // Längst upp i vänstra hörnet
  11:Core/Src/oled_display.c ****   Oled_DrawPixel(127,0,0x0F); // Längst upp i högra hörnet
  12:Core/Src/oled_display.c ****   Oled_DrawPixel(0,127,0x0F); // Längst ned i vänstra hörnet
  13:Core/Src/oled_display.c ****   Oled_DrawPixel(127,127,0x0F); // Längst ned i högra hörnet
  14:Core/Src/oled_display.c **** */
  15:Core/Src/oled_display.c **** 
  16:Core/Src/oled_display.c **** #include "oled_display.h"
  17:Core/Src/oled_display.c **** 
  18:Core/Src/oled_display.c **** static uint8_t buffer[128*128/2];  // 8192 bytes
  19:Core/Src/oled_display.c **** volatile bool display_busy = 0;
  20:Core/Src/oled_display.c **** 
  21:Core/Src/oled_display.c **** #define DIGIT_W  12
  22:Core/Src/oled_display.c **** #define DIGIT_H  20
  23:Core/Src/oled_display.c **** 
  24:Core/Src/oled_display.c **** const uint8_t* digits[10] = {digit_0, digit_1, digit_2, digit_3, digit_4, digit_5, digit_6, digit_7
  25:Core/Src/oled_display.c **** 
  26:Core/Src/oled_display.c **** const uint8_t batFram[] = {	
  27:Core/Src/oled_display.c ****     0x3f, 0xf8, 0xff, 0xfe, 0xff, 0xfe, 0x80, 0x02, 
  28:Core/Src/oled_display.c ****     0x80, 0x02, 0x80, 0x02, 0x80, 0x02, 0x80, 0x02, 
  29:Core/Src/oled_display.c **** 	0x80, 0x02, 0x80, 0x02, 0x80, 0x02, 0x80, 0x02, 
ARM GAS  C:\Users\bku598\AppData\Local\Temp\ccny8rTm.s 			page 2


  30:Core/Src/oled_display.c ****     0x80, 0x02, 0x80, 0x02, 0x80, 0x02, 0x80, 0x02, 
  31:Core/Src/oled_display.c **** 	0x80, 0x02, 0x80, 0x02, 0x80, 0x02, 0xff, 0xfe};
  32:Core/Src/oled_display.c **** 
  33:Core/Src/oled_display.c **** const uint8_t icon_gps_20x20[] =
  34:Core/Src/oled_display.c **** {
  35:Core/Src/oled_display.c ****     0x06, 0x00, 0x00,
  36:Core/Src/oled_display.c ****     0x07, 0x00, 0x00,
  37:Core/Src/oled_display.c ****     0x07, 0x80, 0x00,
  38:Core/Src/oled_display.c ****     0x03, 0xC0, 0x00,
  39:Core/Src/oled_display.c ****     0x01, 0xC4, 0x00,
  40:Core/Src/oled_display.c ****     0x00, 0xFC, 0x00,
  41:Core/Src/oled_display.c ****     0x00, 0x3E, 0x00,
  42:Core/Src/oled_display.c ****     0x00, 0x7F, 0x00,
  43:Core/Src/oled_display.c ****     0x03, 0x3F, 0x00,
  44:Core/Src/oled_display.c ****     0x05, 0xFE, 0x00,
  45:Core/Src/oled_display.c ****     0x00, 0xFF, 0x00,
  46:Core/Src/oled_display.c ****     0x00, 0x23, 0x80,
  47:Core/Src/oled_display.c ****     0xA4, 0x31, 0xC0,
  48:Core/Src/oled_display.c ****     0xB4, 0x10, 0xE0,
  49:Core/Src/oled_display.c ****     0xD3, 0x20, 0x70,
  50:Core/Src/oled_display.c ****     0x48, 0x00, 0x20,
  51:Core/Src/oled_display.c ****     0x26, 0x00, 0x00,
  52:Core/Src/oled_display.c ****     0x33, 0x00, 0x00,
  53:Core/Src/oled_display.c ****     0x1C, 0x00, 0x00,
  54:Core/Src/oled_display.c ****     0x07, 0x00, 0x00,
  55:Core/Src/oled_display.c **** };
  56:Core/Src/oled_display.c **** 
  57:Core/Src/oled_display.c **** const uint8_t connecttoUSB[] = {
  58:Core/Src/oled_display.c ****     0x00, 0x00, 0x00, 0x00, 0x00, 0x00, 0x00, 0x00, 0x00, 0x00, 0x00, 0x00, 0x00, 0x00, 0x00, 0x00,
  59:Core/Src/oled_display.c **** 	0x00, 0x00, 0x00, 0x00, 0x00, 0x00, 0x00, 0x00, 0x00, 0x00, 0x00, 0x00, 0x00, 0x00, 0x00, 0x00, 
  60:Core/Src/oled_display.c **** 	0x00, 0x00, 0x00, 0x00, 0x00, 0x00, 0x00, 0x00, 0x00, 0x00, 0x00, 0x00, 0x00, 0x00, 0x00, 0x00, 
  61:Core/Src/oled_display.c **** 	0x00, 0x00, 0x00, 0x00, 0x00, 0x00, 0x00, 0x00, 0x00, 0x10, 0x08, 0x00, 0x08, 0x23, 0xc7, 0x80, 
  62:Core/Src/oled_display.c **** 	0x00, 0x00, 0x00, 0x00, 0x00, 0x00, 0x10, 0x08, 0x00, 0x08, 0x24, 0x24, 0x40, 0x00, 0x38, 0xf2, 
  63:Core/Src/oled_display.c **** 	0xe2, 0xe1, 0xe3, 0xbe, 0x1f, 0x3c, 0x08, 0x24, 0x04, 0x40, 0x00, 0x45, 0x0b, 0x13, 0x12, 0x14, 
  64:Core/Src/oled_display.c **** 	0x50, 0x08, 0x42, 0x08, 0x24, 0x04, 0x40, 0x00, 0x41, 0x0a, 0x12, 0x12, 0x14, 0x10, 0x08, 0x42, 
  65:Core/Src/oled_display.c **** 	0x08, 0x23, 0xc7, 0xc0, 0x00, 0x41, 0x0a, 0x12, 0x13, 0xf4, 0x10, 0x08, 0x42, 0x08, 0x20, 0x24, 
  66:Core/Src/oled_display.c **** 	0x20, 0x00, 0x41, 0x0a, 0x12, 0x12, 0x04, 0x10, 0x08, 0x42, 0x08, 0x20, 0x24, 0x20, 0x00, 0x45, 
  67:Core/Src/oled_display.c **** 	0x0a, 0x12, 0x12, 0x14, 0x50, 0x08, 0x42, 0x04, 0x44, 0x24, 0x20, 0x00, 0x38, 0xf2, 0x12, 0x11, 
  68:Core/Src/oled_display.c **** 	0xe3, 0x8e, 0x07, 0x3c, 0x03, 0x83, 0xc7, 0xc0, 0x00, 0x00, 0x00, 0x00, 0x00, 0x00, 0x00, 0x00, 
  69:Core/Src/oled_display.c **** 	0x00, 0x00, 0x00, 0x00, 0x00, 0x00, 0x00, 0x00, 0x00, 0x00, 0x00, 0x00, 0x00, 0x00, 0x00, 0x00, 
  70:Core/Src/oled_display.c **** 	0x00, 0x00, 0x00};
  71:Core/Src/oled_display.c **** 
  72:Core/Src/oled_display.c **** const uint8_t startMeasure[] = {
  73:Core/Src/oled_display.c **** 		0x00, 0x00, 0x00, 0x00, 0x00, 0x00, 0x00, 0x00, 0x00, 0x00, 0x00, 0x00, 0x00, 0x00, 0x00, 0x00,
  74:Core/Src/oled_display.c **** 		0x00, 0x00, 0x00, 0x00, 0x00, 0x00, 0x00, 0x00, 0x00, 0x00, 0x00, 0x00, 0x00, 0x00, 0x00, 0x00,
  75:Core/Src/oled_display.c **** 		0x00, 0x00, 0x00, 0x00, 0x00, 0x00, 0x00, 0x00, 0x00, 0x00, 0x00, 0x00, 0x00, 0x00, 0x00, 0x00,
  76:Core/Src/oled_display.c **** 		0x00, 0x00, 0x00, 0x00, 0x01, 0x00, 0x00, 0x80, 0x00, 0x00, 0x00, 0x00, 0x00, 0x00, 0x00, 0x00,
  77:Core/Src/oled_display.c **** 		0x00, 0x01, 0x00, 0x00, 0x80, 0x00, 0x00, 0x00, 0x00, 0x00, 0x00, 0x00, 0x00, 0x00, 0x3f, 0xe7,
  78:Core/Src/oled_display.c **** 		0x97, 0xf0, 0x7b, 0x83, 0xc7, 0x8f, 0x42, 0x59, 0xe0, 0x00, 0x00, 0x41, 0x00, 0x58, 0x80, 0x44,
  79:Core/Src/oled_display.c **** 		0x44, 0x20, 0x50, 0x42, 0x62, 0x10, 0x00, 0x00, 0x41, 0x00, 0x50, 0x80, 0x44, 0x44, 0x20, 0x50,
  80:Core/Src/oled_display.c **** 		0x42, 0x42, 0x10, 0x00, 0x00, 0x39, 0x07, 0xd0, 0x80, 0x44, 0x47, 0xe7, 0xce, 0x42, 0x43, 0xf0,
  81:Core/Src/oled_display.c **** 		0x00, 0x00, 0x05, 0x08, 0x50, 0x80, 0x44, 0x44, 0x08, 0x41, 0x42, 0x42, 0x00, 0x00, 0x00, 0x05,
  82:Core/Src/oled_display.c **** 		0x08, 0x50, 0x80, 0x44, 0x44, 0x28, 0x41, 0x46, 0x42, 0x10, 0x00, 0x00, 0x78, 0xe7, 0xd0, 0x70,
  83:Core/Src/oled_display.c **** 		0x44, 0x43, 0xc7, 0xde, 0x3a, 0x41, 0xe0, 0x00, 0x00, 0x00, 0x00, 0x00, 0x00, 0x00, 0x00, 0x00,
  84:Core/Src/oled_display.c **** 		0x00, 0x00, 0x00, 0x00, 0x00, 0x00, 0x00, 0x00, 0x00, 0x00, 0x00, 0x00, 0x00, 0x00, 0x00, 0x00,
  85:Core/Src/oled_display.c **** 		0x00, 0x00, 0x00
  86:Core/Src/oled_display.c **** };
ARM GAS  C:\Users\bku598\AppData\Local\Temp\ccny8rTm.s 			page 3


  87:Core/Src/oled_display.c **** 
  88:Core/Src/oled_display.c **** const uint8_t sendData_Logo[] = {
  89:Core/Src/oled_display.c **** 		0x00, 0x00, 0x00, 0x00, 0x00, 0x00, 0x00, 0x00, 0x00, 0x00, 0x00, 0x00, 0x00, 0x00, 0x00, 0x00,
  90:Core/Src/oled_display.c **** 		0x00, 0x00, 0x00, 0x00, 0x00, 0x00, 0x00, 0x00, 0x00, 0x00, 0x00, 0x00, 0x00, 0x00, 0x00, 0x00,
  91:Core/Src/oled_display.c **** 		0x00, 0x00, 0x00, 0x00, 0x00, 0x00, 0x00, 0x00, 0x00, 0x00, 0x10, 0x02, 0x00, 0x00, 0x00, 0x00,
  92:Core/Src/oled_display.c **** 		0x00, 0x00, 0x00, 0x00, 0x00, 0x00, 0x00, 0x10, 0x02, 0x01, 0x00, 0x00, 0x00, 0x00, 0x00, 0x00,
  93:Core/Src/oled_display.c **** 		0x00, 0x00, 0x00, 0x00, 0x10, 0x02, 0x01, 0x00, 0x00, 0x00, 0x00, 0x00, 0x00, 0x00, 0x3c, 0xf2,
  94:Core/Src/oled_display.c **** 		0xe1, 0xf0, 0x3e, 0x7b, 0xe7, 0x80, 0x00, 0x00, 0x00, 0x00, 0x00, 0x41, 0x0b, 0x12, 0x10, 0x42,
  95:Core/Src/oled_display.c **** 		0x05, 0x00, 0x40, 0x00, 0x00, 0x00, 0x00, 0x00, 0x41, 0x0a, 0x12, 0x10, 0x42, 0x05, 0x00, 0x40,
  96:Core/Src/oled_display.c **** 		0x00, 0x00, 0x00, 0x00, 0x00, 0x39, 0xfa, 0x12, 0x10, 0x42, 0x7d, 0x07, 0xc0, 0x00, 0x00, 0x00,
  97:Core/Src/oled_display.c **** 		0x00, 0x00, 0x05, 0x02, 0x12, 0x10, 0x42, 0x85, 0x08, 0x40, 0x00, 0x00, 0x00, 0x00, 0x00, 0x05,
  98:Core/Src/oled_display.c **** 		0x0a, 0x12, 0x30, 0x46, 0x85, 0x08, 0x40, 0x00, 0x00, 0x00, 0x00, 0x00, 0x78, 0xf2, 0x11, 0xd0,
  99:Core/Src/oled_display.c **** 		0x3a, 0x7c, 0xe7, 0xc0, 0x00, 0x00, 0x00, 0x00, 0x00, 0x00, 0x00, 0x00, 0x00, 0x00, 0x00, 0x00,
 100:Core/Src/oled_display.c **** 		0x00, 0x00, 0x00, 0x00, 0x00, 0x00, 0x00, 0x00, 0x00, 0x00, 0x00, 0x00, 0x00, 0x00, 0x00, 0x00,
 101:Core/Src/oled_display.c **** 		0x00, 0x00, 0x00
 102:Core/Src/oled_display.c **** };
 103:Core/Src/oled_display.c **** 
 104:Core/Src/oled_display.c **** const uint8_t icon_bt_20x20[] =
 105:Core/Src/oled_display.c **** {
 106:Core/Src/oled_display.c ****     0x00, 0x60, 0x00, 0x00, 0x78, 0x00, 0x00, 0x7C, 0x00, 0x00, 0x6E, 0x00,
 107:Core/Src/oled_display.c ****     0x00, 0x67, 0x80, 0x1C, 0x63, 0x80, 0x1E, 0x67, 0x80, 0x07, 0xFE, 0x00,
 108:Core/Src/oled_display.c ****     0x03, 0xFC, 0x00, 0x01, 0xF0, 0x00, 0x00, 0xF0, 0x00, 0x03, 0xFC, 0x00,
 109:Core/Src/oled_display.c ****     0x07, 0xFE, 0x00, 0x0E, 0x67, 0x80, 0x1C, 0x63, 0x80, 0x00, 0x67, 0x80,
 110:Core/Src/oled_display.c ****     0x00, 0x6E, 0x00, 0x00, 0x7C, 0x00, 0x00, 0x78, 0x00, 0x00, 0x60, 0x00,
 111:Core/Src/oled_display.c **** };
 112:Core/Src/oled_display.c **** 
 113:Core/Src/oled_display.c **** const uint8_t digit_0[] = { 
 114:Core/Src/oled_display.c ****     0x00, 0x00, 0x00, 0x00, 0x00, 0x00, 0x00, 0x00, 
 115:Core/Src/oled_display.c ****     0x00, 0x00, 0x1e, 0x00, 0x21, 0x00, 0x21, 0x00, 
 116:Core/Src/oled_display.c **** 	0x21, 0x00, 0x21, 0x00, 0x21, 0x00, 0x21, 0x00, 
 117:Core/Src/oled_display.c ****     0x21, 0x00, 0x1e, 0x00, 0x00, 0x00  
 118:Core/Src/oled_display.c **** }; 
 119:Core/Src/oled_display.c **** 
 120:Core/Src/oled_display.c **** const uint8_t digit_1[] = { 
 121:Core/Src/oled_display.c ****     0x00, 0x00, 0x00, 0x00, 0x00, 0x00, 0x00, 0x00, 
 122:Core/Src/oled_display.c ****     0x00, 0x00, 0x04, 0x00, 0x1c, 0x00, 0x04, 0x00, 
 123:Core/Src/oled_display.c **** 	0x04, 0x00, 0x04, 0x00, 0x04, 0x00, 0x04, 0x00, 
 124:Core/Src/oled_display.c ****     0x04, 0x00, 0x1f, 0x00, 0x00, 0x00  
 125:Core/Src/oled_display.c **** }; 
 126:Core/Src/oled_display.c **** 
 127:Core/Src/oled_display.c **** const uint8_t digit_2[] = { 
 128:Core/Src/oled_display.c ****     0x00, 0x00, 0x00, 0x00, 0x00, 0x00, 0x00, 0x00, 
 129:Core/Src/oled_display.c ****     0x00, 0x00, 0x1e, 0x00, 0x21, 0x00, 0x21, 0x00, 
 130:Core/Src/oled_display.c **** 	0x01, 0x00, 0x02, 0x00, 0x0c, 0x00, 0x10, 0x00, 
 131:Core/Src/oled_display.c ****     0x20, 0x00, 0x3f, 0x00, 0x00, 0x00 
 132:Core/Src/oled_display.c **** }; 
 133:Core/Src/oled_display.c **** 
 134:Core/Src/oled_display.c **** const uint8_t digit_3[] = { 
 135:Core/Src/oled_display.c ****     0x00, 0x00, 0x00, 0x00, 0x00, 0x00, 0x00, 0x00, 
 136:Core/Src/oled_display.c ****     0x00, 0x00, 0x1e, 0x00, 0x21, 0x00, 0x01, 0x00, 
 137:Core/Src/oled_display.c **** 	0x01, 0x00, 0x0e, 0x00, 0x01, 0x00, 0x01, 0x00, 
 138:Core/Src/oled_display.c ****     0x21, 0x00, 0x1e, 0x00, 0x00, 0x00  
 139:Core/Src/oled_display.c **** }; 
 140:Core/Src/oled_display.c **** 
 141:Core/Src/oled_display.c **** const uint8_t digit_4[] = { 
 142:Core/Src/oled_display.c ****     0x00, 0x00, 0x00, 0x00, 0x00, 0x00, 0x00, 0x00, 
 143:Core/Src/oled_display.c ****     0x00, 0x00, 0x02, 0x00, 0x06, 0x00, 0x0a, 0x00, 
ARM GAS  C:\Users\bku598\AppData\Local\Temp\ccny8rTm.s 			page 4


 144:Core/Src/oled_display.c **** 	0x12, 0x00, 0x22, 0x00, 0x3f, 0x80, 0x02, 0x00, 
 145:Core/Src/oled_display.c ****     0x02, 0x00, 0x02, 0x00, 0x00, 0x00
 146:Core/Src/oled_display.c **** }; 
 147:Core/Src/oled_display.c **** 
 148:Core/Src/oled_display.c **** const uint8_t digit_5[] = { 
 149:Core/Src/oled_display.c ****     0x00, 0x00, 0x00, 0x00, 0x00, 0x00, 0x00, 0x00, 
 150:Core/Src/oled_display.c ****     0x00, 0x00, 0x3f, 0x00, 0x20, 0x00, 0x20, 0x00, 
 151:Core/Src/oled_display.c **** 	0x3e, 0x00, 0x01, 0x00, 0x01, 0x00, 0x01, 0x00, 
 152:Core/Src/oled_display.c ****     0x21, 0x00, 0x1e, 0x00, 0x00, 0x00  
 153:Core/Src/oled_display.c **** }; 
 154:Core/Src/oled_display.c **** 
 155:Core/Src/oled_display.c **** const uint8_t digit_6[] = { 
 156:Core/Src/oled_display.c ****     0x00, 0x00, 0x00, 0x00, 0x00, 0x00, 0x00, 0x00, 
 157:Core/Src/oled_display.c ****     0x00, 0x00, 0x0e, 0x00, 0x10, 0x00, 0x20, 0x00, 
 158:Core/Src/oled_display.c **** 	0x3e, 0x00, 0x21, 0x00, 0x21, 0x00, 0x21, 0x00, 
 159:Core/Src/oled_display.c ****     0x21, 0x00, 0x1e, 0x00, 0x00, 0x00 
 160:Core/Src/oled_display.c **** }; 
 161:Core/Src/oled_display.c **** 
 162:Core/Src/oled_display.c **** const uint8_t digit_7[] = { 
 163:Core/Src/oled_display.c ****     0x00, 0x00, 0x00, 0x00, 0x00, 0x00, 0x00, 0x00, 
 164:Core/Src/oled_display.c ****     0x00, 0x00, 0x3f, 0x00, 0x01, 0x00, 0x02, 0x00, 
 165:Core/Src/oled_display.c **** 	0x02, 0x00, 0x04, 0x00, 0x04, 0x00, 0x08, 0x00, 
 166:Core/Src/oled_display.c ****     0x08, 0x00, 0x10, 0x00, 0x00, 0x00 
 167:Core/Src/oled_display.c **** };  
 168:Core/Src/oled_display.c **** 
 169:Core/Src/oled_display.c **** const uint8_t digit_8[] = { 
 170:Core/Src/oled_display.c ****     0x00, 0x00, 0x00, 0x00, 0x00, 0x00, 0x00, 0x00, 
 171:Core/Src/oled_display.c ****     0x00, 0x00, 0x1e, 0x00, 0x21, 0x00, 0x21, 0x00, 
 172:Core/Src/oled_display.c **** 	0x21, 0x00, 0x1e, 0x00, 0x21, 0x00, 0x21, 0x00, 
 173:Core/Src/oled_display.c ****     0x21, 0x00, 0x1e, 0x00, 0x00, 0x00  
 174:Core/Src/oled_display.c **** }; 
 175:Core/Src/oled_display.c ****   
 176:Core/Src/oled_display.c **** 
 177:Core/Src/oled_display.c **** const uint8_t digit_9[] = { 
 178:Core/Src/oled_display.c ****     0x00, 0x00, 0x00, 0x00, 0x00, 0x00, 0x00, 0x00, 
 179:Core/Src/oled_display.c ****     0x00, 0x00, 0x1e, 0x00, 0x21, 0x00, 0x21, 0x00, 
 180:Core/Src/oled_display.c **** 	0x21, 0x00, 0x21, 0x00, 0x1f, 0x00, 0x01, 0x00, 
 181:Core/Src/oled_display.c ****     0x02, 0x00, 0x1c, 0x00, 0x00, 0x00 
 182:Core/Src/oled_display.c **** }; 
 183:Core/Src/oled_display.c **** 
 184:Core/Src/oled_display.c **** const uint8_t numSV[] = {	
 185:Core/Src/oled_display.c ****     0x00, 0x00, 0x00, 0x00, 0x00, 0x00, 0x00, 0x00, 0x00, 0x00, 0x00, 0x00, 0x00, 0x00, 0x00, 0x00,
 186:Core/Src/oled_display.c **** 	0x00, 0x00, 0x00, 0x00, 0x00, 0x00, 0x00, 0x00, 0x00, 0x00, 0x00, 0x00, 0x00, 0x00, 0x00, 0x00, 
 187:Core/Src/oled_display.c **** 	0x00, 0x00, 0x00, 0x00, 0x00, 0x00, 0x00, 0x00, 0x00, 0x00, 0x00, 0x03, 0xc8, 0x10, 0x00, 0x00, 
 188:Core/Src/oled_display.c **** 	0x00, 0x00, 0x00, 0x00, 0x00, 0x04, 0x28, 0x10, 0x00, 0x00, 0x00, 0x00, 0x5c, 0x42, 0x7b, 0x84, 
 189:Core/Src/oled_display.c **** 	0x04, 0x20, 0x00, 0x00, 0x00, 0x00, 0x62, 0x42, 0x44, 0x44, 0x04, 0x20, 0x00, 0x00, 0x00, 0x00, 
 190:Core/Src/oled_display.c **** 	0x42, 0x42, 0x44, 0x43, 0xc4, 0x20, 0x00, 0x00, 0x00, 0x00, 0x42, 0x42, 0x44, 0x40, 0x22, 0x40, 
 191:Core/Src/oled_display.c **** 	0x00, 0x00, 0x00, 0x00, 0x42, 0x42, 0x44, 0x40, 0x22, 0x40, 0x00, 0x00, 0x00, 0x00, 0x42, 0x46, 
 192:Core/Src/oled_display.c **** 	0x44, 0x44, 0x21, 0x80, 0x00, 0x00, 0x00, 0x00, 0x42, 0x3a, 0x44, 0x43, 0xc1, 0x80, 0x00, 0x00, 
 193:Core/Src/oled_display.c **** 	0x00, 0x00, 0x00, 0x00, 0x00, 0x00, 0x00, 0x00, 0x00, 0x00, 0x00, 0x00, 0x00, 0x00, 0x00, 0x00, 
 194:Core/Src/oled_display.c **** 	0x00, 0x00, 0x00, 0x00, 0x00, 0x00};
 195:Core/Src/oled_display.c ****  
 196:Core/Src/oled_display.c **** 
 197:Core/Src/oled_display.c **** const uint8_t Afry_logo[] = {
 198:Core/Src/oled_display.c ****     0x00, 0x00, 0x00, 0x00, 0x00, 0x00, 0x00, 0x00, 0x00, 0x00, 0x00, 0x00, 0x00, 0x00, 0x00, 0x00,
 199:Core/Src/oled_display.c ****     0x00, 0x00, 0x00, 0x00, 0x00, 0x00, 0x00, 0x7F, 0xFE, 0x00, 0x00, 0x00, 0x00, 0x00, 0x00, 0x00,
 200:Core/Src/oled_display.c ****     0x00, 0x00, 0x00, 0x00, 0x00, 0x00, 0x3F, 0xFF, 0xFF, 0xF8, 0x00, 0x00, 0x00, 0x00, 0x00, 0x00,
ARM GAS  C:\Users\bku598\AppData\Local\Temp\ccny8rTm.s 			page 5


 201:Core/Src/oled_display.c ****     0x00, 0x00, 0x00, 0x00, 0x00, 0x03, 0xFF, 0xFF, 0xFF, 0xFF, 0xC0, 0x00, 0x00, 0x00, 0x00, 0x00,
 202:Core/Src/oled_display.c ****     0x00, 0x00, 0x00, 0x00, 0x00, 0x1F, 0xFF, 0xFF, 0xFF, 0xFF, 0xF8, 0x00, 0x00, 0x00, 0x00, 0x00,
 203:Core/Src/oled_display.c ****     0x00, 0x00, 0x00, 0x00, 0x00, 0xFF, 0xFF, 0xFF, 0xFF, 0xFF, 0xFE, 0x00, 0x00, 0x00, 0x00, 0x00,
 204:Core/Src/oled_display.c ****     0x00, 0x00, 0x00, 0x00, 0x03, 0xFF, 0xFF, 0xFF, 0xFF, 0xFF, 0xFF, 0xC0, 0x00, 0x00, 0x00, 0x00,
 205:Core/Src/oled_display.c ****     0x00, 0x00, 0x00, 0x00, 0x0F, 0xFF, 0xFF, 0xC0, 0x03, 0xFF, 0xFF, 0xF0, 0x00, 0x00, 0x00, 0x00,
 206:Core/Src/oled_display.c ****     0x00, 0x00, 0x00, 0x00, 0x3F, 0xFF, 0xF0, 0x00, 0x00, 0x0F, 0xFF, 0xFC, 0x00, 0x00, 0x00, 0x00,
 207:Core/Src/oled_display.c ****     0x00, 0x00, 0x00, 0x00, 0xFF, 0xFE, 0x00, 0x00, 0x00, 0x00, 0x7F, 0xFF, 0x00, 0x00, 0x00, 0x00,
 208:Core/Src/oled_display.c ****     0x00, 0x00, 0x00, 0x01, 0xFF, 0xF8, 0x00, 0x00, 0x00, 0x00, 0x1F, 0xFF, 0x80, 0x00, 0x00, 0x00,
 209:Core/Src/oled_display.c ****     0x00, 0x00, 0x00, 0x07, 0xFF, 0xC0, 0x00, 0x00, 0x00, 0x00, 0x03, 0xFF, 0xE0, 0x00, 0x00, 0x00,
 210:Core/Src/oled_display.c ****     0x00, 0x00, 0x00, 0x1F, 0xFE, 0x00, 0x00, 0x00, 0x00, 0x00, 0x00, 0xFF, 0xF8, 0x00, 0x00, 0x00,
 211:Core/Src/oled_display.c ****     0x00, 0x00, 0x00, 0x3F, 0xFC, 0x00, 0x00, 0x00, 0x00, 0x00, 0x00, 0x3F, 0xFC, 0x00, 0x00, 0x00,
 212:Core/Src/oled_display.c ****     0x00, 0x00, 0x00, 0x7F, 0xF0, 0x00, 0x00, 0x00, 0x00, 0x00, 0x00, 0x0F, 0xFE, 0x00, 0x00, 0x00,
 213:Core/Src/oled_display.c ****     0x00, 0x00, 0x01, 0xFF, 0xC0, 0x00, 0x00, 0x00, 0x00, 0x00, 0x00, 0x03, 0xFF, 0x00, 0x00, 0x00,
 214:Core/Src/oled_display.c ****     0x00, 0x00, 0x03, 0xFF, 0x80, 0x00, 0x00, 0x00, 0x00, 0x00, 0x00, 0x01, 0xFF, 0x80, 0x00, 0x00,
 215:Core/Src/oled_display.c ****     0x00, 0x00, 0x07, 0xFE, 0x00, 0x00, 0x00, 0x00, 0x00, 0x00, 0x00, 0x00, 0x7F, 0xE0, 0x00, 0x00,
 216:Core/Src/oled_display.c ****     0x00, 0x00, 0x0F, 0xF8, 0x00, 0x00, 0x00, 0x00, 0x00, 0x00, 0x00, 0x00, 0x3F, 0xF0, 0x00, 0x00,
 217:Core/Src/oled_display.c ****     0x00, 0x00, 0x1F, 0xF0, 0x00, 0x00, 0x00, 0x00, 0x00, 0x00, 0x00, 0x00, 0x1F, 0xF8, 0x00, 0x00,
 218:Core/Src/oled_display.c ****     0x00, 0x00, 0x3F, 0xE0, 0x00, 0x00, 0x00, 0x00, 0x00, 0x00, 0x00, 0x00, 0x0F, 0xFC, 0x00, 0x00,
 219:Core/Src/oled_display.c ****     0x00, 0x00, 0x7F, 0xC0, 0x00, 0x00, 0x00, 0x00, 0x00, 0x00, 0x00, 0x00, 0x0F, 0xFE, 0x00, 0x00,
 220:Core/Src/oled_display.c ****     0x00, 0x00, 0xFF, 0x80, 0x00, 0x00, 0x00, 0x00, 0x00, 0x00, 0x00, 0x00, 0xFF, 0xFE, 0x00, 0x00,
 221:Core/Src/oled_display.c ****     0x00, 0x01, 0xFF, 0x00, 0x00, 0x00, 0x00, 0x00, 0x00, 0x00, 0x00, 0x0F, 0xFF, 0xFF, 0x00, 0x00,
 222:Core/Src/oled_display.c ****     0x00, 0x01, 0xFE, 0x00, 0x00, 0x00, 0x00, 0x00, 0x00, 0x00, 0x00, 0x7F, 0xFF, 0xFF, 0x80, 0x00,
 223:Core/Src/oled_display.c ****     0x00, 0x03, 0xFC, 0x00, 0x00, 0x00, 0x00, 0x00, 0x00, 0x00, 0x07, 0xFF, 0xFF, 0xFF, 0xC0, 0x00,
 224:Core/Src/oled_display.c ****     0x00, 0x07, 0xF8, 0x00, 0x00, 0x00, 0x00, 0x00, 0x00, 0x00, 0x7F, 0xFF, 0xFF, 0xFF, 0xE0, 0x00,
 225:Core/Src/oled_display.c ****     0x00, 0x0F, 0xF0, 0x00, 0x00, 0x00, 0x00, 0x00, 0x00, 0x03, 0xFF, 0xFF, 0xFF, 0xFF, 0xF0, 0x00,
 226:Core/Src/oled_display.c ****     0x00, 0x0F, 0xE0, 0x00, 0x00, 0x00, 0x00, 0x00, 0x00, 0x3F, 0xFF, 0xFF, 0xC7, 0xFF, 0xF0, 0x00,
 227:Core/Src/oled_display.c ****     0x00, 0x1F, 0xC0, 0x00, 0x00, 0x00, 0x00, 0x00, 0x03, 0xFF, 0xFF, 0xFC, 0x0F, 0xFF, 0xF8, 0x00,
 228:Core/Src/oled_display.c ****     0x00, 0x3F, 0xC0, 0x00, 0x00, 0x00, 0x00, 0x00, 0x1F, 0xFF, 0xFF, 0xC0, 0x1F, 0xFF, 0xF8, 0x00,
 229:Core/Src/oled_display.c ****     0x00, 0x7F, 0x80, 0x00, 0x00, 0x00, 0x00, 0x00, 0xFF, 0xFF, 0xFE, 0x00, 0x3F, 0xFF, 0xFC, 0x00,
 230:Core/Src/oled_display.c ****     0x00, 0x7F, 0x00, 0x00, 0x00, 0x00, 0x00, 0x1F, 0xFF, 0xFF, 0xE0, 0x00, 0xFF, 0xFF, 0xFE, 0x00,
 231:Core/Src/oled_display.c ****     0x00, 0x7E, 0x00, 0x00, 0x00, 0x00, 0x00, 0xFF, 0xFF, 0xFE, 0x00, 0x01, 0xFF, 0xFF, 0xFE, 0x00,
 232:Core/Src/oled_display.c ****     0x00, 0xFE, 0x00, 0x00, 0x00, 0x00, 0x0F, 0xFF, 0xFF, 0xF0, 0x00, 0x03, 0xFF, 0x3F, 0xFF, 0x00,
 233:Core/Src/oled_display.c ****     0x01, 0xFE, 0x00, 0x00, 0x00, 0x00, 0x7F, 0xFF, 0xFF, 0x00, 0x00, 0x07, 0xFC, 0x7F, 0x7F, 0x00,
 234:Core/Src/oled_display.c ****     0x01, 0xFC, 0x00, 0x00, 0x00, 0x07, 0xFF, 0xFF, 0xF8, 0x00, 0x00, 0x0F, 0xF8, 0x7F, 0x3F, 0x80,
 235:Core/Src/oled_display.c ****     0x03, 0xF8, 0x00, 0x00, 0x00, 0x3F, 0xFF, 0xFF, 0x80, 0x00, 0x00, 0x1F, 0xF0, 0xFE, 0x3F, 0x80,
 236:Core/Src/oled_display.c ****     0x03, 0xF8, 0x00, 0x00, 0x03, 0xFF, 0xFF, 0xF8, 0x00, 0x00, 0x00, 0x7F, 0xE0, 0xFE, 0x1F, 0xC0,
 237:Core/Src/oled_display.c ****     0x03, 0xF0, 0x00, 0x00, 0x3F, 0xFF, 0xFF, 0xC0, 0x00, 0x00, 0x00, 0xFF, 0xC1, 0xFC, 0x0F, 0xC0,
 238:Core/Src/oled_display.c ****     0x07, 0xF0, 0x00, 0x01, 0xFF, 0xFF, 0xFC, 0x00, 0x00, 0x00, 0x01, 0xFF, 0x81, 0xFC, 0x0F, 0xE0,
 239:Core/Src/oled_display.c ****     0x07, 0xE0, 0x00, 0x1F, 0xFF, 0xFF, 0xC0, 0x00, 0x00, 0x00, 0x03, 0xFE, 0x03, 0xFC, 0x0F, 0xE0,
 240:Core/Src/oled_display.c ****     0x0F, 0xE0, 0x01, 0xFF, 0xFF, 0xFC, 0x00, 0x00, 0x00, 0x00, 0x07, 0xFC, 0x03, 0xF8, 0x07, 0xE0,
 241:Core/Src/oled_display.c ****     0x0F, 0xE0, 0x0F, 0xFF, 0xFF, 0xE0, 0x00, 0x00, 0x00, 0x00, 0x0F, 0xF8, 0x03, 0xF0, 0x07, 0xF0,
 242:Core/Src/oled_display.c ****     0x1F, 0xC0, 0xFF, 0xFF, 0xFE, 0x00, 0x00, 0x00, 0x00, 0x00, 0x3F, 0xF0, 0x07, 0xF0, 0x07, 0xF0,
 243:Core/Src/oled_display.c ****     0x1F, 0xC7, 0xFF, 0xFF, 0xF8, 0x00, 0x00, 0x00, 0x00, 0x00, 0x7F, 0xE0, 0x07, 0xF0, 0x03, 0xF0,
 244:Core/Src/oled_display.c ****     0x1F, 0xFF, 0xFF, 0xFF, 0x00, 0x00, 0x00, 0x00, 0x00, 0x00, 0xFF, 0xC0, 0x0F, 0xE0, 0x03, 0xF8,
 245:Core/Src/oled_display.c ****     0x1F, 0xFF, 0xFF, 0xF0, 0x00, 0x00, 0x00, 0x00, 0x00, 0x01, 0xFF, 0x00, 0x0F, 0xE0, 0x01, 0xF8,
 246:Core/Src/oled_display.c ****     0x1F, 0xFF, 0xFF, 0xC0, 0x00, 0x00, 0x00, 0x00, 0x00, 0x03, 0xFE, 0x00, 0x1F, 0xC0, 0x01, 0xF8,
 247:Core/Src/oled_display.c ****     0x3F, 0xFF, 0xF8, 0x00, 0x00, 0x00, 0x00, 0x00, 0x00, 0x0F, 0xFC, 0x00, 0x1F, 0xC0, 0x01, 0xF8,
 248:Core/Src/oled_display.c ****     0x3F, 0xFF, 0xC0, 0x00, 0x00, 0x00, 0x00, 0x00, 0x00, 0x1F, 0xF8, 0x00, 0x3F, 0x80, 0x01, 0xFC,
 249:Core/Src/oled_display.c ****     0x3F, 0xFE, 0x00, 0x00, 0x00, 0x00, 0x00, 0x00, 0x00, 0x3F, 0xF0, 0x00, 0x3F, 0x80, 0x01, 0xFC,
 250:Core/Src/oled_display.c ****     0x3F, 0xF0, 0x00, 0x00, 0x00, 0x00, 0x00, 0x00, 0x00, 0x7F, 0xC0, 0x00, 0x7F, 0x00, 0x00, 0xFC,
 251:Core/Src/oled_display.c ****     0x3F, 0xF0, 0x00, 0x00, 0x00, 0x00, 0x00, 0x00, 0x00, 0xFF, 0x80, 0x00, 0x7F, 0x00, 0x00, 0xFC,
 252:Core/Src/oled_display.c ****     0x7F, 0xFC, 0x00, 0x00, 0x00, 0x00, 0x00, 0x00, 0x01, 0xFF, 0x00, 0x00, 0x7E, 0x00, 0x00, 0xFC,
 253:Core/Src/oled_display.c ****     0x7F, 0xFF, 0x00, 0x00, 0x00, 0x00, 0x00, 0x00, 0x07, 0xFE, 0x00, 0x00, 0xFE, 0x00, 0x00, 0xFE,
 254:Core/Src/oled_display.c ****     0x7F, 0xFF, 0xC0, 0x00, 0x00, 0x00, 0x00, 0x00, 0x0F, 0xFC, 0x00, 0x00, 0xFC, 0x00, 0x00, 0xFE,
 255:Core/Src/oled_display.c ****     0x7F, 0xFF, 0xF0, 0x00, 0x00, 0x00, 0x00, 0x00, 0x1F, 0xF8, 0x00, 0x01, 0xFC, 0x00, 0x00, 0xFE,
 256:Core/Src/oled_display.c ****     0x7E, 0x7F, 0xFC, 0x00, 0x00, 0x00, 0x00, 0x00, 0x3F, 0xF0, 0x00, 0x01, 0xF8, 0x00, 0x00, 0x7E,
 257:Core/Src/oled_display.c ****     0x7E, 0x1F, 0xFF, 0x00, 0x00, 0x00, 0x00, 0x00, 0xFF, 0xC0, 0x00, 0x03, 0xF8, 0x00, 0x00, 0x7E,
ARM GAS  C:\Users\bku598\AppData\Local\Temp\ccny8rTm.s 			page 6


 258:Core/Src/oled_display.c ****     0xFE, 0x0F, 0xFF, 0xC0, 0x00, 0x00, 0x00, 0x00, 0xFF, 0x80, 0x00, 0x03, 0xF8, 0x00, 0x00, 0x7E,
 259:Core/Src/oled_display.c ****     0xFE, 0x01, 0xFF, 0xF0, 0x00, 0x00, 0x00, 0x03, 0xFF, 0x00, 0x00, 0x07, 0xF0, 0x00, 0x00, 0x7E,
 260:Core/Src/oled_display.c ****     0xFE, 0x00, 0x7F, 0xFC, 0x00, 0x00, 0x00, 0x07, 0xFC, 0x00, 0x00, 0x07, 0xF0, 0x00, 0x00, 0x7E,
 261:Core/Src/oled_display.c ****     0xFE, 0x00, 0x3F, 0xFE, 0x00, 0x00, 0x00, 0x0F, 0xFC, 0x00, 0x00, 0x0F, 0xE0, 0x00, 0x00, 0x7E,
 262:Core/Src/oled_display.c ****     0xFE, 0x00, 0x07, 0xFF, 0xC0, 0x00, 0x00, 0x1F, 0xF0, 0x00, 0x00, 0x0F, 0xE0, 0x00, 0x00, 0x7E,
 263:Core/Src/oled_display.c ****     0xFE, 0x00, 0x03, 0xFF, 0xE0, 0x00, 0x00, 0x3F, 0xE0, 0x00, 0x00, 0x0F, 0xC0, 0x00, 0x00, 0x7E,
 264:Core/Src/oled_display.c ****     0xFE, 0x00, 0x00, 0xFF, 0xF8, 0x00, 0x00, 0xFF, 0xC0, 0x00, 0x00, 0x1F, 0xC0, 0x00, 0x00, 0x7E,
 265:Core/Src/oled_display.c ****     0xFE, 0x00, 0x00, 0x1F, 0xFF, 0x00, 0x01, 0xFF, 0x80, 0x00, 0x00, 0x3F, 0x80, 0x00, 0x00, 0x7E,
 266:Core/Src/oled_display.c ****     0x7E, 0x00, 0x00, 0x0F, 0xFF, 0x80, 0x03, 0xFF, 0x00, 0x00, 0x00, 0x3F, 0x80, 0x00, 0x00, 0x7E,
 267:Core/Src/oled_display.c ****     0x7E, 0x00, 0x00, 0x03, 0xFF, 0xC0, 0x07, 0xFE, 0x00, 0x00, 0x00, 0x3F, 0x00, 0x00, 0x00, 0x7E,
 268:Core/Src/oled_display.c ****     0x7E, 0x00, 0x00, 0x00, 0xFF, 0x80, 0x0F, 0xF8, 0x00, 0x00, 0x00, 0x7F, 0x00, 0x00, 0x00, 0x7E,
 269:Core/Src/oled_display.c ****     0x7E, 0x00, 0x00, 0x00, 0x3F, 0x00, 0x1F, 0xF0, 0x00, 0x00, 0x00, 0x7F, 0x00, 0x00, 0x00, 0xFE,
 270:Core/Src/oled_display.c ****     0x7E, 0x00, 0x00, 0x00, 0x0E, 0x00, 0x7F, 0xE0, 0x00, 0x00, 0x00, 0xFE, 0x00, 0x00, 0x00, 0xFE,
 271:Core/Src/oled_display.c ****     0x7F, 0x00, 0x00, 0x00, 0x00, 0x00, 0xFF, 0xC0, 0x00, 0x00, 0x00, 0xFE, 0x00, 0x00, 0x00, 0xFC,
 272:Core/Src/oled_display.c ****     0x7F, 0x00, 0x00, 0x00, 0x00, 0x01, 0xFF, 0x80, 0x00, 0x00, 0x01, 0xFC, 0x00, 0x00, 0x00, 0xFC,
 273:Core/Src/oled_display.c ****     0x3F, 0x00, 0x00, 0x00, 0x00, 0x03, 0xFE, 0x00, 0x00, 0x00, 0x01, 0xFC, 0x00, 0x00, 0x00, 0xFC,
 274:Core/Src/oled_display.c ****     0x3F, 0x00, 0x00, 0x00, 0x00, 0x07, 0xFC, 0x00, 0x00, 0x00, 0x03, 0xF8, 0x00, 0x00, 0x00, 0xFC,
 275:Core/Src/oled_display.c ****     0x3F, 0x00, 0x00, 0x00, 0x00, 0x07, 0xF8, 0x00, 0x00, 0x00, 0x03, 0xF8, 0x00, 0x00, 0x01, 0xFC,
 276:Core/Src/oled_display.c ****     0x3F, 0x80, 0x00, 0x00, 0x00, 0x07, 0xF0, 0x00, 0x00, 0x00, 0x03, 0xF0, 0x00, 0x00, 0x01, 0xFC,
 277:Core/Src/oled_display.c ****     0x3F, 0x80, 0x00, 0x00, 0x00, 0x03, 0xF0, 0x00, 0x00, 0x00, 0x07, 0xF0, 0x00, 0x00, 0x01, 0xF8,
 278:Core/Src/oled_display.c ****     0x1F, 0x80, 0x00, 0x00, 0x00, 0x03, 0xF0, 0x00, 0x00, 0x00, 0x07, 0xE0, 0x00, 0x00, 0x01, 0xF8,
 279:Core/Src/oled_display.c ****     0x1F, 0x80, 0x00, 0x00, 0x00, 0x03, 0xF8, 0x00, 0x00, 0x00, 0x0F, 0xE0, 0x00, 0x00, 0x01, 0xF8,
 280:Core/Src/oled_display.c ****     0x1F, 0xC0, 0x00, 0x00, 0x00, 0x01, 0xF8, 0x00, 0x00, 0x00, 0x0F, 0xC0, 0x00, 0x00, 0x03, 0xF8,
 281:Core/Src/oled_display.c ****     0x1F, 0xC0, 0x00, 0x00, 0x00, 0x01, 0xF8, 0x00, 0x00, 0x00, 0x1F, 0xC0, 0x00, 0x00, 0x03, 0xF0,
 282:Core/Src/oled_display.c ****     0x0F, 0xC0, 0x00, 0x00, 0x00, 0x01, 0xFC, 0x00, 0x00, 0x00, 0x1F, 0xC0, 0x00, 0x00, 0x07, 0xF0,
 283:Core/Src/oled_display.c ****     0x0F, 0xE0, 0x00, 0x00, 0x00, 0x00, 0xFC, 0x00, 0x00, 0x00, 0x3F, 0x80, 0x00, 0x00, 0x07, 0xE0,
 284:Core/Src/oled_display.c ****     0x07, 0xE0, 0x00, 0x00, 0x00, 0x00, 0xFE, 0x00, 0x00, 0x00, 0x3F, 0x80, 0x00, 0x00, 0x0F, 0xE0,
 285:Core/Src/oled_display.c ****     0x07, 0xF0, 0x00, 0x00, 0x00, 0x00, 0x7E, 0x00, 0x00, 0x00, 0x7F, 0x00, 0x00, 0x00, 0x0F, 0xE0,
 286:Core/Src/oled_display.c ****     0x07, 0xF0, 0x00, 0x00, 0x00, 0x00, 0x7E, 0x00, 0x00, 0x00, 0x7F, 0x00, 0x00, 0x00, 0x0F, 0xC0,
 287:Core/Src/oled_display.c ****     0x03, 0xF0, 0x00, 0x00, 0x00, 0x00, 0x7F, 0x00, 0x00, 0x00, 0xFE, 0x00, 0x00, 0x00, 0x1F, 0xC0,
 288:Core/Src/oled_display.c ****     0x03, 0xF8, 0x00, 0x00, 0x00, 0x00, 0x7F, 0x00, 0x00, 0x00, 0xFE, 0x00, 0x00, 0x00, 0x1F, 0xC0,
 289:Core/Src/oled_display.c ****     0x03, 0xFC, 0x00, 0x00, 0x00, 0x00, 0x3F, 0x00, 0x00, 0x01, 0xFC, 0x00, 0x00, 0x00, 0x3F, 0x80,
 290:Core/Src/oled_display.c ****     0x01, 0xFC, 0x00, 0x00, 0x00, 0x00, 0x3F, 0x80, 0x00, 0x01, 0xFC, 0x00, 0x00, 0x00, 0x3F, 0x80,
 291:Core/Src/oled_display.c ****     0x00, 0xFE, 0x00, 0x00, 0x00, 0x00, 0x1F, 0x80, 0x00, 0x01, 0xF8, 0x00, 0x00, 0x00, 0x7F, 0x00,
 292:Core/Src/oled_display.c ****     0x00, 0xFE, 0x00, 0x00, 0x00, 0x00, 0x1F, 0xC0, 0x00, 0x03, 0xF8, 0x00, 0x00, 0x00, 0x7F, 0x00,
 293:Core/Src/oled_display.c ****     0x00, 0x7F, 0x00, 0x00, 0x00, 0x00, 0x0F, 0xC0, 0x00, 0x03, 0xF0, 0x00, 0x00, 0x00, 0xFE, 0x00,
 294:Core/Src/oled_display.c ****     0x00, 0x7F, 0x80, 0x00, 0x00, 0x00, 0x0F, 0xC0, 0x00, 0x07, 0xF0, 0x00, 0x00, 0x01, 0xFE, 0x00,
 295:Core/Src/oled_display.c ****     0x00, 0x3F, 0x80, 0x00, 0x00, 0x00, 0x0F, 0xE0, 0x00, 0x07, 0xF0, 0x00, 0x00, 0x03, 0xFC, 0x00,
 296:Core/Src/oled_display.c ****     0x00, 0x1F, 0xC0, 0x00, 0x00, 0x00, 0x07, 0xE0, 0x00, 0x0F, 0xE0, 0x00, 0x00, 0x03, 0xF8, 0x00,
 297:Core/Src/oled_display.c ****     0x00, 0x1F, 0xE0, 0x00, 0x00, 0x00, 0x07, 0xE0, 0x00, 0x0F, 0xC0, 0x00, 0x00, 0x07, 0xF0, 0x00,
 298:Core/Src/oled_display.c ****     0x00, 0x0F, 0xF0, 0x00, 0x00, 0x00, 0x07, 0xF0, 0x00, 0x1F, 0xC0, 0x00, 0x00, 0x0F, 0xF0, 0x00,
 299:Core/Src/oled_display.c ****     0x00, 0x0F, 0xF0, 0x00, 0x00, 0x00, 0x03, 0xF0, 0x00, 0x1F, 0xC0, 0x00, 0x00, 0x1F, 0xE0, 0x00,
 300:Core/Src/oled_display.c ****     0x00, 0x07, 0xF8, 0x00, 0x00, 0x00, 0x03, 0xF8, 0x00, 0x3F, 0x80, 0x00, 0x00, 0x3F, 0xC0, 0x00,
 301:Core/Src/oled_display.c ****     0x00, 0x03, 0xFC, 0x00, 0x00, 0x00, 0x01, 0xF8, 0x00, 0x3F, 0x80, 0x00, 0x00, 0x7F, 0xC0, 0x00,
 302:Core/Src/oled_display.c ****     0x00, 0x01, 0xFE, 0x00, 0x00, 0x00, 0x01, 0xF8, 0x00, 0x7F, 0x00, 0x00, 0x00, 0x7F, 0x80, 0x00,
 303:Core/Src/oled_display.c ****     0x00, 0x00, 0xFF, 0x00, 0x00, 0x00, 0x01, 0xFC, 0x00, 0x7F, 0x00, 0x00, 0x01, 0xFF, 0x00, 0x00,
 304:Core/Src/oled_display.c ****     0x00, 0x00, 0x7F, 0x80, 0x00, 0x00, 0x00, 0xFC, 0x00, 0x7E, 0x00, 0x00, 0x03, 0xFE, 0x00, 0x00,
 305:Core/Src/oled_display.c ****     0x00, 0x00, 0x3F, 0xC0, 0x00, 0x00, 0x00, 0xFC, 0x00, 0xFE, 0x00, 0x00, 0x07, 0xFC, 0x00, 0x00,
 306:Core/Src/oled_display.c ****     0x00, 0x00, 0x3F, 0xF0, 0x00, 0x00, 0x00, 0xFE, 0x00, 0xFC, 0x00, 0x00, 0x0F, 0xF8, 0x00, 0x00,
 307:Core/Src/oled_display.c ****     0x00, 0x00, 0x1F, 0xF8, 0x00, 0x00, 0x00, 0x7E, 0x01, 0xFC, 0x00, 0x00, 0x1F, 0xF0, 0x00, 0x00,
 308:Core/Src/oled_display.c ****     0x00, 0x00, 0x07, 0xFC, 0x00, 0x00, 0x00, 0x7F, 0x01, 0xFC, 0x00, 0x00, 0x7F, 0xE0, 0x00, 0x00,
 309:Core/Src/oled_display.c ****     0x00, 0x00, 0x03, 0xFF, 0x00, 0x00, 0x00, 0x3F, 0x03, 0xF8, 0x00, 0x00, 0xFF, 0xC0, 0x00, 0x00,
 310:Core/Src/oled_display.c ****     0x00, 0x00, 0x03, 0xFF, 0x80, 0x00, 0x00, 0x3F, 0x03, 0xF8, 0x00, 0x01, 0xFF, 0x80, 0x00, 0x00,
 311:Core/Src/oled_display.c ****     0x00, 0x00, 0x00, 0xFF, 0xE0, 0x00, 0x00, 0x3F, 0x87, 0xF0, 0x00, 0x07, 0xFF, 0x00, 0x00, 0x00,
 312:Core/Src/oled_display.c ****     0x00, 0x00, 0x00, 0x7F, 0xF8, 0x00, 0x00, 0x1F, 0x87, 0xF0, 0x00, 0x1F, 0xFC, 0x00, 0x00, 0x00,
 313:Core/Src/oled_display.c ****     0x00, 0x00, 0x00, 0x3F, 0xFC, 0x00, 0x00, 0x1F, 0xC7, 0xE0, 0x00, 0x3F, 0xF8, 0x00, 0x00, 0x00,
 314:Core/Src/oled_display.c ****     0x00, 0x00, 0x00, 0x0F, 0xFF, 0x80, 0x00, 0x1F, 0xCF, 0xE0, 0x01, 0xFF, 0xF0, 0x00, 0x00, 0x00,
ARM GAS  C:\Users\bku598\AppData\Local\Temp\ccny8rTm.s 			page 7


 315:Core/Src/oled_display.c ****     0x00, 0x00, 0x00, 0x03, 0xFF, 0xE0, 0x00, 0x0F, 0xFF, 0xC0, 0x07, 0xFF, 0xC0, 0x00, 0x00, 0x00,
 316:Core/Src/oled_display.c ****     0x00, 0x00, 0x00, 0x01, 0xFF, 0xF8, 0x00, 0x0F, 0xFF, 0xC0, 0x3F, 0xFF, 0x80, 0x00, 0x00, 0x00,
 317:Core/Src/oled_display.c ****     0x00, 0x00, 0x00, 0x00, 0x7F, 0xFF, 0x80, 0x07, 0xFF, 0x83, 0xFF, 0xFE, 0x00, 0x00, 0x00, 0x00,
 318:Core/Src/oled_display.c ****     0x00, 0x00, 0x00, 0x00, 0x1F, 0xFF, 0xFC, 0x07, 0xFF, 0xFF, 0xFF, 0xF8, 0x00, 0x00, 0x00, 0x00,
 319:Core/Src/oled_display.c ****     0x00, 0x00, 0x00, 0x00, 0x0F, 0xFF, 0xFF, 0xFF, 0xFF, 0xFF, 0xFF, 0xE0, 0x00, 0x00, 0x00, 0x00,
 320:Core/Src/oled_display.c ****     0x00, 0x00, 0x00, 0x00, 0x01, 0xFF, 0xFF, 0xFF, 0xFF, 0xFF, 0xFF, 0x80, 0x00, 0x00, 0x00, 0x00,
 321:Core/Src/oled_display.c ****     0x00, 0x00, 0x00, 0x00, 0x00, 0x3F, 0xFF, 0xFF, 0xFF, 0xFF, 0xFC, 0x00, 0x00, 0x00, 0x00, 0x00,
 322:Core/Src/oled_display.c ****     0x00, 0x00, 0x00, 0x00, 0x00, 0x0F, 0xFF, 0xFF, 0xFF, 0xFF, 0xF0, 0x00, 0x00, 0x00, 0x00, 0x00,
 323:Core/Src/oled_display.c ****     0x00, 0x00, 0x00, 0x00, 0x00, 0x00, 0xFF, 0xFF, 0xFF, 0xFF, 0x00, 0x00, 0x00, 0x00, 0x00, 0x00,
 324:Core/Src/oled_display.c ****     0x00, 0x00, 0x00, 0x00, 0x00, 0x00, 0x0F, 0xFF, 0xFF, 0xE0, 0x00, 0x00, 0x00, 0x00, 0x00, 0x00,
 325:Core/Src/oled_display.c ****     0x00, 0x00, 0x00, 0x00, 0x00, 0x00, 0x00, 0x3F, 0xFC, 0x00, 0x00, 0x00, 0x00, 0x00, 0x00, 0x00
 326:Core/Src/oled_display.c **** };
 327:Core/Src/oled_display.c **** 
 328:Core/Src/oled_display.c **** const uint8_t KG_logo[] = {
 329:Core/Src/oled_display.c ****     0x00, 0x00, 0x00, 0x00, 0x00, 0x00, 0x00, 0x00, 0x00, 0x00, 0x00, 0x00, 0x00, 0x00, 0x00, 0x00,
 330:Core/Src/oled_display.c ****     0x00, 0x00, 0x00, 0x00, 0x00, 0x00, 0x00, 0x7F, 0xFE, 0x00, 0x00, 0x00, 0x00, 0x00, 0x00, 0x00,
 331:Core/Src/oled_display.c ****     0x00, 0x00, 0x00, 0x00, 0x00, 0x00, 0x3F, 0xFF, 0xFF, 0xF8, 0x00, 0x00, 0x00, 0x00, 0x00, 0x00,
 332:Core/Src/oled_display.c ****     0x00, 0x00, 0x00, 0x00, 0x00, 0x03, 0xFF, 0xFF, 0xFF, 0xFF, 0xC0, 0x00, 0x00, 0x00, 0x00, 0x00,
 333:Core/Src/oled_display.c ****     0x00, 0x00, 0x00, 0x00, 0x00, 0x1F, 0xFF, 0xFF, 0xFF, 0xFF, 0xF8, 0x00, 0x00, 0x00, 0x00, 0x00,
 334:Core/Src/oled_display.c ****     0x00, 0x00, 0x00, 0x00, 0x00, 0xFF, 0xFF, 0xFF, 0xFF, 0xFF, 0xFE, 0x00, 0x00, 0x00, 0x00, 0x00,
 335:Core/Src/oled_display.c ****     0x00, 0x00, 0x00, 0x00, 0x03, 0xFF, 0xFF, 0xFF, 0xFF, 0xFF, 0xFF, 0xC0, 0x00, 0x00, 0x00, 0x00,
 336:Core/Src/oled_display.c ****     0x00, 0x00, 0x00, 0x00, 0x0F, 0xFF, 0xFF, 0xC0, 0x03, 0xFF, 0xFF, 0xF0, 0x00, 0x00, 0x00, 0x00,
 337:Core/Src/oled_display.c ****     0x00, 0x00, 0x00, 0x00, 0x3F, 0xFF, 0xF0, 0x00, 0x00, 0x0F, 0xFF, 0xFC, 0x00, 0x00, 0x00, 0x00,
 338:Core/Src/oled_display.c ****     0x00, 0x00, 0x00, 0x00, 0xFF, 0xFE, 0x00, 0x00, 0x00, 0x00, 0x7F, 0xFF, 0x00, 0x00, 0x00, 0x00,
 339:Core/Src/oled_display.c ****     0x00, 0x00, 0x00, 0x01, 0xFF, 0xF8, 0x00, 0x00, 0x00, 0x00, 0x1F, 0xFF, 0x80, 0x00, 0x00, 0x00,
 340:Core/Src/oled_display.c ****     0x00, 0x00, 0x00, 0x07, 0xFF, 0xC0, 0x00, 0x00, 0x00, 0x00, 0x03, 0xFF, 0xE0, 0x00, 0x00, 0x00,
 341:Core/Src/oled_display.c ****     0x00, 0x00, 0x00, 0x1F, 0xFE, 0x00, 0x00, 0x00, 0x00, 0x00, 0x00, 0xFF, 0xF8, 0x00, 0x00, 0x00,
 342:Core/Src/oled_display.c ****     0x00, 0x00, 0x00, 0x3F, 0xFC, 0x00, 0x00, 0x00, 0x00, 0x00, 0x00, 0x3F, 0xFC, 0x00, 0x00, 0x00,
 343:Core/Src/oled_display.c ****     0x00, 0x00, 0x00, 0x7F, 0xF0, 0x00, 0x00, 0x00, 0x00, 0x00, 0x00, 0x0F, 0xFE, 0x00, 0x00, 0x00,
 344:Core/Src/oled_display.c ****     0x00, 0x00, 0x01, 0xFF, 0xC0, 0x00, 0x00, 0x00, 0x00, 0x00, 0x00, 0x03, 0xFF, 0x00, 0x00, 0x00,
 345:Core/Src/oled_display.c ****     0x00, 0x00, 0x03, 0xFF, 0x80, 0x00, 0x00, 0x00, 0x00, 0x00, 0x00, 0x01, 0xFF, 0x80, 0x00, 0x00,
 346:Core/Src/oled_display.c ****     0x00, 0x00, 0x07, 0xFE, 0x00, 0x00, 0x00, 0x00, 0x00, 0x00, 0x00, 0x00, 0x7F, 0xE0, 0x00, 0x00,
 347:Core/Src/oled_display.c ****     0x00, 0x00, 0x0F, 0xF8, 0x00, 0x00, 0x00, 0x00, 0x00, 0x00, 0x00, 0x00, 0x3F, 0xF0, 0x00, 0x00,
 348:Core/Src/oled_display.c ****     0x00, 0x00, 0x1F, 0xF0, 0x00, 0x00, 0x00, 0x00, 0x00, 0x00, 0x00, 0x00, 0x1F, 0xF8, 0x00, 0x00,
 349:Core/Src/oled_display.c ****     0x00, 0x00, 0x3F, 0xE0, 0x00, 0x00, 0x00, 0x00, 0x00, 0x00, 0x00, 0x00, 0x0F, 0xFC, 0x00, 0x00,
 350:Core/Src/oled_display.c ****     0x00, 0x00, 0x7F, 0xC0, 0x00, 0x00, 0x00, 0x00, 0x00, 0x00, 0x00, 0x00, 0x07, 0xFE, 0x00, 0x00,
 351:Core/Src/oled_display.c ****     0x00, 0x00, 0xFF, 0x80, 0x00, 0x00, 0x00, 0x00, 0x00, 0x00, 0x00, 0x00, 0x03, 0xFE, 0x00, 0x00,
 352:Core/Src/oled_display.c ****     0x00, 0x01, 0xFF, 0x00, 0x00, 0x00, 0x00, 0x00, 0x00, 0x00, 0x00, 0x00, 0x01, 0xFF, 0x00, 0x00,
 353:Core/Src/oled_display.c ****     0x00, 0x01, 0xFE, 0x00, 0x00, 0x00, 0x00, 0x00, 0x00, 0x00, 0x00, 0x00, 0x00, 0xFF, 0x80, 0x00,
 354:Core/Src/oled_display.c ****     0x00, 0x03, 0xFC, 0x00, 0x00, 0x00, 0x00, 0x00, 0x00, 0x00, 0x00, 0x00, 0x00, 0x7F, 0xC0, 0x00,
 355:Core/Src/oled_display.c ****     0x00, 0x07, 0xF8, 0x00, 0x00, 0x00, 0x00, 0x00, 0x00, 0x00, 0x00, 0x00, 0x00, 0x3F, 0xE0, 0x00,
 356:Core/Src/oled_display.c ****     0x00, 0x0F, 0xF0, 0x00, 0x00, 0x00, 0x00, 0x00, 0x00, 0x00, 0x00, 0x00, 0x00, 0x1F, 0xF0, 0x00,
 357:Core/Src/oled_display.c ****     0x00, 0x0F, 0xE0, 0x00, 0x00, 0x00, 0x00, 0x00, 0x00, 0x00, 0x00, 0x00, 0x00, 0x0F, 0xF0, 0x00,
 358:Core/Src/oled_display.c ****     0x00, 0x1F, 0xC0, 0x00, 0x00, 0x00, 0x00, 0x00, 0x00, 0x00, 0x00, 0x00, 0x00, 0x07, 0xF8, 0x00,
 359:Core/Src/oled_display.c ****     0x00, 0x3F, 0xC0, 0x00, 0x00, 0x00, 0x00, 0x00, 0x00, 0x00, 0x00, 0x00, 0x00, 0x07, 0xF8, 0x00,
 360:Core/Src/oled_display.c ****     0x00, 0x7F, 0x80, 0x00, 0x00, 0x00, 0x00, 0x00, 0x00, 0x00, 0x00, 0x00, 0x00, 0x03, 0xFC, 0x00,
 361:Core/Src/oled_display.c ****     0x00, 0x7F, 0x00, 0x00, 0x00, 0x00, 0x00, 0x00, 0x00, 0x00, 0x00, 0x00, 0x00, 0x01, 0xFE, 0x00,
 362:Core/Src/oled_display.c ****     0x00, 0x7E, 0x00, 0x00, 0x00, 0x00, 0x00, 0x00, 0x00, 0x00, 0x00, 0x00, 0x00, 0x01, 0xFE, 0x00,
 363:Core/Src/oled_display.c ****     0x00, 0xFE, 0x00, 0x00, 0x00, 0x00, 0x00, 0x00, 0x00, 0x00, 0x00, 0x00, 0x00, 0x00, 0xFF, 0x00,
 364:Core/Src/oled_display.c ****     0x01, 0xFE, 0x00, 0x00, 0x00, 0x00, 0x00, 0x00, 0x00, 0x00, 0x00, 0x00, 0x00, 0x00, 0x7F, 0x00,
 365:Core/Src/oled_display.c ****     0x01, 0xFC, 0x00, 0x00, 0x00, 0x00, 0x00, 0x00, 0x00, 0x00, 0x00, 0x00, 0x00, 0x00, 0x3F, 0x80,
 366:Core/Src/oled_display.c ****     0x03, 0xF8, 0x00, 0x00, 0x00, 0x00, 0x00, 0x00, 0x00, 0x00, 0x00, 0x00, 0x00, 0x00, 0x3F, 0x80,
 367:Core/Src/oled_display.c ****     0x03, 0xF8, 0x00, 0x00, 0x00, 0x00, 0x00, 0x00, 0x00, 0x00, 0x00, 0x00, 0x00, 0x00, 0x1F, 0xC0,
 368:Core/Src/oled_display.c ****     0x03, 0xF0, 0x00, 0x00, 0x00, 0x00, 0x00, 0x00, 0x00, 0x00, 0x00, 0x00, 0x00, 0x00, 0x0F, 0xC0,
 369:Core/Src/oled_display.c ****     0x07, 0xF0, 0x00, 0x00, 0x00, 0x00, 0x00, 0x00, 0x00, 0x00, 0x00, 0x00, 0x00, 0x00, 0x0F, 0xE0,
 370:Core/Src/oled_display.c ****     0x07, 0xE0, 0x00, 0x00, 0x00, 0x00, 0x00, 0x00, 0x00, 0x00, 0x00, 0x00, 0x00, 0x00, 0x0F, 0xE0,
 371:Core/Src/oled_display.c ****     0x0F, 0xE0, 0x00, 0x00, 0x00, 0x00, 0x00, 0x00, 0x00, 0x00, 0x00, 0x00, 0x00, 0x00, 0x07, 0xE0,
ARM GAS  C:\Users\bku598\AppData\Local\Temp\ccny8rTm.s 			page 8


 372:Core/Src/oled_display.c ****     0x0F, 0xE0, 0x00, 0x00, 0x00, 0x06, 0x18, 0x00, 0x00, 0x60, 0x00, 0x00, 0xC0, 0x00, 0x07, 0xF0,
 373:Core/Src/oled_display.c ****     0x1F, 0xC1, 0xC0, 0x70, 0x00, 0x06, 0x18, 0x00, 0x00, 0x60, 0x01, 0x80, 0xC0, 0x00, 0x03, 0xF0,
 374:Core/Src/oled_display.c ****     0x1F, 0xC1, 0xC0, 0xC0, 0x00, 0x06, 0x18, 0x00, 0x00, 0x60, 0x01, 0x80, 0x00, 0x00, 0x03, 0xF0,
 375:Core/Src/oled_display.c ****     0x1F, 0xC1, 0xC3, 0x80, 0x00, 0x06, 0x18, 0x00, 0x00, 0x60, 0x01, 0x80, 0x00, 0x00, 0x03, 0xF8,
 376:Core/Src/oled_display.c ****     0x1F, 0xC1, 0xC7, 0x00, 0x00, 0x06, 0x18, 0x00, 0x00, 0x60, 0x01, 0x80, 0x00, 0x00, 0x01, 0xF8,
 377:Core/Src/oled_display.c ****     0x1F, 0x81, 0xCE, 0x00, 0xFC, 0x06, 0x18, 0x0F, 0xE0, 0x60, 0x73, 0xFC, 0xC3, 0x00, 0xC1, 0xF8,
 378:Core/Src/oled_display.c ****     0x3F, 0x81, 0xDC, 0x01, 0xFF, 0x06, 0x18, 0x1F, 0xF0, 0x60, 0xE1, 0xC0, 0xC3, 0x80, 0xC1, 0xF8,
 379:Core/Src/oled_display.c ****     0x3F, 0x81, 0xF8, 0x03, 0x83, 0x06, 0x18, 0x18, 0x38, 0x61, 0xC1, 0x80, 0xC1, 0x81, 0xC1, 0xFC,
 380:Core/Src/oled_display.c ****     0x3F, 0x81, 0xF0, 0x03, 0x03, 0x86, 0x18, 0x30, 0x18, 0x63, 0x01, 0x80, 0xC1, 0x81, 0x80, 0xFC,
 381:Core/Src/oled_display.c ****     0x3F, 0x01, 0xF8, 0x03, 0x01, 0x86, 0x18, 0x30, 0x18, 0x66, 0x01, 0x80, 0xC1, 0xC1, 0x80, 0xFC,
 382:Core/Src/oled_display.c ****     0x3F, 0x01, 0xDC, 0x07, 0x01, 0x86, 0x18, 0x7F, 0xF8, 0x7C, 0x01, 0x80, 0xC0, 0xC3, 0x00, 0xFC,
 383:Core/Src/oled_display.c ****     0x7F, 0x01, 0xCE, 0x07, 0x01, 0x86, 0x18, 0x7F, 0xF8, 0x7C, 0x01, 0x80, 0xC0, 0xC3, 0x00, 0xFC,
 384:Core/Src/oled_display.c ****     0x7F, 0x01, 0xC7, 0x07, 0x01, 0x86, 0x18, 0x30, 0x00, 0x6E, 0x01, 0x80, 0xC0, 0x67, 0x00, 0xFE,
 385:Core/Src/oled_display.c ****     0x7F, 0x01, 0xC3, 0x83, 0x01, 0x86, 0x18, 0x30, 0x00, 0x67, 0x01, 0x80, 0xC0, 0x66, 0x00, 0x7E,
 386:Core/Src/oled_display.c ****     0x7E, 0x01, 0xC1, 0xC3, 0x01, 0x86, 0x18, 0x30, 0x00, 0x63, 0x81, 0x80, 0xC0, 0x66, 0x00, 0x7E,
 387:Core/Src/oled_display.c ****     0x7E, 0x01, 0xC0, 0xE3, 0x83, 0x06, 0x18, 0x18, 0x08, 0x61, 0xC1, 0xC0, 0xC0, 0x3C, 0x00, 0x7E,
 388:Core/Src/oled_display.c ****     0x7E, 0x01, 0xC0, 0x71, 0xFF, 0x06, 0x18, 0x1F, 0x38, 0x60, 0xE0, 0xFC, 0xC0, 0x3C, 0x00, 0x7E,
 389:Core/Src/oled_display.c ****     0xFE, 0x01, 0xC0, 0x38, 0x7C, 0x06, 0x18, 0x07, 0xF0, 0x60, 0x30, 0x7C, 0xC0, 0x3C, 0x00, 0x7E,
 390:Core/Src/oled_display.c ****     0xFE, 0x00, 0x00, 0x00, 0x00, 0x00, 0x00, 0x00, 0x00, 0x00, 0x00, 0x00, 0x00, 0x00, 0x00, 0x7E,
 391:Core/Src/oled_display.c ****     0xFE, 0x00, 0x00, 0x00, 0x00, 0x00, 0x00, 0x00, 0x00, 0x00, 0x00, 0x00, 0x00, 0x00, 0x00, 0x7E,
 392:Core/Src/oled_display.c ****     0xFE, 0x00, 0x00, 0x00, 0x00, 0x00, 0x00, 0x00, 0x00, 0x00, 0x00, 0x00, 0x00, 0x00, 0x00, 0x7E,
 393:Core/Src/oled_display.c ****     0xFE, 0x00, 0x00, 0x00, 0x00, 0x00, 0x00, 0x00, 0x00, 0x00, 0x00, 0x00, 0x00, 0x00, 0x00, 0x7E,
 394:Core/Src/oled_display.c ****     0xFE, 0x00, 0x00, 0x00, 0x00, 0x00, 0x00, 0x00, 0x00, 0x00, 0x00, 0x00, 0x00, 0x00, 0x00, 0x7E,
 395:Core/Src/oled_display.c ****     0xFE, 0x00, 0x00, 0x00, 0x00, 0x00, 0x00, 0x00, 0x00, 0x00, 0x00, 0x00, 0x00, 0x00, 0x00, 0x7E,
 396:Core/Src/oled_display.c ****     0xFE, 0x00, 0x00, 0x00, 0x00, 0x00, 0x00, 0x00, 0x00, 0x00, 0x00, 0x00, 0x00, 0x00, 0x00, 0x7E,
 397:Core/Src/oled_display.c ****     0x7E, 0x00, 0x00, 0x00, 0x00, 0x00, 0x00, 0x00, 0x00, 0x00, 0x00, 0x00, 0x00, 0x00, 0x00, 0x7E,
 398:Core/Src/oled_display.c ****     0x7E, 0x00, 0x00, 0x00, 0x00, 0x00, 0x00, 0x00, 0x00, 0x00, 0x00, 0x00, 0x00, 0x00, 0x00, 0x7E,
 399:Core/Src/oled_display.c ****     0x7E, 0x00, 0x00, 0x00, 0x00, 0x00, 0x00, 0x00, 0x00, 0x00, 0x00, 0x00, 0x00, 0x00, 0x00, 0x7E,
 400:Core/Src/oled_display.c ****     0x7E, 0x00, 0x00, 0x00, 0x00, 0x00, 0x00, 0x3F, 0xFC, 0x00, 0x00, 0x00, 0x00, 0x00, 0x00, 0x7E,
 401:Core/Src/oled_display.c ****     0x7E, 0x00, 0x00, 0x00, 0x00, 0x00, 0x01, 0xFF, 0xFF, 0x80, 0x00, 0x00, 0x00, 0x00, 0x00, 0x7E,
 402:Core/Src/oled_display.c ****     0x7E, 0x00, 0x00, 0x00, 0x00, 0x00, 0x03, 0xFF, 0xFF, 0xE0, 0x00, 0x00, 0x00, 0x00, 0x00, 0xFC,
 403:Core/Src/oled_display.c ****     0x7E, 0x00, 0x00, 0x00, 0x00, 0x00, 0x0F, 0xF8, 0x1F, 0xE0, 0x00, 0x00, 0x00, 0x00, 0x00, 0xFC,
 404:Core/Src/oled_display.c ****     0x3F, 0x00, 0x00, 0x00, 0x00, 0x00, 0x0F, 0xC0, 0x01, 0xE0, 0x00, 0x00, 0x00, 0x00, 0x00, 0xFC,
 405:Core/Src/oled_display.c ****     0x3F, 0x00, 0x00, 0x00, 0x00, 0x00, 0x1F, 0x80, 0x00, 0x60, 0x00, 0x00, 0x00, 0x00, 0x00, 0xFC,
 406:Core/Src/oled_display.c ****     0x3F, 0x00, 0x00, 0x00, 0x00, 0x00, 0x3E, 0x00, 0x00, 0x20, 0x00, 0x00, 0x00, 0x00, 0x00, 0xFC,
 407:Core/Src/oled_display.c ****     0x3F, 0x00, 0x00, 0x00, 0x00, 0x00, 0x3E, 0x00, 0x00, 0x00, 0x00, 0x00, 0x00, 0x00, 0x00, 0xFC,
 408:Core/Src/oled_display.c ****     0x3F, 0x80, 0x00, 0x00, 0x00, 0x00, 0x7C, 0x00, 0x00, 0x00, 0x00, 0x00, 0x00, 0x00, 0x01, 0xF8,
 409:Core/Src/oled_display.c ****     0x1F, 0x80, 0x00, 0x00, 0x00, 0x00, 0x78, 0x00, 0x00, 0x00, 0x00, 0x00, 0x00, 0x00, 0x01, 0xF8,
 410:Core/Src/oled_display.c ****     0x1F, 0x80, 0x00, 0x00, 0x00, 0x00, 0xF8, 0x00, 0x00, 0x00, 0x00, 0x00, 0x00, 0x00, 0x01, 0xF8,
 411:Core/Src/oled_display.c ****     0x1F, 0x80, 0x00, 0x00, 0x00, 0x00, 0xF8, 0x00, 0x00, 0x00, 0x00, 0x00, 0x00, 0x00, 0x03, 0xF8,
 412:Core/Src/oled_display.c ****     0x1F, 0xC0, 0x00, 0x00, 0x00, 0x00, 0xF8, 0x00, 0x00, 0x00, 0x00, 0x00, 0x00, 0x00, 0x03, 0xF0,
 413:Core/Src/oled_display.c ****     0x0F, 0xC0, 0x00, 0x00, 0x00, 0x00, 0xF0, 0x00, 0x00, 0x00, 0x00, 0x00, 0x00, 0x00, 0x03, 0xF0,
 414:Core/Src/oled_display.c ****     0x0F, 0xE0, 0x00, 0x00, 0x00, 0x00, 0xF0, 0x00, 0x00, 0x00, 0x00, 0x00, 0x00, 0x00, 0x07, 0xE0,
 415:Core/Src/oled_display.c ****     0x07, 0xE0, 0x00, 0x00, 0x00, 0x00, 0xF0, 0x00, 0x00, 0x00, 0x00, 0x00, 0x00, 0x00, 0x07, 0xE0,
 416:Core/Src/oled_display.c ****     0x07, 0xE0, 0x00, 0x00, 0x00, 0x00, 0xF0, 0x00, 0x7F, 0xF0, 0x00, 0x00, 0x00, 0x00, 0x07, 0xE0,
 417:Core/Src/oled_display.c ****     0x07, 0xF0, 0x00, 0x00, 0x00, 0x00, 0xF0, 0x00, 0x7F, 0xF0, 0x00, 0x00, 0x00, 0x00, 0x0F, 0xC0,
 418:Core/Src/oled_display.c ****     0x03, 0xF0, 0x00, 0x00, 0x00, 0x00, 0xF0, 0x00, 0x7F, 0xF0, 0x00, 0x00, 0x00, 0x00, 0x0F, 0xC0,
 419:Core/Src/oled_display.c ****     0x03, 0xF8, 0x00, 0x00, 0x00, 0x00, 0xF0, 0x00, 0x01, 0xF0, 0x00, 0x00, 0x00, 0x00, 0x1F, 0xC0,
 420:Core/Src/oled_display.c ****     0x03, 0xF8, 0x00, 0x00, 0x00, 0x00, 0xF0, 0x00, 0x00, 0xF0, 0x00, 0x00, 0x00, 0x00, 0x1F, 0x80,
 421:Core/Src/oled_display.c ****     0x01, 0xFC, 0x00, 0x00, 0x00, 0x00, 0xF8, 0x00, 0x00, 0xF0, 0x00, 0x00, 0x00, 0x00, 0x3F, 0x80,
 422:Core/Src/oled_display.c ****     0x00, 0xFC, 0x00, 0x00, 0x00, 0x00, 0xF8, 0x00, 0x00, 0xF0, 0x00, 0x00, 0x00, 0x00, 0x7F, 0x00,
 423:Core/Src/oled_display.c ****     0x00, 0xFE, 0x00, 0x00, 0x00, 0x00, 0x78, 0x00, 0x00, 0xF0, 0x00, 0x00, 0x00, 0x00, 0x7F, 0x00,
 424:Core/Src/oled_display.c ****     0x00, 0x7F, 0x00, 0x00, 0x00, 0x00, 0x7C, 0x00, 0x00, 0xF0, 0x00, 0x00, 0x00, 0x00, 0xFE, 0x00,
 425:Core/Src/oled_display.c ****     0x00, 0x7F, 0x00, 0x00, 0x00, 0x00, 0x7C, 0x00, 0x00, 0xF0, 0x00, 0x00, 0x00, 0x00, 0xFE, 0x00,
 426:Core/Src/oled_display.c ****     0x00, 0x3F, 0x80, 0x00, 0x00, 0x00, 0x3E, 0x00, 0x00, 0xF0, 0x00, 0x00, 0x00, 0x01, 0xFC, 0x00,
 427:Core/Src/oled_display.c ****     0x00, 0x1F, 0xC0, 0x00, 0x00, 0x00, 0x3F, 0x00, 0x00, 0xF0, 0x00, 0x00, 0x00, 0x03, 0xF8, 0x00,
 428:Core/Src/oled_display.c ****     0x00, 0x1F, 0xC0, 0x00, 0x00, 0x00, 0x1F, 0x80, 0x01, 0xF0, 0x00, 0x00, 0x00, 0x03, 0xF0, 0x00,
ARM GAS  C:\Users\bku598\AppData\Local\Temp\ccny8rTm.s 			page 9


 429:Core/Src/oled_display.c ****     0x00, 0x0F, 0xE0, 0x00, 0x00, 0x00, 0x0F, 0xF0, 0x07, 0xF0, 0x00, 0x00, 0x00, 0x07, 0xF0, 0x00,
 430:Core/Src/oled_display.c ****     0x00, 0x0F, 0xF0, 0x00, 0x00, 0x00, 0x07, 0xFF, 0xFF, 0xE0, 0x00, 0x00, 0x00, 0x0F, 0xE0, 0x00,
 431:Core/Src/oled_display.c ****     0x00, 0x07, 0xF8, 0x00, 0x00, 0x00, 0x01, 0xFF, 0xFF, 0x80, 0x00, 0x00, 0x00, 0x1F, 0xC0, 0x00,
 432:Core/Src/oled_display.c ****     0x00, 0x03, 0xFC, 0x00, 0x00, 0x00, 0x00, 0x7F, 0xFE, 0x00, 0x00, 0x00, 0x00, 0x3F, 0xC0, 0x00,
 433:Core/Src/oled_display.c ****     0x00, 0x01, 0xFE, 0x00, 0x00, 0x00, 0x00, 0x07, 0xE0, 0x00, 0x00, 0x00, 0x00, 0x7F, 0x80, 0x00,
 434:Core/Src/oled_display.c ****     0x00, 0x00, 0xFF, 0x00, 0x00, 0x00, 0x00, 0x00, 0x00, 0x00, 0x00, 0x00, 0x00, 0xFF, 0x00, 0x00,
 435:Core/Src/oled_display.c ****     0x00, 0x00, 0x7F, 0x80, 0x00, 0x00, 0x00, 0x00, 0x00, 0x00, 0x00, 0x00, 0x01, 0xFE, 0x00, 0x00,
 436:Core/Src/oled_display.c ****     0x00, 0x00, 0x3F, 0xC0, 0x00, 0x00, 0x00, 0x00, 0x00, 0x00, 0x00, 0x00, 0x03, 0xFC, 0x00, 0x00,
 437:Core/Src/oled_display.c ****     0x00, 0x00, 0x3F, 0xE0, 0x00, 0x00, 0x00, 0x00, 0x00, 0x00, 0x00, 0x00, 0x07, 0xF8, 0x00, 0x00,
 438:Core/Src/oled_display.c ****     0x00, 0x00, 0x1F, 0xF0, 0x00, 0x00, 0x00, 0x00, 0x00, 0x00, 0x00, 0x00, 0x0F, 0xF0, 0x00, 0x00,
 439:Core/Src/oled_display.c ****     0x00, 0x00, 0x07, 0xF8, 0x00, 0x00, 0x00, 0x00, 0x00, 0x00, 0x00, 0x00, 0x3F, 0xE0, 0x00, 0x00,
 440:Core/Src/oled_display.c ****     0x00, 0x00, 0x03, 0xFE, 0x00, 0x00, 0x00, 0x00, 0x00, 0x00, 0x00, 0x00, 0x7F, 0xC0, 0x00, 0x00,
 441:Core/Src/oled_display.c ****     0x00, 0x00, 0x03, 0xFF, 0x00, 0x00, 0x00, 0x00, 0x00, 0x00, 0x00, 0x00, 0xFF, 0x80, 0x00, 0x00,
 442:Core/Src/oled_display.c ****     0x00, 0x00, 0x00, 0xFF, 0xC0, 0x00, 0x00, 0x00, 0x00, 0x00, 0x00, 0x03, 0xFF, 0x00, 0x00, 0x00,
 443:Core/Src/oled_display.c ****     0x00, 0x00, 0x00, 0x7F, 0xF0, 0x00, 0x00, 0x00, 0x00, 0x00, 0x00, 0x0F, 0xFC, 0x00, 0x00, 0x00,
 444:Core/Src/oled_display.c ****     0x00, 0x00, 0x00, 0x3F, 0xF8, 0x00, 0x00, 0x00, 0x00, 0x00, 0x00, 0x1F, 0xF8, 0x00, 0x00, 0x00,
 445:Core/Src/oled_display.c ****     0x00, 0x00, 0x00, 0x0F, 0xFF, 0x00, 0x00, 0x00, 0x00, 0x00, 0x00, 0xFF, 0xF0, 0x00, 0x00, 0x00,
 446:Core/Src/oled_display.c ****     0x00, 0x00, 0x00, 0x03, 0xFF, 0xC0, 0x00, 0x00, 0x00, 0x00, 0x03, 0xFF, 0xC0, 0x00, 0x00, 0x00,
 447:Core/Src/oled_display.c ****     0x00, 0x00, 0x00, 0x01, 0xFF, 0xF0, 0x00, 0x00, 0x00, 0x00, 0x0F, 0xFF, 0x80, 0x00, 0x00, 0x00,
 448:Core/Src/oled_display.c ****     0x00, 0x00, 0x00, 0x00, 0x7F, 0xFE, 0x00, 0x00, 0x00, 0x00, 0x7F, 0xFE, 0x00, 0x00, 0x00, 0x00,
 449:Core/Src/oled_display.c ****     0x00, 0x00, 0x00, 0x00, 0x1F, 0xFF, 0xE0, 0x00, 0x00, 0x07, 0xFF, 0xF8, 0x00, 0x00, 0x00, 0x00,
 450:Core/Src/oled_display.c ****     0x00, 0x00, 0x00, 0x00, 0x0F, 0xFF, 0xFF, 0x00, 0x01, 0xFF, 0xFF, 0xE0, 0x00, 0x00, 0x00, 0x00,
 451:Core/Src/oled_display.c ****     0x00, 0x00, 0x00, 0x00, 0x01, 0xFF, 0xFF, 0xFF, 0xFF, 0xFF, 0xFF, 0x80, 0x00, 0x00, 0x00, 0x00,
 452:Core/Src/oled_display.c ****     0x00, 0x00, 0x00, 0x00, 0x00, 0x3F, 0xFF, 0xFF, 0xFF, 0xFF, 0xFC, 0x00, 0x00, 0x00, 0x00, 0x00,
 453:Core/Src/oled_display.c ****     0x00, 0x00, 0x00, 0x00, 0x00, 0x0F, 0xFF, 0xFF, 0xFF, 0xFF, 0xF0, 0x00, 0x00, 0x00, 0x00, 0x00,
 454:Core/Src/oled_display.c ****     0x00, 0x00, 0x00, 0x00, 0x00, 0x00, 0xFF, 0xFF, 0xFF, 0xFF, 0x00, 0x00, 0x00, 0x00, 0x00, 0x00,
 455:Core/Src/oled_display.c ****     0x00, 0x00, 0x00, 0x00, 0x00, 0x00, 0x0F, 0xFF, 0xFF, 0xE0, 0x00, 0x00, 0x00, 0x00, 0x00, 0x00,
 456:Core/Src/oled_display.c ****     0x00, 0x00, 0x00, 0x00, 0x00, 0x00, 0x00, 0x3F, 0xFC, 0x00, 0x00, 0x00, 0x00, 0x00, 0x00, 0x00
 457:Core/Src/oled_display.c **** 
 458:Core/Src/oled_display.c **** };
 459:Core/Src/oled_display.c **** void Oled_SendCommand(uint8_t com)
 460:Core/Src/oled_display.c **** {
  30              		.loc 1 460 1 view -0
  31              		.cfi_startproc
  32              		@ args = 0, pretend = 0, frame = 8
  33              		@ frame_needed = 0, uses_anonymous_args = 0
  34              		.loc 1 460 1 is_stmt 0 view .LVU1
  35 0000 00B5     		push	{lr}
  36              	.LCFI0:
  37              		.cfi_def_cfa_offset 4
  38              		.cfi_offset 14, -4
  39 0002 87B0     		sub	sp, sp, #28
  40              	.LCFI1:
  41              		.cfi_def_cfa_offset 32
  42 0004 8DF81700 		strb	r0, [sp, #23]
 461:Core/Src/oled_display.c ****     if(HAL_I2C_Mem_Write(&hi2c1, SSD1327_I2C_ADRESS, 0x00, 1, &com, 1, HAL_MAX_DELAY) != HAL_OK)
  43              		.loc 1 461 5 is_stmt 1 view .LVU2
  44              		.loc 1 461 8 is_stmt 0 view .LVU3
  45 0008 4FF0FF33 		mov	r3, #-1
  46 000c 0293     		str	r3, [sp, #8]
  47 000e 0123     		movs	r3, #1
  48 0010 0193     		str	r3, [sp, #4]
  49 0012 0DF11702 		add	r2, sp, #23
  50 0016 0092     		str	r2, [sp]
  51 0018 0022     		movs	r2, #0
  52 001a 7A21     		movs	r1, #122
  53 001c 0248     		ldr	r0, .L3
ARM GAS  C:\Users\bku598\AppData\Local\Temp\ccny8rTm.s 			page 10


  54              	.LVL1:
  55              		.loc 1 461 8 view .LVU4
  56 001e FFF7FEFF 		bl	HAL_I2C_Mem_Write
  57              	.LVL2:
 462:Core/Src/oled_display.c ****     {
 463:Core/Src/oled_display.c ****         return;
  58              		.loc 1 463 9 is_stmt 1 view .LVU5
 464:Core/Src/oled_display.c ****     } 
 465:Core/Src/oled_display.c **** }
  59              		.loc 1 465 1 is_stmt 0 view .LVU6
  60 0022 07B0     		add	sp, sp, #28
  61              	.LCFI2:
  62              		.cfi_def_cfa_offset 4
  63              		@ sp needed
  64 0024 5DF804FB 		ldr	pc, [sp], #4
  65              	.L4:
  66              		.align	2
  67              	.L3:
  68 0028 00000000 		.word	hi2c1
  69              		.cfi_endproc
  70              	.LFE1416:
  72              		.section	.text.Oled_SendData,"ax",%progbits
  73              		.align	1
  74              		.global	Oled_SendData
  75              		.syntax unified
  76              		.thumb
  77              		.thumb_func
  79              	Oled_SendData:
  80              	.LVL3:
  81              	.LFB1417:
 466:Core/Src/oled_display.c **** 
 467:Core/Src/oled_display.c **** void Oled_SendData(uint8_t data)
 468:Core/Src/oled_display.c **** {
  82              		.loc 1 468 1 is_stmt 1 view -0
  83              		.cfi_startproc
  84              		@ args = 0, pretend = 0, frame = 8
  85              		@ frame_needed = 0, uses_anonymous_args = 0
  86              		.loc 1 468 1 is_stmt 0 view .LVU8
  87 0000 00B5     		push	{lr}
  88              	.LCFI3:
  89              		.cfi_def_cfa_offset 4
  90              		.cfi_offset 14, -4
  91 0002 87B0     		sub	sp, sp, #28
  92              	.LCFI4:
  93              		.cfi_def_cfa_offset 32
  94 0004 8DF81700 		strb	r0, [sp, #23]
 469:Core/Src/oled_display.c ****     HAL_I2C_Mem_Write(&hi2c1, SSD1327_I2C_ADRESS, 0x40, 1, &data, 1, HAL_MAX_DELAY);    
  95              		.loc 1 469 5 is_stmt 1 view .LVU9
  96 0008 4FF0FF33 		mov	r3, #-1
  97 000c 0293     		str	r3, [sp, #8]
  98 000e 0123     		movs	r3, #1
  99 0010 0193     		str	r3, [sp, #4]
 100 0012 0DF11702 		add	r2, sp, #23
 101 0016 0092     		str	r2, [sp]
 102 0018 4022     		movs	r2, #64
 103 001a 7A21     		movs	r1, #122
 104 001c 0248     		ldr	r0, .L7
ARM GAS  C:\Users\bku598\AppData\Local\Temp\ccny8rTm.s 			page 11


 105              	.LVL4:
 106              		.loc 1 469 5 is_stmt 0 view .LVU10
 107 001e FFF7FEFF 		bl	HAL_I2C_Mem_Write
 108              	.LVL5:
 470:Core/Src/oled_display.c **** }
 109              		.loc 1 470 1 view .LVU11
 110 0022 07B0     		add	sp, sp, #28
 111              	.LCFI5:
 112              		.cfi_def_cfa_offset 4
 113              		@ sp needed
 114 0024 5DF804FB 		ldr	pc, [sp], #4
 115              	.L8:
 116              		.align	2
 117              	.L7:
 118 0028 00000000 		.word	hi2c1
 119              		.cfi_endproc
 120              	.LFE1417:
 122              		.section	.text.Oled_init,"ax",%progbits
 123              		.align	1
 124              		.global	Oled_init
 125              		.syntax unified
 126              		.thumb
 127              		.thumb_func
 129              	Oled_init:
 130              	.LFB1418:
 471:Core/Src/oled_display.c **** 
 472:Core/Src/oled_display.c **** void Oled_init(void) // Kan användas ifall default-inställnigarna inte är bra
 473:Core/Src/oled_display.c **** {
 131              		.loc 1 473 1 is_stmt 1 view -0
 132              		.cfi_startproc
 133              		@ args = 0, pretend = 0, frame = 0
 134              		@ frame_needed = 0, uses_anonymous_args = 0
 135 0000 08B5     		push	{r3, lr}
 136              	.LCFI6:
 137              		.cfi_def_cfa_offset 8
 138              		.cfi_offset 3, -8
 139              		.cfi_offset 14, -4
 474:Core/Src/oled_display.c ****     Oled_SendCommand(DISPLAY_OFF);              // Stänger av Display innan init.
 140              		.loc 1 474 5 view .LVU13
 141 0002 AE20     		movs	r0, #174
 142 0004 FFF7FEFF 		bl	Oled_SendCommand
 143              	.LVL6:
 475:Core/Src/oled_display.c **** 
 476:Core/Src/oled_display.c ****     Oled_SendCommand(SET_MUX_RATIO); 
 144              		.loc 1 476 5 view .LVU14
 145 0008 A820     		movs	r0, #168
 146 000a FFF7FEFF 		bl	Oled_SendCommand
 147              	.LVL7:
 477:Core/Src/oled_display.c ****     Oled_SendCommand(0x7F);                     // Ställer multiplex ratio - 127 -> 128 rader (128
 148              		.loc 1 477 5 view .LVU15
 149 000e 7F20     		movs	r0, #127
 150 0010 FFF7FEFF 		bl	Oled_SendCommand
 151              	.LVL8:
 478:Core/Src/oled_display.c ****     
 479:Core/Src/oled_display.c ****     Oled_SendCommand(SET_DISPLAY_STARTLINE);
 152              		.loc 1 479 5 view .LVU16
 153 0014 A120     		movs	r0, #161
ARM GAS  C:\Users\bku598\AppData\Local\Temp\ccny8rTm.s 			page 12


 154 0016 FFF7FEFF 		bl	Oled_SendCommand
 155              	.LVL9:
 480:Core/Src/oled_display.c ****     Oled_SendCommand(0x00);                     // Anger startlinje för displayen. 0 = första rad
 156              		.loc 1 480 5 view .LVU17
 157 001a 0020     		movs	r0, #0
 158 001c FFF7FEFF 		bl	Oled_SendCommand
 159              	.LVL10:
 481:Core/Src/oled_display.c **** 
 482:Core/Src/oled_display.c ****     Oled_SendCommand(SET_DISPLAY_OFFSET);
 160              		.loc 1 482 5 view .LVU18
 161 0020 A220     		movs	r0, #162
 162 0022 FFF7FEFF 		bl	Oled_SendCommand
 163              	.LVL11:
 483:Core/Src/oled_display.c ****     Oled_SendCommand(0x00);                     // Vertikal offset. 0 = ingen förskjutning.
 164              		.loc 1 483 5 view .LVU19
 165 0026 0020     		movs	r0, #0
 166 0028 FFF7FEFF 		bl	Oled_SendCommand
 167              	.LVL12:
 484:Core/Src/oled_display.c **** 
 485:Core/Src/oled_display.c ****     Oled_SendCommand(SET_DISPLAY_REMAP);
 168              		.loc 1 485 5 view .LVU20
 169 002c A020     		movs	r0, #160
 170 002e FFF7FEFF 		bl	Oled_SendCommand
 171              	.LVL13:
 486:Core/Src/oled_display.c ****     Oled_SendCommand(0x51);                     // 0x51 = Column remap enabled, Horizontal incremen
 172              		.loc 1 486 5 view .LVU21
 173 0032 5120     		movs	r0, #81
 174 0034 FFF7FEFF 		bl	Oled_SendCommand
 175              	.LVL14:
 487:Core/Src/oled_display.c **** 
 488:Core/Src/oled_display.c ****     Oled_SendCommand(SET_CONTRAST_C);
 176              		.loc 1 488 5 view .LVU22
 177 0038 8120     		movs	r0, #129
 178 003a FFF7FEFF 		bl	Oled_SendCommand
 179              	.LVL15:
 489:Core/Src/oled_display.c ****     Oled_SendCommand(0x7F);                     // Ställer kontrastnivå (0-255)
 180              		.loc 1 489 5 view .LVU23
 181 003e 7F20     		movs	r0, #127
 182 0040 FFF7FEFF 		bl	Oled_SendCommand
 183              	.LVL16:
 490:Core/Src/oled_display.c **** 
 491:Core/Src/oled_display.c ****     Oled_SendCommand(SET_PHASE_LENGTH);
 184              		.loc 1 491 5 view .LVU24
 185 0044 B120     		movs	r0, #177
 186 0046 FFF7FEFF 		bl	Oled_SendCommand
 187              	.LVL17:
 492:Core/Src/oled_display.c ****     Oled_SendCommand(0x22);                     // Ställer Phase1 = 2, Phase2 = 2 DCLK. Påverkar 
 188              		.loc 1 492 5 view .LVU25
 189 004a 2220     		movs	r0, #34
 190 004c FFF7FEFF 		bl	Oled_SendCommand
 191              	.LVL18:
 493:Core/Src/oled_display.c ****     
 494:Core/Src/oled_display.c ****     Oled_SendCommand(SET_FRONT_CLOCK);
 192              		.loc 1 494 5 view .LVU26
 193 0050 B320     		movs	r0, #179
 194 0052 FFF7FEFF 		bl	Oled_SendCommand
 195              	.LVL19:
ARM GAS  C:\Users\bku598\AppData\Local\Temp\ccny8rTm.s 			page 13


 495:Core/Src/oled_display.c ****     Oled_SendCommand(0x50);                     // Ställer front clock divider / oscillator freque
 196              		.loc 1 495 5 view .LVU27
 197 0056 5020     		movs	r0, #80
 198 0058 FFF7FEFF 		bl	Oled_SendCommand
 199              	.LVL20:
 496:Core/Src/oled_display.c **** 
 497:Core/Src/oled_display.c ****     Oled_SendCommand(SET_DEFAULT_LINEAR);       // Default grayscale
 200              		.loc 1 497 5 view .LVU28
 201 005c B920     		movs	r0, #185
 202 005e FFF7FEFF 		bl	Oled_SendCommand
 203              	.LVL21:
 498:Core/Src/oled_display.c ****     
 499:Core/Src/oled_display.c ****     Oled_SendCommand(SET_PRE_C_VOLTAGE);
 204              		.loc 1 499 5 view .LVU29
 205 0062 BC20     		movs	r0, #188
 206 0064 FFF7FEFF 		bl	Oled_SendCommand
 207              	.LVL22:
 500:Core/Src/oled_display.c ****     Oled_SendCommand(0x10);                     // Default - 0.5 x Vcc (RESET)
 208              		.loc 1 500 5 view .LVU30
 209 0068 1020     		movs	r0, #16
 210 006a FFF7FEFF 		bl	Oled_SendCommand
 211              	.LVL23:
 501:Core/Src/oled_display.c **** 
 502:Core/Src/oled_display.c ****     // 11. VCOM
 503:Core/Src/oled_display.c ****     Oled_SendCommand(SET_VCOM_VOLTAGE);         // SETVCOMVOLTAGE
 212              		.loc 1 503 5 view .LVU31
 213 006e BE20     		movs	r0, #190
 214 0070 FFF7FEFF 		bl	Oled_SendCommand
 215              	.LVL24:
 504:Core/Src/oled_display.c ****     Oled_SendCommand(0x05);
 216              		.loc 1 504 5 view .LVU32
 217 0074 0520     		movs	r0, #5
 218 0076 FFF7FEFF 		bl	Oled_SendCommand
 219              	.LVL25:
 505:Core/Src/oled_display.c **** 
 506:Core/Src/oled_display.c ****     // 12. Second precharge period
 507:Core/Src/oled_display.c ****     Oled_SendCommand(SET_COND_C_PERIOD);        // SETSECONDPRECHARGEPERIOD
 220              		.loc 1 507 5 view .LVU33
 221 007a B620     		movs	r0, #182
 222 007c FFF7FEFF 		bl	Oled_SendCommand
 223              	.LVL26:
 508:Core/Src/oled_display.c ****     Oled_SendCommand(0x0A);
 224              		.loc 1 508 5 view .LVU34
 225 0080 0A20     		movs	r0, #10
 226 0082 FFF7FEFF 		bl	Oled_SendCommand
 227              	.LVL27:
 509:Core/Src/oled_display.c **** 
 510:Core/Src/oled_display.c ****     // 13. Function selection B (så att RAM & display används normalt)
 511:Core/Src/oled_display.c ****     Oled_SendCommand(FUNCTION_SELEC);           // FUNCTION SELECTION B
 228              		.loc 1 511 5 view .LVU35
 229 0086 D520     		movs	r0, #213
 230 0088 FFF7FEFF 		bl	Oled_SendCommand
 231              	.LVL28:
 512:Core/Src/oled_display.c ****     Oled_SendCommand(0x62);
 232              		.loc 1 512 5 view .LVU36
 233 008c 6220     		movs	r0, #98
 234 008e FFF7FEFF 		bl	Oled_SendCommand
ARM GAS  C:\Users\bku598\AppData\Local\Temp\ccny8rTm.s 			page 14


 235              	.LVL29:
 513:Core/Src/oled_display.c **** 
 514:Core/Src/oled_display.c ****     // 14. Address window (128×128)
 515:Core/Src/oled_display.c ****     Oled_SendCommand(SET_COLUMN_ADDRESS);       // SETCOLUMNADDRESS
 236              		.loc 1 515 5 view .LVU37
 237 0092 1520     		movs	r0, #21
 238 0094 FFF7FEFF 		bl	Oled_SendCommand
 239              	.LVL30:
 516:Core/Src/oled_display.c ****     Oled_SendCommand(0x00);
 240              		.loc 1 516 5 view .LVU38
 241 0098 0020     		movs	r0, #0
 242 009a FFF7FEFF 		bl	Oled_SendCommand
 243              	.LVL31:
 517:Core/Src/oled_display.c ****     Oled_SendCommand(0x7F);
 244              		.loc 1 517 5 view .LVU39
 245 009e 7F20     		movs	r0, #127
 246 00a0 FFF7FEFF 		bl	Oled_SendCommand
 247              	.LVL32:
 518:Core/Src/oled_display.c **** 
 519:Core/Src/oled_display.c ****     Oled_SendCommand(SET_ROW_ADDRESS);          // SETROWADDRESS
 248              		.loc 1 519 5 view .LVU40
 249 00a4 7520     		movs	r0, #117
 250 00a6 FFF7FEFF 		bl	Oled_SendCommand
 251              	.LVL33:
 520:Core/Src/oled_display.c ****     Oled_SendCommand(0x00);
 252              		.loc 1 520 5 view .LVU41
 253 00aa 0020     		movs	r0, #0
 254 00ac FFF7FEFF 		bl	Oled_SendCommand
 255              	.LVL34:
 521:Core/Src/oled_display.c ****     Oled_SendCommand(0x7F);                     // 0–127 = 128 rader
 256              		.loc 1 521 5 view .LVU42
 257 00b0 7F20     		movs	r0, #127
 258 00b2 FFF7FEFF 		bl	Oled_SendCommand
 259              	.LVL35:
 522:Core/Src/oled_display.c **** 
 523:Core/Src/oled_display.c ****     // 15. Normal display mode
 524:Core/Src/oled_display.c ****     Oled_SendCommand(NORMAL_MODE);              // NORMALDISPLAY
 260              		.loc 1 524 5 view .LVU43
 261 00b6 A420     		movs	r0, #164
 262 00b8 FFF7FEFF 		bl	Oled_SendCommand
 263              	.LVL36:
 525:Core/Src/oled_display.c **** 
 526:Core/Src/oled_display.c ****     // 16. Display ON
 527:Core/Src/oled_display.c ****     Oled_SendCommand(DISPLAY_ON);               // DISPLAY ON
 264              		.loc 1 527 5 view .LVU44
 265 00bc AF20     		movs	r0, #175
 266 00be FFF7FEFF 		bl	Oled_SendCommand
 267              	.LVL37:
 528:Core/Src/oled_display.c **** }
 268              		.loc 1 528 1 is_stmt 0 view .LVU45
 269 00c2 08BD     		pop	{r3, pc}
 270              		.cfi_endproc
 271              	.LFE1418:
 273              		.section	.text.Oled_DrawPixel,"ax",%progbits
 274              		.align	1
 275              		.global	Oled_DrawPixel
 276              		.syntax unified
ARM GAS  C:\Users\bku598\AppData\Local\Temp\ccny8rTm.s 			page 15


 277              		.thumb
 278              		.thumb_func
 280              	Oled_DrawPixel:
 281              	.LVL38:
 282              	.LFB1419:
 529:Core/Src/oled_display.c **** 
 530:Core/Src/oled_display.c **** void Oled_DrawPixel(int16_t x, int16_t y, uint8_t color)
 531:Core/Src/oled_display.c **** {
 283              		.loc 1 531 1 is_stmt 1 view -0
 284              		.cfi_startproc
 285              		@ args = 0, pretend = 0, frame = 0
 286              		@ frame_needed = 0, uses_anonymous_args = 0
 287              		@ link register save eliminated.
 532:Core/Src/oled_display.c ****     if ((x < 0) || (x >= 128) || (y < 0) || (y >= 128) || color > 0x0F)
 288              		.loc 1 532 5 view .LVU47
 289              		.loc 1 532 17 is_stmt 0 view .LVU48
 290 0000 83B2     		uxth	r3, r0
 291              		.loc 1 532 8 view .LVU49
 292 0002 7F2B     		cmp	r3, #127
 293 0004 16D8     		bhi	.L11
 294              		.loc 1 532 31 discriminator 1 view .LVU50
 295 0006 0029     		cmp	r1, #0
 296 0008 14DB     		blt	.L11
 297              		.loc 1 532 42 discriminator 2 view .LVU51
 298 000a 7F29     		cmp	r1, #127
 299 000c 12DC     		bgt	.L11
 300              		.loc 1 532 56 discriminator 3 view .LVU52
 301 000e 0F2A     		cmp	r2, #15
 302 0010 10D8     		bhi	.L11
 533:Core/Src/oled_display.c ****         return;
 534:Core/Src/oled_display.c **** 
 535:Core/Src/oled_display.c **** 
 536:Core/Src/oled_display.c ****     uint8_t selectedCell = buffer[(y * (128 / 2)) + (x / 2)];
 303              		.loc 1 536 5 is_stmt 1 view .LVU53
 304              		.loc 1 536 56 is_stmt 0 view .LVU54
 305 0012 00EBD073 		add	r3, r0, r0, lsr #31
 306 0016 5B10     		asrs	r3, r3, #1
 307              		.loc 1 536 51 view .LVU55
 308 0018 03EB8113 		add	r3, r3, r1, lsl #6
 309              		.loc 1 536 13 view .LVU56
 310 001c 0949     		ldr	r1, .L15
 311              	.LVL39:
 312              		.loc 1 536 13 view .LVU57
 313 001e C95C     		ldrb	r1, [r1, r3]	@ zero_extendqisi2
 314              	.LVL40:
 537:Core/Src/oled_display.c **** 
 538:Core/Src/oled_display.c ****     if (x % 2)
 315              		.loc 1 538 5 is_stmt 1 view .LVU58
 316              		.loc 1 538 8 is_stmt 0 view .LVU59
 317 0020 10F0010F 		tst	r0, #1
 318 0024 07D0     		beq	.L13
 539:Core/Src/oled_display.c ****     {
 540:Core/Src/oled_display.c ****         // ojämn pixel -> låg nibble
 541:Core/Src/oled_display.c ****         selectedCell = (selectedCell & 0xF0) | (color & 0x0F);
 319              		.loc 1 541 9 is_stmt 1 view .LVU60
 320 0026 21F00F01 		bic	r1, r1, #15
 321              	.LVL41:
ARM GAS  C:\Users\bku598\AppData\Local\Temp\ccny8rTm.s 			page 16


 322              		.loc 1 541 9 is_stmt 0 view .LVU61
 323 002a 02F00F02 		and	r2, r2, #15
 324              	.LVL42:
 325              		.loc 1 541 9 view .LVU62
 326 002e 0A43     		orrs	r2, r2, r1
 327              	.LVL43:
 328              	.L14:
 542:Core/Src/oled_display.c ****     }
 543:Core/Src/oled_display.c ****     else
 544:Core/Src/oled_display.c ****     {
 545:Core/Src/oled_display.c ****         // jämn pixel -> hög nibble
 546:Core/Src/oled_display.c ****         selectedCell = (selectedCell & 0x0F) | ((color & 0x0F) << 4);
 547:Core/Src/oled_display.c ****     }
 548:Core/Src/oled_display.c **** 
 549:Core/Src/oled_display.c ****     buffer[(y * (128 / 2)) + (x / 2)] = selectedCell;
 329              		.loc 1 549 5 is_stmt 1 view .LVU63
 330              		.loc 1 549 39 is_stmt 0 view .LVU64
 331 0030 0449     		ldr	r1, .L15
 332 0032 CA54     		strb	r2, [r1, r3]
 333              	.LVL44:
 334              	.L11:
 550:Core/Src/oled_display.c **** }
 335              		.loc 1 550 1 view .LVU65
 336 0034 7047     		bx	lr
 337              	.LVL45:
 338              	.L13:
 546:Core/Src/oled_display.c ****     }
 339              		.loc 1 546 9 is_stmt 1 view .LVU66
 340 0036 01F00F01 		and	r1, r1, #15
 341              	.LVL46:
 546:Core/Src/oled_display.c ****     }
 342              		.loc 1 546 22 is_stmt 0 view .LVU67
 343 003a 41EA0212 		orr	r2, r1, r2, lsl #4
 344              	.LVL47:
 546:Core/Src/oled_display.c ****     }
 345              		.loc 1 546 22 view .LVU68
 346 003e D2B2     		uxtb	r2, r2
 347              	.LVL48:
 546:Core/Src/oled_display.c ****     }
 348              		.loc 1 546 22 view .LVU69
 349 0040 F6E7     		b	.L14
 350              	.L16:
 351 0042 00BF     		.align	2
 352              	.L15:
 353 0044 00000000 		.word	buffer
 354              		.cfi_endproc
 355              	.LFE1419:
 357              		.section	.text.Oled_Update,"ax",%progbits
 358              		.align	1
 359              		.global	Oled_Update
 360              		.syntax unified
 361              		.thumb
 362              		.thumb_func
 364              	Oled_Update:
 365              	.LFB1420:
 551:Core/Src/oled_display.c **** 
 552:Core/Src/oled_display.c **** void Oled_Update(void)
ARM GAS  C:\Users\bku598\AppData\Local\Temp\ccny8rTm.s 			page 17


 553:Core/Src/oled_display.c **** {
 366              		.loc 1 553 1 is_stmt 1 view -0
 367              		.cfi_startproc
 368              		@ args = 0, pretend = 0, frame = 0
 369              		@ frame_needed = 0, uses_anonymous_args = 0
 370 0000 00B5     		push	{lr}
 371              	.LCFI7:
 372              		.cfi_def_cfa_offset 4
 373              		.cfi_offset 14, -4
 374 0002 85B0     		sub	sp, sp, #20
 375              	.LCFI8:
 376              		.cfi_def_cfa_offset 24
 554:Core/Src/oled_display.c ****     // Återställ fönstret till full skärm innan hela bufferten skickas
 555:Core/Src/oled_display.c ****     Oled_SendCommand(0x15); // Column
 377              		.loc 1 555 5 view .LVU71
 378 0004 1520     		movs	r0, #21
 379 0006 FFF7FEFF 		bl	Oled_SendCommand
 380              	.LVL49:
 556:Core/Src/oled_display.c ****     Oled_SendCommand(0x00);
 381              		.loc 1 556 5 view .LVU72
 382 000a 0020     		movs	r0, #0
 383 000c FFF7FEFF 		bl	Oled_SendCommand
 384              	.LVL50:
 557:Core/Src/oled_display.c ****     Oled_SendCommand(0x3F); // 127/2 = 63 (0x3F) i kolumnadresser
 385              		.loc 1 557 5 view .LVU73
 386 0010 3F20     		movs	r0, #63
 387 0012 FFF7FEFF 		bl	Oled_SendCommand
 388              	.LVL51:
 558:Core/Src/oled_display.c **** 
 559:Core/Src/oled_display.c ****     Oled_SendCommand(0x75); // Row
 389              		.loc 1 559 5 view .LVU74
 390 0016 7520     		movs	r0, #117
 391 0018 FFF7FEFF 		bl	Oled_SendCommand
 392              	.LVL52:
 560:Core/Src/oled_display.c ****     Oled_SendCommand(0x00);
 393              		.loc 1 560 5 view .LVU75
 394 001c 0020     		movs	r0, #0
 395 001e FFF7FEFF 		bl	Oled_SendCommand
 396              	.LVL53:
 561:Core/Src/oled_display.c ****     Oled_SendCommand(0x7F); // 127
 397              		.loc 1 561 5 view .LVU76
 398 0022 7F20     		movs	r0, #127
 399 0024 FFF7FEFF 		bl	Oled_SendCommand
 400              	.LVL54:
 562:Core/Src/oled_display.c **** 
 563:Core/Src/oled_display.c ****     HAL_I2C_Mem_Write(&hi2c1, SSD1327_I2C_ADRESS, 0x40, I2C_MEMADD_SIZE_8BIT, buffer, 8192, 1000);
 401              		.loc 1 563 5 view .LVU77
 402 0028 4FF47A73 		mov	r3, #1000
 403 002c 0293     		str	r3, [sp, #8]
 404 002e 4FF40053 		mov	r3, #8192
 405 0032 0193     		str	r3, [sp, #4]
 406 0034 054B     		ldr	r3, .L19
 407 0036 0093     		str	r3, [sp]
 408 0038 0123     		movs	r3, #1
 409 003a 4022     		movs	r2, #64
 410 003c 7A21     		movs	r1, #122
 411 003e 0448     		ldr	r0, .L19+4
ARM GAS  C:\Users\bku598\AppData\Local\Temp\ccny8rTm.s 			page 18


 412 0040 FFF7FEFF 		bl	HAL_I2C_Mem_Write
 413              	.LVL55:
 564:Core/Src/oled_display.c **** }
 414              		.loc 1 564 1 is_stmt 0 view .LVU78
 415 0044 05B0     		add	sp, sp, #20
 416              	.LCFI9:
 417              		.cfi_def_cfa_offset 4
 418              		@ sp needed
 419 0046 5DF804FB 		ldr	pc, [sp], #4
 420              	.L20:
 421 004a 00BF     		.align	2
 422              	.L19:
 423 004c 00000000 		.word	buffer
 424 0050 00000000 		.word	hi2c1
 425              		.cfi_endproc
 426              	.LFE1420:
 428              		.section	.text.Oled_Clear,"ax",%progbits
 429              		.align	1
 430              		.global	Oled_Clear
 431              		.syntax unified
 432              		.thumb
 433              		.thumb_func
 435              	Oled_Clear:
 436              	.LVL56:
 437              	.LFB1421:
 565:Core/Src/oled_display.c **** 
 566:Core/Src/oled_display.c **** void Oled_Clear(uint8_t color)
 567:Core/Src/oled_display.c **** {
 438              		.loc 1 567 1 is_stmt 1 view -0
 439              		.cfi_startproc
 440              		@ args = 0, pretend = 0, frame = 0
 441              		@ frame_needed = 0, uses_anonymous_args = 0
 442              		.loc 1 567 1 is_stmt 0 view .LVU80
 443 0000 08B5     		push	{r3, lr}
 444              	.LCFI10:
 445              		.cfi_def_cfa_offset 8
 446              		.cfi_offset 3, -8
 447              		.cfi_offset 14, -4
 568:Core/Src/oled_display.c ****     uint8_t byte = (color << 4) | (color & 0x0F); // fyll båda pixlar i varje byte
 448              		.loc 1 568 5 is_stmt 1 view .LVU81
 449              		.loc 1 568 13 is_stmt 0 view .LVU82
 450 0002 00F00F01 		and	r1, r0, #15
 451 0006 41EA0011 		orr	r1, r1, r0, lsl #4
 452              	.LVL57:
 569:Core/Src/oled_display.c ****     memset(buffer, byte, sizeof(buffer));
 453              		.loc 1 569 5 is_stmt 1 view .LVU83
 454 000a 4FF40052 		mov	r2, #8192
 455 000e C9B2     		uxtb	r1, r1
 456              		.loc 1 569 5 is_stmt 0 view .LVU84
 457 0010 0148     		ldr	r0, .L23
 458              	.LVL58:
 459              		.loc 1 569 5 view .LVU85
 460 0012 FFF7FEFF 		bl	memset
 461              	.LVL59:
 570:Core/Src/oled_display.c **** }
 462              		.loc 1 570 1 view .LVU86
 463 0016 08BD     		pop	{r3, pc}
ARM GAS  C:\Users\bku598\AppData\Local\Temp\ccny8rTm.s 			page 19


 464              	.L24:
 465              		.align	2
 466              	.L23:
 467 0018 00000000 		.word	buffer
 468              		.cfi_endproc
 469              	.LFE1421:
 471              		.section	.text.SSD1327_UpdateArea,"ax",%progbits
 472              		.align	1
 473              		.global	SSD1327_UpdateArea
 474              		.syntax unified
 475              		.thumb
 476              		.thumb_func
 478              	SSD1327_UpdateArea:
 479              	.LVL60:
 480              	.LFB1422:
 571:Core/Src/oled_display.c **** 
 572:Core/Src/oled_display.c **** void SSD1327_UpdateArea(uint8_t x0, uint8_t y0, uint8_t x1, uint8_t y1, uint8_t *data)
 573:Core/Src/oled_display.c **** {
 481              		.loc 1 573 1 is_stmt 1 view -0
 482              		.cfi_startproc
 483              		@ args = 4, pretend = 0, frame = 0
 484              		@ frame_needed = 0, uses_anonymous_args = 0
 485              		.loc 1 573 1 is_stmt 0 view .LVU88
 486 0000 2DE9F043 		push	{r4, r5, r6, r7, r8, r9, lr}
 487              	.LCFI11:
 488              		.cfi_def_cfa_offset 28
 489              		.cfi_offset 4, -28
 490              		.cfi_offset 5, -24
 491              		.cfi_offset 6, -20
 492              		.cfi_offset 7, -16
 493              		.cfi_offset 8, -12
 494              		.cfi_offset 9, -8
 495              		.cfi_offset 14, -4
 496 0004 85B0     		sub	sp, sp, #20
 497              	.LCFI12:
 498              		.cfi_def_cfa_offset 48
 499 0006 0646     		mov	r6, r0
 500 0008 0D46     		mov	r5, r1
 501 000a 1446     		mov	r4, r2
 502 000c 1F46     		mov	r7, r3
 574:Core/Src/oled_display.c ****     // Column address: bytes, so divide by 2
 575:Core/Src/oled_display.c ****     uint8_t colStart = x0 / 2;
 503              		.loc 1 575 5 is_stmt 1 view .LVU89
 504              		.loc 1 575 13 is_stmt 0 view .LVU90
 505 000e 4FEA5008 		lsr	r8, r0, #1
 506              	.LVL61:
 576:Core/Src/oled_display.c ****     uint8_t colEnd   = x1 / 2;
 507              		.loc 1 576 5 is_stmt 1 view .LVU91
 508              		.loc 1 576 13 is_stmt 0 view .LVU92
 509 0012 4FEA5209 		lsr	r9, r2, #1
 510              	.LVL62:
 577:Core/Src/oled_display.c **** 
 578:Core/Src/oled_display.c ****     // Set column range
 579:Core/Src/oled_display.c ****     Oled_SendCommand(0x15);
 511              		.loc 1 579 5 is_stmt 1 view .LVU93
 512 0016 1520     		movs	r0, #21
 513              	.LVL63:
ARM GAS  C:\Users\bku598\AppData\Local\Temp\ccny8rTm.s 			page 20


 514              		.loc 1 579 5 is_stmt 0 view .LVU94
 515 0018 FFF7FEFF 		bl	Oled_SendCommand
 516              	.LVL64:
 580:Core/Src/oled_display.c ****     Oled_SendCommand(colStart);
 517              		.loc 1 580 5 is_stmt 1 view .LVU95
 518 001c 4046     		mov	r0, r8
 519 001e FFF7FEFF 		bl	Oled_SendCommand
 520              	.LVL65:
 581:Core/Src/oled_display.c ****     Oled_SendCommand(colEnd);
 521              		.loc 1 581 5 view .LVU96
 522 0022 4846     		mov	r0, r9
 523 0024 FFF7FEFF 		bl	Oled_SendCommand
 524              	.LVL66:
 582:Core/Src/oled_display.c **** 
 583:Core/Src/oled_display.c ****     // Set row range
 584:Core/Src/oled_display.c ****     Oled_SendCommand(0x75);
 525              		.loc 1 584 5 view .LVU97
 526 0028 7520     		movs	r0, #117
 527 002a FFF7FEFF 		bl	Oled_SendCommand
 528              	.LVL67:
 585:Core/Src/oled_display.c ****     Oled_SendCommand(y0);
 529              		.loc 1 585 5 view .LVU98
 530 002e 2846     		mov	r0, r5
 531 0030 FFF7FEFF 		bl	Oled_SendCommand
 532              	.LVL68:
 586:Core/Src/oled_display.c ****     Oled_SendCommand(y1);
 533              		.loc 1 586 5 view .LVU99
 534 0034 3846     		mov	r0, r7
 535 0036 FFF7FEFF 		bl	Oled_SendCommand
 536              	.LVL69:
 587:Core/Src/oled_display.c **** 
 588:Core/Src/oled_display.c ****     // Number of bytes in each row of this region
 589:Core/Src/oled_display.c ****     uint8_t bytesPerRow = ( (x1 - x0 + 1 + 1) / 2 ); // 21 pixlar → 11 bytes
 537              		.loc 1 589 5 view .LVU100
 538              		.loc 1 589 33 is_stmt 0 view .LVU101
 539 003a A61B     		subs	r6, r4, r6
 540              	.LVL70:
 541              		.loc 1 589 42 view .LVU102
 542 003c 0236     		adds	r6, r6, #2
 543              		.loc 1 589 47 view .LVU103
 544 003e 06EBD676 		add	r6, r6, r6, lsr #31
 545              		.loc 1 589 13 view .LVU104
 546 0042 C6F34706 		ubfx	r6, r6, #1, #8
 547              	.LVL71:
 590:Core/Src/oled_display.c **** 
 591:Core/Src/oled_display.c ****     // Send full block
 592:Core/Src/oled_display.c ****     for (uint8_t row = 0; row <= (y1 - y0); row++)
 548              		.loc 1 592 5 is_stmt 1 view .LVU105
 549              	.LBB2:
 550              		.loc 1 592 10 view .LVU106
 551              		.loc 1 592 18 is_stmt 0 view .LVU107
 552 0046 0024     		movs	r4, #0
 553              	.LVL72:
 554              		.loc 1 592 5 view .LVU108
 555 0048 11E0     		b	.L26
 556              	.LVL73:
 557              	.L27:
ARM GAS  C:\Users\bku598\AppData\Local\Temp\ccny8rTm.s 			page 21


 593:Core/Src/oled_display.c ****     {
 594:Core/Src/oled_display.c ****         HAL_I2C_Mem_Write(&hi2c1,
 558              		.loc 1 594 9 is_stmt 1 view .LVU109
 595:Core/Src/oled_display.c ****                           SSD1327_I2C_ADRESS,
 596:Core/Src/oled_display.c ****                           0x40,                     // Data
 597:Core/Src/oled_display.c ****                           1,
 598:Core/Src/oled_display.c ****                           &buffer[(y0 + row)*64 + colStart], // Row data in your buffer
 559              		.loc 1 598 39 is_stmt 0 view .LVU110
 560 004a 6219     		adds	r2, r4, r5
 561              		.loc 1 598 49 view .LVU111
 562 004c 08EB8212 		add	r2, r8, r2, lsl #6
 594:Core/Src/oled_display.c ****                           SSD1327_I2C_ADRESS,
 563              		.loc 1 594 9 view .LVU112
 564 0050 4FF0FF33 		mov	r3, #-1
 565 0054 0293     		str	r3, [sp, #8]
 566 0056 0196     		str	r6, [sp, #4]
 567 0058 084B     		ldr	r3, .L29
 568 005a 1A44     		add	r2, r2, r3
 569 005c 0092     		str	r2, [sp]
 570 005e 0123     		movs	r3, #1
 571 0060 4022     		movs	r2, #64
 572 0062 7A21     		movs	r1, #122
 573 0064 0648     		ldr	r0, .L29+4
 574 0066 FFF7FEFF 		bl	HAL_I2C_Mem_Write
 575              	.LVL74:
 592:Core/Src/oled_display.c ****     {
 576              		.loc 1 592 48 is_stmt 1 discriminator 3 view .LVU113
 577 006a 0134     		adds	r4, r4, #1
 578              	.LVL75:
 592:Core/Src/oled_display.c ****     {
 579              		.loc 1 592 48 is_stmt 0 discriminator 3 view .LVU114
 580 006c E4B2     		uxtb	r4, r4
 581              	.LVL76:
 582              	.L26:
 592:Core/Src/oled_display.c ****     {
 583              		.loc 1 592 31 is_stmt 1 discriminator 1 view .LVU115
 592:Core/Src/oled_display.c ****     {
 584              		.loc 1 592 38 is_stmt 0 discriminator 1 view .LVU116
 585 006e 7B1B     		subs	r3, r7, r5
 592:Core/Src/oled_display.c ****     {
 586              		.loc 1 592 31 discriminator 1 view .LVU117
 587 0070 9C42     		cmp	r4, r3
 588 0072 EADD     		ble	.L27
 589              	.LBE2:
 599:Core/Src/oled_display.c ****                           bytesPerRow,
 600:Core/Src/oled_display.c ****                           HAL_MAX_DELAY);
 601:Core/Src/oled_display.c ****     }
 602:Core/Src/oled_display.c **** }
 590              		.loc 1 602 1 view .LVU118
 591 0074 05B0     		add	sp, sp, #20
 592              	.LCFI13:
 593              		.cfi_def_cfa_offset 28
 594              		@ sp needed
 595 0076 BDE8F083 		pop	{r4, r5, r6, r7, r8, r9, pc}
 596              	.LVL77:
 597              	.L30:
 598              		.loc 1 602 1 view .LVU119
ARM GAS  C:\Users\bku598\AppData\Local\Temp\ccny8rTm.s 			page 22


 599 007a 00BF     		.align	2
 600              	.L29:
 601 007c 00000000 		.word	buffer
 602 0080 00000000 		.word	hi2c1
 603              		.cfi_endproc
 604              	.LFE1422:
 606              		.section	.text.DrawSquare,"ax",%progbits
 607              		.align	1
 608              		.global	DrawSquare
 609              		.syntax unified
 610              		.thumb
 611              		.thumb_func
 613              	DrawSquare:
 614              	.LVL78:
 615              	.LFB1423:
 603:Core/Src/oled_display.c **** 
 604:Core/Src/oled_display.c **** void DrawSquare(int x_start, int y_start, int x_end, int y_end, uint8_t color)
 605:Core/Src/oled_display.c **** {
 616              		.loc 1 605 1 is_stmt 1 view -0
 617              		.cfi_startproc
 618              		@ args = 4, pretend = 0, frame = 0
 619              		@ frame_needed = 0, uses_anonymous_args = 0
 620              		.loc 1 605 1 is_stmt 0 view .LVU121
 621 0000 2DE9F843 		push	{r3, r4, r5, r6, r7, r8, r9, lr}
 622              	.LCFI14:
 623              		.cfi_def_cfa_offset 32
 624              		.cfi_offset 3, -32
 625              		.cfi_offset 4, -28
 626              		.cfi_offset 5, -24
 627              		.cfi_offset 6, -20
 628              		.cfi_offset 7, -16
 629              		.cfi_offset 8, -12
 630              		.cfi_offset 9, -8
 631              		.cfi_offset 14, -4
 632 0004 8946     		mov	r9, r1
 633 0006 9046     		mov	r8, r2
 634 0008 1E46     		mov	r6, r3
 635 000a 9DF82070 		ldrb	r7, [sp, #32]	@ zero_extendqisi2
 606:Core/Src/oled_display.c ****     for(uint8_t i = x_start; i <= x_end; i++)
 636              		.loc 1 606 5 is_stmt 1 view .LVU122
 637              	.LBB3:
 638              		.loc 1 606 9 view .LVU123
 639              		.loc 1 606 17 is_stmt 0 view .LVU124
 640 000e C5B2     		uxtb	r5, r0
 641              	.LVL79:
 642              		.loc 1 606 5 view .LVU125
 643 0010 0AE0     		b	.L32
 644              	.LVL80:
 645              	.L34:
 646              	.LBB4:
 607:Core/Src/oled_display.c ****     {
 608:Core/Src/oled_display.c ****         for(uint8_t j = y_start; j < y_end; j++)
 609:Core/Src/oled_display.c ****         {
 610:Core/Src/oled_display.c ****             Oled_DrawPixel(i, j, color);
 647              		.loc 1 610 13 is_stmt 1 view .LVU126
 648 0012 3A46     		mov	r2, r7
 649 0014 2146     		mov	r1, r4
ARM GAS  C:\Users\bku598\AppData\Local\Temp\ccny8rTm.s 			page 23


 650 0016 2846     		mov	r0, r5
 651 0018 FFF7FEFF 		bl	Oled_DrawPixel
 652              	.LVL81:
 608:Core/Src/oled_display.c ****         {
 653              		.loc 1 608 46 discriminator 3 view .LVU127
 654 001c 0134     		adds	r4, r4, #1
 655              	.LVL82:
 608:Core/Src/oled_display.c ****         {
 656              		.loc 1 608 46 is_stmt 0 discriminator 3 view .LVU128
 657 001e E4B2     		uxtb	r4, r4
 658              	.LVL83:
 659              	.L33:
 608:Core/Src/oled_display.c ****         {
 660              		.loc 1 608 36 is_stmt 1 discriminator 1 view .LVU129
 661 0020 B442     		cmp	r4, r6
 662 0022 F6DB     		blt	.L34
 608:Core/Src/oled_display.c ****         {
 663              		.loc 1 608 36 is_stmt 0 discriminator 1 view .LVU130
 664              	.LBE4:
 606:Core/Src/oled_display.c ****     for(uint8_t i = x_start; i <= x_end; i++)
 665              		.loc 1 606 43 is_stmt 1 discriminator 2 view .LVU131
 666 0024 0135     		adds	r5, r5, #1
 667              	.LVL84:
 606:Core/Src/oled_display.c ****     for(uint8_t i = x_start; i <= x_end; i++)
 668              		.loc 1 606 43 is_stmt 0 discriminator 2 view .LVU132
 669 0026 EDB2     		uxtb	r5, r5
 670              	.LVL85:
 671              	.L32:
 606:Core/Src/oled_display.c ****     for(uint8_t i = x_start; i <= x_end; i++)
 672              		.loc 1 606 32 is_stmt 1 discriminator 1 view .LVU133
 673 0028 4545     		cmp	r5, r8
 674 002a 02DC     		bgt	.L37
 608:Core/Src/oled_display.c ****         {
 675              		.loc 1 608 9 view .LVU134
 676              	.LBB5:
 608:Core/Src/oled_display.c ****         {
 677              		.loc 1 608 13 view .LVU135
 608:Core/Src/oled_display.c ****         {
 678              		.loc 1 608 21 is_stmt 0 view .LVU136
 679 002c 5FFA89F4 		uxtb	r4, r9
 680              	.LVL86:
 608:Core/Src/oled_display.c ****         {
 681              		.loc 1 608 9 view .LVU137
 682 0030 F6E7     		b	.L33
 683              	.LVL87:
 684              	.L37:
 608:Core/Src/oled_display.c ****         {
 685              		.loc 1 608 9 view .LVU138
 686              	.LBE5:
 687              	.LBE3:
 611:Core/Src/oled_display.c ****         }
 612:Core/Src/oled_display.c ****     }
 613:Core/Src/oled_display.c **** }
 688              		.loc 1 613 1 view .LVU139
 689 0032 BDE8F883 		pop	{r3, r4, r5, r6, r7, r8, r9, pc}
 690              		.loc 1 613 1 view .LVU140
 691              		.cfi_endproc
ARM GAS  C:\Users\bku598\AppData\Local\Temp\ccny8rTm.s 			page 24


 692              	.LFE1423:
 694              		.section	.text.DrawLine,"ax",%progbits
 695              		.align	1
 696              		.global	DrawLine
 697              		.syntax unified
 698              		.thumb
 699              		.thumb_func
 701              	DrawLine:
 702              	.LVL88:
 703              	.LFB1424:
 614:Core/Src/oled_display.c **** 
 615:Core/Src/oled_display.c **** void DrawLine(int x0, int y0, int x1, int y1, int color)
 616:Core/Src/oled_display.c **** {
 704              		.loc 1 616 1 is_stmt 1 view -0
 705              		.cfi_startproc
 706              		@ args = 4, pretend = 0, frame = 8
 707              		@ frame_needed = 0, uses_anonymous_args = 0
 708              		.loc 1 616 1 is_stmt 0 view .LVU142
 709 0000 2DE9F04F 		push	{r4, r5, r6, r7, r8, r9, r10, fp, lr}
 710              	.LCFI15:
 711              		.cfi_def_cfa_offset 36
 712              		.cfi_offset 4, -36
 713              		.cfi_offset 5, -32
 714              		.cfi_offset 6, -28
 715              		.cfi_offset 7, -24
 716              		.cfi_offset 8, -20
 717              		.cfi_offset 9, -16
 718              		.cfi_offset 10, -12
 719              		.cfi_offset 11, -8
 720              		.cfi_offset 14, -4
 721 0004 83B0     		sub	sp, sp, #12
 722              	.LCFI16:
 723              		.cfi_def_cfa_offset 48
 724 0006 0546     		mov	r5, r0
 725 0008 0E46     		mov	r6, r1
 726 000a 9046     		mov	r8, r2
 727 000c 0193     		str	r3, [sp, #4]
 617:Core/Src/oled_display.c ****     int dx = abs(x1 - x0);
 728              		.loc 1 617 5 is_stmt 1 view .LVU143
 729              		.loc 1 617 21 is_stmt 0 view .LVU144
 730 000e 171A     		subs	r7, r2, r0
 731              		.loc 1 617 9 view .LVU145
 732 0010 002F     		cmp	r7, #0
 733 0012 B8BF     		it	lt
 734 0014 7F42     		rsblt	r7, r7, #0
 735              	.LVL89:
 618:Core/Src/oled_display.c ****     int sx = x0 < x1 ? 1 : -1;
 736              		.loc 1 618 5 is_stmt 1 view .LVU146
 737              		.loc 1 618 26 is_stmt 0 view .LVU147
 738 0016 8242     		cmp	r2, r0
 739 0018 26DD     		ble	.L46
 740              		.loc 1 618 26 discriminator 1 view .LVU148
 741 001a 0123     		movs	r3, #1
 742              	.LVL90:
 743              		.loc 1 618 26 discriminator 1 view .LVU149
 744 001c 0093     		str	r3, [sp]
 745              	.L39:
ARM GAS  C:\Users\bku598\AppData\Local\Temp\ccny8rTm.s 			page 25


 746              	.LVL91:
 619:Core/Src/oled_display.c ****     int dy = -abs(y1 - y0);
 747              		.loc 1 619 5 is_stmt 1 view .LVU150
 748              		.loc 1 619 22 is_stmt 0 view .LVU151
 749 001e 019B     		ldr	r3, [sp, #4]
 750 0020 A3EB060A 		sub	r10, r3, r6
 751              		.loc 1 619 15 view .LVU152
 752 0024 BAF1000F 		cmp	r10, #0
 753 0028 B8BF     		it	lt
 754 002a CAF1000A 		rsblt	r10, r10, #0
 755              		.loc 1 619 9 view .LVU153
 756 002e CAF10009 		rsb	r9, r10, #0
 757              	.LVL92:
 620:Core/Src/oled_display.c ****     int sy = y0 < y1 ? 1 : -1;
 758              		.loc 1 620 5 is_stmt 1 view .LVU154
 759              		.loc 1 620 26 is_stmt 0 view .LVU155
 760 0032 B342     		cmp	r3, r6
 761 0034 1CDD     		ble	.L47
 762              		.loc 1 620 26 discriminator 1 view .LVU156
 763 0036 4FF0010B 		mov	fp, #1
 764              	.L40:
 765              	.LVL93:
 621:Core/Src/oled_display.c ****     int err = dx + dy;  // error value
 766              		.loc 1 621 5 is_stmt 1 view .LVU157
 767 003a A7EB0A04 		sub	r4, r7, r10
 768              	.LVL94:
 769              	.L41:
 622:Core/Src/oled_display.c **** 
 623:Core/Src/oled_display.c ****     while (1)
 770              		.loc 1 623 5 view .LVU158
 771              	.LBB6:
 624:Core/Src/oled_display.c ****     {
 625:Core/Src/oled_display.c ****         Oled_DrawPixel(x0, y0, color);
 772              		.loc 1 625 9 view .LVU159
 773 003e 0C9B     		ldr	r3, [sp, #48]
 774 0040 DAB2     		uxtb	r2, r3
 775 0042 31B2     		sxth	r1, r6
 776 0044 28B2     		sxth	r0, r5
 777 0046 FFF7FEFF 		bl	Oled_DrawPixel
 778              	.LVL95:
 626:Core/Src/oled_display.c **** 
 627:Core/Src/oled_display.c ****         if (x0 == x1 && y0 == y1)
 779              		.loc 1 627 9 view .LVU160
 780              		.loc 1 627 12 is_stmt 0 view .LVU161
 781 004a 4545     		cmp	r5, r8
 782 004c 13D0     		beq	.L49
 783              	.L42:
 628:Core/Src/oled_display.c ****             break;
 629:Core/Src/oled_display.c **** 
 630:Core/Src/oled_display.c ****         int e2 = 2 * err;
 784              		.loc 1 630 9 is_stmt 1 view .LVU162
 785              		.loc 1 630 13 is_stmt 0 view .LVU163
 786 004e 6300     		lsls	r3, r4, #1
 787              	.LVL96:
 631:Core/Src/oled_display.c ****         if (e2 >= dy)
 788              		.loc 1 631 9 is_stmt 1 view .LVU164
 789              		.loc 1 631 12 is_stmt 0 view .LVU165
ARM GAS  C:\Users\bku598\AppData\Local\Temp\ccny8rTm.s 			page 26


 790 0050 B9EB440F 		cmp	r9, r4, lsl #1
 791 0054 03DC     		bgt	.L44
 632:Core/Src/oled_display.c ****         {
 633:Core/Src/oled_display.c ****             err += dy;
 792              		.loc 1 633 13 is_stmt 1 view .LVU166
 793 0056 A4EB0A04 		sub	r4, r4, r10
 794              	.LVL97:
 634:Core/Src/oled_display.c ****             x0 += sx;
 795              		.loc 1 634 13 view .LVU167
 796              		.loc 1 634 16 is_stmt 0 view .LVU168
 797 005a 009A     		ldr	r2, [sp]
 798 005c 1544     		add	r5, r5, r2
 799              	.LVL98:
 800              	.L44:
 635:Core/Src/oled_display.c ****         }
 636:Core/Src/oled_display.c ****         if (e2 <= dx)
 801              		.loc 1 636 9 is_stmt 1 view .LVU169
 802              		.loc 1 636 12 is_stmt 0 view .LVU170
 803 005e 9F42     		cmp	r7, r3
 804 0060 EDDB     		blt	.L41
 637:Core/Src/oled_display.c ****         {
 638:Core/Src/oled_display.c ****             err += dx;
 805              		.loc 1 638 13 is_stmt 1 view .LVU171
 806              		.loc 1 638 17 is_stmt 0 view .LVU172
 807 0062 3C44     		add	r4, r4, r7
 808              	.LVL99:
 639:Core/Src/oled_display.c ****             y0 += sy;
 809              		.loc 1 639 13 is_stmt 1 view .LVU173
 810              		.loc 1 639 16 is_stmt 0 view .LVU174
 811 0064 5E44     		add	r6, r6, fp
 812              	.LVL100:
 813              		.loc 1 639 16 view .LVU175
 814 0066 EAE7     		b	.L41
 815              	.LVL101:
 816              	.L46:
 817              		.loc 1 639 16 view .LVU176
 818              	.LBE6:
 618:Core/Src/oled_display.c ****     int dy = -abs(y1 - y0);
 819              		.loc 1 618 26 discriminator 2 view .LVU177
 820 0068 4FF0FF33 		mov	r3, #-1
 821              	.LVL102:
 618:Core/Src/oled_display.c ****     int dy = -abs(y1 - y0);
 822              		.loc 1 618 26 discriminator 2 view .LVU178
 823 006c 0093     		str	r3, [sp]
 824 006e D6E7     		b	.L39
 825              	.LVL103:
 826              	.L47:
 620:Core/Src/oled_display.c ****     int err = dx + dy;  // error value
 827              		.loc 1 620 26 discriminator 2 view .LVU179
 828 0070 4FF0FF3B 		mov	fp, #-1
 829 0074 E1E7     		b	.L40
 830              	.LVL104:
 831              	.L49:
 832              	.LBB7:
 627:Core/Src/oled_display.c ****             break;
 833              		.loc 1 627 22 discriminator 1 view .LVU180
 834 0076 019B     		ldr	r3, [sp, #4]
ARM GAS  C:\Users\bku598\AppData\Local\Temp\ccny8rTm.s 			page 27


 835 0078 9E42     		cmp	r6, r3
 836 007a E8D1     		bne	.L42
 837              	.LBE7:
 640:Core/Src/oled_display.c ****         }
 641:Core/Src/oled_display.c ****     }
 642:Core/Src/oled_display.c **** }
 838              		.loc 1 642 1 view .LVU181
 839 007c 03B0     		add	sp, sp, #12
 840              	.LCFI17:
 841              		.cfi_def_cfa_offset 36
 842              	.LVL105:
 843              		.loc 1 642 1 view .LVU182
 844              		@ sp needed
 845 007e BDE8F08F 		pop	{r4, r5, r6, r7, r8, r9, r10, fp, pc}
 846              		.loc 1 642 1 view .LVU183
 847              		.cfi_endproc
 848              	.LFE1424:
 850              		.section	.text.DrawCircle,"ax",%progbits
 851              		.align	1
 852              		.global	DrawCircle
 853              		.syntax unified
 854              		.thumb
 855              		.thumb_func
 857              	DrawCircle:
 858              	.LVL106:
 859              	.LFB1425:
 643:Core/Src/oled_display.c **** 
 644:Core/Src/oled_display.c **** void DrawCircle(int x0, int y0, int radius, int color)
 645:Core/Src/oled_display.c **** {
 860              		.loc 1 645 1 is_stmt 1 view -0
 861              		.cfi_startproc
 862              		@ args = 0, pretend = 0, frame = 32
 863              		@ frame_needed = 0, uses_anonymous_args = 0
 864              		.loc 1 645 1 is_stmt 0 view .LVU185
 865 0000 2DE9F04F 		push	{r4, r5, r6, r7, r8, r9, r10, fp, lr}
 866              	.LCFI18:
 867              		.cfi_def_cfa_offset 36
 868              		.cfi_offset 4, -36
 869              		.cfi_offset 5, -32
 870              		.cfi_offset 6, -28
 871              		.cfi_offset 7, -24
 872              		.cfi_offset 8, -20
 873              		.cfi_offset 9, -16
 874              		.cfi_offset 10, -12
 875              		.cfi_offset 11, -8
 876              		.cfi_offset 14, -4
 877 0004 89B0     		sub	sp, sp, #36
 878              	.LCFI19:
 879              		.cfi_def_cfa_offset 72
 880 0006 0590     		str	r0, [sp, #20]
 881 0008 0691     		str	r1, [sp, #24]
 882 000a 0292     		str	r2, [sp, #8]
 883 000c 0793     		str	r3, [sp, #28]
 646:Core/Src/oled_display.c ****     int x = radius;
 884              		.loc 1 646 5 is_stmt 1 view .LVU186
 885              	.LVL107:
 647:Core/Src/oled_display.c ****     int y = 0;
ARM GAS  C:\Users\bku598\AppData\Local\Temp\ccny8rTm.s 			page 28


 886              		.loc 1 647 5 view .LVU187
 648:Core/Src/oled_display.c ****     int err = 0;
 887              		.loc 1 648 5 view .LVU188
 649:Core/Src/oled_display.c **** 
 650:Core/Src/oled_display.c ****     while (x >= y)
 888              		.loc 1 650 5 view .LVU189
 648:Core/Src/oled_display.c ****     int err = 0;
 889              		.loc 1 648 9 is_stmt 0 view .LVU190
 890 000e 4FF00008 		mov	r8, #0
 647:Core/Src/oled_display.c ****     int err = 0;
 891              		.loc 1 647 9 view .LVU191
 892 0012 CDF80480 		str	r8, [sp, #4]
 893              		.loc 1 650 11 view .LVU192
 894 0016 06E0     		b	.L51
 895              	.LVL108:
 896              	.L52:
 651:Core/Src/oled_display.c ****     {
 652:Core/Src/oled_display.c ****         Oled_DrawPixel(x0 + x, y0 + y, color);
 653:Core/Src/oled_display.c ****         Oled_DrawPixel(x0 + y, y0 + x, color);
 654:Core/Src/oled_display.c ****         Oled_DrawPixel(x0 - y, y0 + x, color);
 655:Core/Src/oled_display.c ****         Oled_DrawPixel(x0 - x, y0 + y, color);
 656:Core/Src/oled_display.c ****         Oled_DrawPixel(x0 - x, y0 - y, color);
 657:Core/Src/oled_display.c ****         Oled_DrawPixel(x0 - y, y0 - x, color);
 658:Core/Src/oled_display.c ****         Oled_DrawPixel(x0 + y, y0 - x, color);
 659:Core/Src/oled_display.c ****         Oled_DrawPixel(x0 + x, y0 - y, color);
 660:Core/Src/oled_display.c **** 
 661:Core/Src/oled_display.c ****         y += 1;
 662:Core/Src/oled_display.c ****         if (err <= 0)
 663:Core/Src/oled_display.c ****         {
 664:Core/Src/oled_display.c ****             err += 2 * y + 1;
 665:Core/Src/oled_display.c ****         }
 666:Core/Src/oled_display.c ****         if (err > 0)
 667:Core/Src/oled_display.c ****         {
 668:Core/Src/oled_display.c ****             x -= 1;
 897              		.loc 1 668 13 is_stmt 1 view .LVU193
 898              		.loc 1 668 15 is_stmt 0 view .LVU194
 899 0018 029B     		ldr	r3, [sp, #8]
 900 001a 013B     		subs	r3, r3, #1
 901 001c 0293     		str	r3, [sp, #8]
 902              	.LVL109:
 669:Core/Src/oled_display.c ****             err -= 2 * x + 1;
 903              		.loc 1 669 13 is_stmt 1 view .LVU195
 904              		.loc 1 669 22 is_stmt 0 view .LVU196
 905 001e 5B00     		lsls	r3, r3, #1
 906              	.LVL110:
 907              		.loc 1 669 26 view .LVU197
 908 0020 0133     		adds	r3, r3, #1
 909              		.loc 1 669 17 view .LVU198
 910 0022 A8EB0308 		sub	r8, r8, r3
 911              	.LVL111:
 912              	.L51:
 650:Core/Src/oled_display.c ****     {
 913              		.loc 1 650 14 is_stmt 1 view .LVU199
 914 0026 029B     		ldr	r3, [sp, #8]
 915 0028 019A     		ldr	r2, [sp, #4]
 916 002a 9342     		cmp	r3, r2
 917 002c 59DB     		blt	.L56
ARM GAS  C:\Users\bku598\AppData\Local\Temp\ccny8rTm.s 			page 29


 652:Core/Src/oled_display.c ****         Oled_DrawPixel(x0 + y, y0 + x, color);
 918              		.loc 1 652 9 view .LVU200
 652:Core/Src/oled_display.c ****         Oled_DrawPixel(x0 + y, y0 + x, color);
 919              		.loc 1 652 27 is_stmt 0 view .LVU201
 920 002e BDF81440 		ldrh	r4, [sp, #20]
 921 0032 BDF80890 		ldrh	r9, [sp, #8]
 922 0036 04EB0903 		add	r3, r4, r9
 652:Core/Src/oled_display.c ****         Oled_DrawPixel(x0 + y, y0 + x, color);
 923              		.loc 1 652 9 view .LVU202
 924 003a 18B2     		sxth	r0, r3
 652:Core/Src/oled_display.c ****         Oled_DrawPixel(x0 + y, y0 + x, color);
 925              		.loc 1 652 35 view .LVU203
 926 003c BDF81830 		ldrh	r3, [sp, #24]
 927 0040 BDF80450 		ldrh	r5, [sp, #4]
 928 0044 1F46     		mov	r7, r3
 929 0046 03EB050A 		add	r10, r3, r5
 652:Core/Src/oled_display.c ****         Oled_DrawPixel(x0 + y, y0 + x, color);
 930              		.loc 1 652 9 view .LVU204
 931 004a 0FFA8AFA 		sxth	r10, r10
 932 004e 9DF81C60 		ldrb	r6, [sp, #28]	@ zero_extendqisi2
 933 0052 3246     		mov	r2, r6
 934 0054 5146     		mov	r1, r10
 935 0056 0390     		str	r0, [sp, #12]
 936 0058 FFF7FEFF 		bl	Oled_DrawPixel
 937              	.LVL112:
 653:Core/Src/oled_display.c ****         Oled_DrawPixel(x0 - y, y0 + x, color);
 938              		.loc 1 653 9 is_stmt 1 view .LVU205
 653:Core/Src/oled_display.c ****         Oled_DrawPixel(x0 - y, y0 + x, color);
 939              		.loc 1 653 27 is_stmt 0 view .LVU206
 940 005c 6319     		adds	r3, r4, r5
 653:Core/Src/oled_display.c ****         Oled_DrawPixel(x0 - y, y0 + x, color);
 941              		.loc 1 653 9 view .LVU207
 942 005e 1BB2     		sxth	r3, r3
 653:Core/Src/oled_display.c ****         Oled_DrawPixel(x0 - y, y0 + x, color);
 943              		.loc 1 653 35 view .LVU208
 944 0060 09EB070B 		add	fp, r9, r7
 653:Core/Src/oled_display.c ****         Oled_DrawPixel(x0 - y, y0 + x, color);
 945              		.loc 1 653 9 view .LVU209
 946 0064 0FFA8BFB 		sxth	fp, fp
 947 0068 3246     		mov	r2, r6
 948 006a 5946     		mov	r1, fp
 949 006c 0493     		str	r3, [sp, #16]
 950 006e 1846     		mov	r0, r3
 951 0070 FFF7FEFF 		bl	Oled_DrawPixel
 952              	.LVL113:
 654:Core/Src/oled_display.c ****         Oled_DrawPixel(x0 - x, y0 + y, color);
 953              		.loc 1 654 9 is_stmt 1 view .LVU210
 654:Core/Src/oled_display.c ****         Oled_DrawPixel(x0 - x, y0 + y, color);
 954              		.loc 1 654 27 is_stmt 0 view .LVU211
 955 0074 631B     		subs	r3, r4, r5
 654:Core/Src/oled_display.c ****         Oled_DrawPixel(x0 - x, y0 + y, color);
 956              		.loc 1 654 9 view .LVU212
 957 0076 1AB2     		sxth	r2, r3
 958 0078 1346     		mov	r3, r2
 959 007a 3246     		mov	r2, r6
 960 007c 5946     		mov	r1, fp
 961 007e 9B46     		mov	fp, r3
ARM GAS  C:\Users\bku598\AppData\Local\Temp\ccny8rTm.s 			page 30


 962 0080 1846     		mov	r0, r3
 963 0082 FFF7FEFF 		bl	Oled_DrawPixel
 964              	.LVL114:
 655:Core/Src/oled_display.c ****         Oled_DrawPixel(x0 - x, y0 - y, color);
 965              		.loc 1 655 9 is_stmt 1 view .LVU213
 655:Core/Src/oled_display.c ****         Oled_DrawPixel(x0 - x, y0 - y, color);
 966              		.loc 1 655 27 is_stmt 0 view .LVU214
 967 0086 A4EB0904 		sub	r4, r4, r9
 655:Core/Src/oled_display.c ****         Oled_DrawPixel(x0 - x, y0 - y, color);
 968              		.loc 1 655 9 view .LVU215
 969 008a 24B2     		sxth	r4, r4
 970 008c 3246     		mov	r2, r6
 971 008e 5146     		mov	r1, r10
 972 0090 2046     		mov	r0, r4
 973 0092 FFF7FEFF 		bl	Oled_DrawPixel
 974              	.LVL115:
 656:Core/Src/oled_display.c ****         Oled_DrawPixel(x0 - y, y0 - x, color);
 975              		.loc 1 656 9 is_stmt 1 view .LVU216
 656:Core/Src/oled_display.c ****         Oled_DrawPixel(x0 - y, y0 - x, color);
 976              		.loc 1 656 35 is_stmt 0 view .LVU217
 977 0096 7D1B     		subs	r5, r7, r5
 656:Core/Src/oled_display.c ****         Oled_DrawPixel(x0 - y, y0 - x, color);
 978              		.loc 1 656 9 view .LVU218
 979 0098 2DB2     		sxth	r5, r5
 980 009a 3246     		mov	r2, r6
 981 009c 2946     		mov	r1, r5
 982 009e 2046     		mov	r0, r4
 983 00a0 FFF7FEFF 		bl	Oled_DrawPixel
 984              	.LVL116:
 657:Core/Src/oled_display.c ****         Oled_DrawPixel(x0 + y, y0 - x, color);
 985              		.loc 1 657 9 is_stmt 1 view .LVU219
 657:Core/Src/oled_display.c ****         Oled_DrawPixel(x0 + y, y0 - x, color);
 986              		.loc 1 657 35 is_stmt 0 view .LVU220
 987 00a4 A7EB0904 		sub	r4, r7, r9
 657:Core/Src/oled_display.c ****         Oled_DrawPixel(x0 + y, y0 - x, color);
 988              		.loc 1 657 9 view .LVU221
 989 00a8 24B2     		sxth	r4, r4
 990 00aa 3246     		mov	r2, r6
 991 00ac 2146     		mov	r1, r4
 992 00ae 5846     		mov	r0, fp
 993 00b0 FFF7FEFF 		bl	Oled_DrawPixel
 994              	.LVL117:
 658:Core/Src/oled_display.c ****         Oled_DrawPixel(x0 + x, y0 - y, color);
 995              		.loc 1 658 9 is_stmt 1 view .LVU222
 996 00b4 3246     		mov	r2, r6
 997 00b6 2146     		mov	r1, r4
 998 00b8 0498     		ldr	r0, [sp, #16]
 999 00ba FFF7FEFF 		bl	Oled_DrawPixel
 1000              	.LVL118:
 659:Core/Src/oled_display.c **** 
 1001              		.loc 1 659 9 view .LVU223
 1002 00be 3246     		mov	r2, r6
 1003 00c0 2946     		mov	r1, r5
 1004 00c2 0398     		ldr	r0, [sp, #12]
 1005 00c4 FFF7FEFF 		bl	Oled_DrawPixel
 1006              	.LVL119:
 661:Core/Src/oled_display.c ****         if (err <= 0)
ARM GAS  C:\Users\bku598\AppData\Local\Temp\ccny8rTm.s 			page 31


 1007              		.loc 1 661 9 view .LVU224
 661:Core/Src/oled_display.c ****         if (err <= 0)
 1008              		.loc 1 661 11 is_stmt 0 view .LVU225
 1009 00c8 019B     		ldr	r3, [sp, #4]
 1010 00ca 0133     		adds	r3, r3, #1
 1011 00cc 0193     		str	r3, [sp, #4]
 1012              	.LVL120:
 662:Core/Src/oled_display.c ****         {
 1013              		.loc 1 662 9 is_stmt 1 view .LVU226
 662:Core/Src/oled_display.c ****         {
 1014              		.loc 1 662 12 is_stmt 0 view .LVU227
 1015 00ce B8F1000F 		cmp	r8, #0
 1016 00d2 A1DC     		bgt	.L52
 664:Core/Src/oled_display.c ****         }
 1017              		.loc 1 664 13 is_stmt 1 view .LVU228
 664:Core/Src/oled_display.c ****         }
 1018              		.loc 1 664 22 is_stmt 0 view .LVU229
 1019 00d4 5B00     		lsls	r3, r3, #1
 1020              	.LVL121:
 664:Core/Src/oled_display.c ****         }
 1021              		.loc 1 664 26 view .LVU230
 1022 00d6 0133     		adds	r3, r3, #1
 664:Core/Src/oled_display.c ****         }
 1023              		.loc 1 664 17 view .LVU231
 1024 00d8 9844     		add	r8, r8, r3
 1025              	.LVL122:
 666:Core/Src/oled_display.c ****         {
 1026              		.loc 1 666 9 is_stmt 1 view .LVU232
 666:Core/Src/oled_display.c ****         {
 1027              		.loc 1 666 12 is_stmt 0 view .LVU233
 1028 00da B8F1000F 		cmp	r8, #0
 1029 00de 9BDC     		bgt	.L52
 1030 00e0 A1E7     		b	.L51
 1031              	.LVL123:
 1032              	.L56:
 670:Core/Src/oled_display.c ****         }
 671:Core/Src/oled_display.c ****     }
 672:Core/Src/oled_display.c **** }
 1033              		.loc 1 672 1 view .LVU234
 1034 00e2 09B0     		add	sp, sp, #36
 1035              	.LCFI20:
 1036              		.cfi_def_cfa_offset 36
 1037              		@ sp needed
 1038 00e4 BDE8F08F 		pop	{r4, r5, r6, r7, r8, r9, r10, fp, pc}
 1039              		.loc 1 672 1 view .LVU235
 1040              		.cfi_endproc
 1041              	.LFE1425:
 1043              		.section	.text.Oled_Draw1BitImage,"ax",%progbits
 1044              		.align	1
 1045              		.global	Oled_Draw1BitImage
 1046              		.syntax unified
 1047              		.thumb
 1048              		.thumb_func
 1050              	Oled_Draw1BitImage:
 1051              	.LVL124:
 1052              	.LFB1426:
 673:Core/Src/oled_display.c **** 
ARM GAS  C:\Users\bku598\AppData\Local\Temp\ccny8rTm.s 			page 32


 674:Core/Src/oled_display.c **** void Oled_Draw1BitImage(int x0, int y0, const uint8_t *img, uint8_t w, uint8_t h, uint8_t color)
 675:Core/Src/oled_display.c **** {
 1053              		.loc 1 675 1 is_stmt 1 view -0
 1054              		.cfi_startproc
 1055              		@ args = 8, pretend = 0, frame = 8
 1056              		@ frame_needed = 0, uses_anonymous_args = 0
 1057              		.loc 1 675 1 is_stmt 0 view .LVU237
 1058 0000 2DE9F04F 		push	{r4, r5, r6, r7, r8, r9, r10, fp, lr}
 1059              	.LCFI21:
 1060              		.cfi_def_cfa_offset 36
 1061              		.cfi_offset 4, -36
 1062              		.cfi_offset 5, -32
 1063              		.cfi_offset 6, -28
 1064              		.cfi_offset 7, -24
 1065              		.cfi_offset 8, -20
 1066              		.cfi_offset 9, -16
 1067              		.cfi_offset 10, -12
 1068              		.cfi_offset 11, -8
 1069              		.cfi_offset 14, -4
 1070 0004 83B0     		sub	sp, sp, #12
 1071              	.LCFI22:
 1072              		.cfi_def_cfa_offset 48
 1073 0006 8246     		mov	r10, r0
 1074 0008 8946     		mov	r9, r1
 1075 000a 9046     		mov	r8, r2
 1076 000c 1E46     		mov	r6, r3
 1077 000e 9DF83030 		ldrb	r3, [sp, #48]	@ zero_extendqisi2
 1078              	.LVL125:
 1079              		.loc 1 675 1 view .LVU238
 1080 0012 0193     		str	r3, [sp, #4]
 1081 0014 9DF834B0 		ldrb	fp, [sp, #52]	@ zero_extendqisi2
 676:Core/Src/oled_display.c ****     uint8_t byteWidth = (w + 7) / 8; // antal byte per rad
 1082              		.loc 1 676 5 is_stmt 1 view .LVU239
 1083              		.loc 1 676 33 is_stmt 0 view .LVU240
 1084 0018 F71D     		adds	r7, r6, #7
 1085 001a FF10     		asrs	r7, r7, #3
 1086              	.LVL126:
 677:Core/Src/oled_display.c **** 
 678:Core/Src/oled_display.c ****     for(uint8_t y = 0; y < h; y++)
 1087              		.loc 1 678 5 is_stmt 1 view .LVU241
 1088              	.LBB8:
 1089              		.loc 1 678 9 view .LVU242
 1090              		.loc 1 678 17 is_stmt 0 view .LVU243
 1091 001c 0025     		movs	r5, #0
 1092              		.loc 1 678 5 view .LVU244
 1093 001e 1AE0     		b	.L59
 1094              	.LVL127:
 1095              	.L60:
 1096              	.LBB9:
 679:Core/Src/oled_display.c ****     {
 680:Core/Src/oled_display.c ****         for(uint8_t x = 0; x < w; x++)
 1097              		.loc 1 680 36 is_stmt 1 discriminator 2 view .LVU245
 1098 0020 0134     		adds	r4, r4, #1
 1099              	.LVL128:
 1100              		.loc 1 680 36 is_stmt 0 discriminator 2 view .LVU246
 1101 0022 E4B2     		uxtb	r4, r4
 1102              	.LVL129:
ARM GAS  C:\Users\bku598\AppData\Local\Temp\ccny8rTm.s 			page 33


 1103              	.L62:
 1104              		.loc 1 680 30 is_stmt 1 discriminator 1 view .LVU247
 1105 0024 B442     		cmp	r4, r6
 1106 0026 14D2     		bcs	.L65
 681:Core/Src/oled_display.c ****         {
 682:Core/Src/oled_display.c ****             if(img[y * byteWidth + x / 8] & (128 >> (x % 8)))
 1107              		.loc 1 682 13 view .LVU248
 1108              		.loc 1 682 38 is_stmt 0 view .LVU249
 1109 0028 E308     		lsrs	r3, r4, #3
 1110              		.loc 1 682 34 view .LVU250
 1111 002a 07FB0533 		mla	r3, r7, r5, r3
 1112              		.loc 1 682 19 view .LVU251
 1113 002e 18F80320 		ldrb	r2, [r8, r3]	@ zero_extendqisi2
 1114              		.loc 1 682 56 view .LVU252
 1115 0032 04F00701 		and	r1, r4, #7
 1116              		.loc 1 682 50 view .LVU253
 1117 0036 8023     		movs	r3, #128
 1118 0038 0B41     		asrs	r3, r3, r1
 1119              		.loc 1 682 15 view .LVU254
 1120 003a 1A42     		tst	r2, r3
 1121 003c F0D0     		beq	.L60
 683:Core/Src/oled_display.c ****             {
 684:Core/Src/oled_display.c ****                 Oled_DrawPixel(x0 + x, y0 + y, color); //Tänd
 1122              		.loc 1 684 17 is_stmt 1 view .LVU255
 1123              		.loc 1 684 35 is_stmt 0 view .LVU256
 1124 003e 04EB0A00 		add	r0, r4, r10
 1125              		.loc 1 684 43 view .LVU257
 1126 0042 05EB0901 		add	r1, r5, r9
 1127              		.loc 1 684 17 view .LVU258
 1128 0046 5A46     		mov	r2, fp
 1129 0048 09B2     		sxth	r1, r1
 1130 004a 00B2     		sxth	r0, r0
 1131 004c FFF7FEFF 		bl	Oled_DrawPixel
 1132              	.LVL130:
 1133 0050 E6E7     		b	.L60
 1134              	.L65:
 1135              		.loc 1 684 17 view .LVU259
 1136              	.LBE9:
 678:Core/Src/oled_display.c ****     {
 1137              		.loc 1 678 32 is_stmt 1 discriminator 2 view .LVU260
 1138 0052 0135     		adds	r5, r5, #1
 1139              	.LVL131:
 678:Core/Src/oled_display.c ****     {
 1140              		.loc 1 678 32 is_stmt 0 discriminator 2 view .LVU261
 1141 0054 EDB2     		uxtb	r5, r5
 1142              	.LVL132:
 1143              	.L59:
 678:Core/Src/oled_display.c ****     {
 1144              		.loc 1 678 26 is_stmt 1 discriminator 1 view .LVU262
 1145 0056 019B     		ldr	r3, [sp, #4]
 1146 0058 9D42     		cmp	r5, r3
 1147 005a 01D2     		bcs	.L66
 1148              	.LBB10:
 680:Core/Src/oled_display.c ****         {
 1149              		.loc 1 680 21 is_stmt 0 view .LVU263
 1150 005c 0024     		movs	r4, #0
 1151 005e E1E7     		b	.L62
ARM GAS  C:\Users\bku598\AppData\Local\Temp\ccny8rTm.s 			page 34


 1152              	.L66:
 1153              	.LBE10:
 1154              	.LBE8:
 685:Core/Src/oled_display.c ****             }
 686:Core/Src/oled_display.c ****         }
 687:Core/Src/oled_display.c ****     }
 688:Core/Src/oled_display.c **** }
 1155              		.loc 1 688 1 view .LVU264
 1156 0060 03B0     		add	sp, sp, #12
 1157              	.LCFI23:
 1158              		.cfi_def_cfa_offset 36
 1159              		@ sp needed
 1160 0062 BDE8F08F 		pop	{r4, r5, r6, r7, r8, r9, r10, fp, pc}
 1161              		.loc 1 688 1 view .LVU265
 1162              		.cfi_endproc
 1163              	.LFE1426:
 1165              		.section	.text.Oled_drawDigit,"ax",%progbits
 1166              		.align	1
 1167              		.global	Oled_drawDigit
 1168              		.syntax unified
 1169              		.thumb
 1170              		.thumb_func
 1172              	Oled_drawDigit:
 1173              	.LVL133:
 1174              	.LFB1427:
 689:Core/Src/oled_display.c **** 
 690:Core/Src/oled_display.c **** void Oled_drawDigit(int x, int y, uint8_t digit, uint8_t color)
 691:Core/Src/oled_display.c **** {
 1175              		.loc 1 691 1 is_stmt 1 view -0
 1176              		.cfi_startproc
 1177              		@ args = 0, pretend = 0, frame = 0
 1178              		@ frame_needed = 0, uses_anonymous_args = 0
 692:Core/Src/oled_display.c ****     if(digit > 99) return;
 1179              		.loc 1 692 5 view .LVU267
 1180              		.loc 1 692 7 is_stmt 0 view .LVU268
 1181 0000 632A     		cmp	r2, #99
 1182 0002 00D9     		bls	.L73
 1183 0004 7047     		bx	lr
 1184              	.L73:
 691:Core/Src/oled_display.c ****     if(digit > 99) return;
 1185              		.loc 1 691 1 view .LVU269
 1186 0006 2DE9F047 		push	{r4, r5, r6, r7, r8, r9, r10, lr}
 1187              	.LCFI24:
 1188              		.cfi_def_cfa_offset 32
 1189              		.cfi_offset 4, -32
 1190              		.cfi_offset 5, -28
 1191              		.cfi_offset 6, -24
 1192              		.cfi_offset 7, -20
 1193              		.cfi_offset 8, -16
 1194              		.cfi_offset 9, -12
 1195              		.cfi_offset 10, -8
 1196              		.cfi_offset 14, -4
 1197 000a 82B0     		sub	sp, sp, #8
 1198              	.LCFI25:
 1199              		.cfi_def_cfa_offset 40
 1200 000c 0546     		mov	r5, r0
 1201 000e 0E46     		mov	r6, r1
ARM GAS  C:\Users\bku598\AppData\Local\Temp\ccny8rTm.s 			page 35


 1202 0010 1F46     		mov	r7, r3
 693:Core/Src/oled_display.c **** 
 694:Core/Src/oled_display.c ****     uint8_t tens = digit / 10;
 1203              		.loc 1 694 5 is_stmt 1 view .LVU270
 1204              		.loc 1 694 13 is_stmt 0 view .LVU271
 1205 0012 174B     		ldr	r3, .L74
 1206              	.LVL134:
 1207              		.loc 1 694 13 view .LVU272
 1208 0014 A3FB0238 		umull	r3, r8, r3, r2
 1209 0018 4FEAD803 		lsr	r3, r8, #3
 1210 001c 9846     		mov	r8, r3
 1211              	.LVL135:
 695:Core/Src/oled_display.c ****     uint8_t ones = digit % 10;
 1212              		.loc 1 695 5 is_stmt 1 view .LVU273
 1213              		.loc 1 695 13 is_stmt 0 view .LVU274
 1214 001e 03EB8303 		add	r3, r3, r3, lsl #2
 1215              	.LVL136:
 1216              		.loc 1 695 13 view .LVU275
 1217 0022 A2EB4302 		sub	r2, r2, r3, lsl #1
 1218              	.LVL137:
 1219              		.loc 1 695 13 view .LVU276
 1220 0026 D4B2     		uxtb	r4, r2
 1221              	.LVL138:
 696:Core/Src/oled_display.c **** 
 697:Core/Src/oled_display.c ****     DrawSquare(x, y, x + DIGIT_W*2 - 1, y + DIGIT_H - 1, 0x00);
 1222              		.loc 1 697 5 is_stmt 1 view .LVU277
 1223 0028 0023     		movs	r3, #0
 1224 002a 0093     		str	r3, [sp]
 1225 002c 01F11303 		add	r3, r1, #19
 1226 0030 00F11702 		add	r2, r0, #23
 1227 0034 FFF7FEFF 		bl	DrawSquare
 1228              	.LVL139:
 698:Core/Src/oled_display.c **** 
 699:Core/Src/oled_display.c ****     Oled_Draw1BitImage(x, y, digits[tens], DIGIT_W, DIGIT_H, color);
 1229              		.loc 1 699 5 view .LVU278
 1230 0038 DFF83890 		ldr	r9, .L74+4
 1231 003c 0197     		str	r7, [sp, #4]
 1232 003e 4FF0140A 		mov	r10, #20
 1233 0042 CDF800A0 		str	r10, [sp]
 1234 0046 0C23     		movs	r3, #12
 1235 0048 59F82820 		ldr	r2, [r9, r8, lsl #2]
 1236 004c 3146     		mov	r1, r6
 1237 004e 2846     		mov	r0, r5
 1238 0050 FFF7FEFF 		bl	Oled_Draw1BitImage
 1239              	.LVL140:
 700:Core/Src/oled_display.c ****     Oled_Draw1BitImage(x + 10, y, digits[ones], DIGIT_W, DIGIT_H, color);
 1240              		.loc 1 700 5 view .LVU279
 1241 0054 0197     		str	r7, [sp, #4]
 1242 0056 CDF800A0 		str	r10, [sp]
 1243 005a 0C23     		movs	r3, #12
 1244 005c 59F82420 		ldr	r2, [r9, r4, lsl #2]
 1245 0060 3146     		mov	r1, r6
 1246 0062 05F10A00 		add	r0, r5, #10
 1247 0066 FFF7FEFF 		bl	Oled_Draw1BitImage
 1248              	.LVL141:
 701:Core/Src/oled_display.c **** }
 1249              		.loc 1 701 1 is_stmt 0 view .LVU280
ARM GAS  C:\Users\bku598\AppData\Local\Temp\ccny8rTm.s 			page 36


 1250 006a 02B0     		add	sp, sp, #8
 1251              	.LCFI26:
 1252              		.cfi_def_cfa_offset 32
 1253              		@ sp needed
 1254 006c BDE8F087 		pop	{r4, r5, r6, r7, r8, r9, r10, pc}
 1255              	.LVL142:
 1256              	.L75:
 1257              		.loc 1 701 1 view .LVU281
 1258              		.align	2
 1259              	.L74:
 1260 0070 CDCCCCCC 		.word	-858993459
 1261 0074 00000000 		.word	digits
 1262              		.cfi_endproc
 1263              	.LFE1427:
 1265              		.section	.text.UpdateClockDisplay,"ax",%progbits
 1266              		.align	1
 1267              		.global	UpdateClockDisplay
 1268              		.syntax unified
 1269              		.thumb
 1270              		.thumb_func
 1272              	UpdateClockDisplay:
 1273              	.LFB1428:
 702:Core/Src/oled_display.c **** 
 703:Core/Src/oled_display.c **** void UpdateClockDisplay(void)
 704:Core/Src/oled_display.c **** {
 1274              		.loc 1 704 1 is_stmt 1 view -0
 1275              		.cfi_startproc
 1276              		@ args = 0, pretend = 0, frame = 0
 1277              		@ frame_needed = 0, uses_anonymous_args = 0
 1278 0000 10B5     		push	{r4, lr}
 1279              	.LCFI27:
 1280              		.cfi_def_cfa_offset 8
 1281              		.cfi_offset 4, -8
 1282              		.cfi_offset 14, -4
 1283 0002 82B0     		sub	sp, sp, #8
 1284              	.LCFI28:
 1285              		.cfi_def_cfa_offset 16
 705:Core/Src/oled_display.c ****     Oled_drawDigit(0, 100, (myGpsData.hour + 1), 0x0F);
 1286              		.loc 1 705 5 view .LVU283
 1287              		.loc 1 705 38 is_stmt 0 view .LVU284
 1288 0004 0E4C     		ldr	r4, .L78
 1289 0006 227B     		ldrb	r2, [r4, #12]	@ zero_extendqisi2
 1290              		.loc 1 705 5 view .LVU285
 1291 0008 0132     		adds	r2, r2, #1
 1292 000a 0F23     		movs	r3, #15
 1293 000c D2B2     		uxtb	r2, r2
 1294 000e 6421     		movs	r1, #100
 1295 0010 0020     		movs	r0, #0
 1296 0012 FFF7FEFF 		bl	Oled_drawDigit
 1297              	.LVL143:
 706:Core/Src/oled_display.c ****     //Oled_drawColon(36, 108, 0x0F);
 707:Core/Src/oled_display.c ****     Oled_drawDigit(45, 100, myGpsData.minute, 0x0F);
 1298              		.loc 1 707 5 is_stmt 1 view .LVU286
 1299 0016 0F23     		movs	r3, #15
 1300 0018 627B     		ldrb	r2, [r4, #13]	@ zero_extendqisi2
 1301 001a 6421     		movs	r1, #100
 1302 001c 2D20     		movs	r0, #45
ARM GAS  C:\Users\bku598\AppData\Local\Temp\ccny8rTm.s 			page 37


 1303 001e FFF7FEFF 		bl	Oled_drawDigit
 1304              	.LVL144:
 708:Core/Src/oled_display.c ****     //Oled_drawColon(88, 108, 0x0F);
 709:Core/Src/oled_display.c ****     Oled_drawDigit(90, 100, myGpsData.second, 0x0F);
 1305              		.loc 1 709 5 view .LVU287
 1306 0022 0F23     		movs	r3, #15
 1307 0024 A27B     		ldrb	r2, [r4, #14]	@ zero_extendqisi2
 1308 0026 6421     		movs	r1, #100
 1309 0028 5A20     		movs	r0, #90
 1310 002a FFF7FEFF 		bl	Oled_drawDigit
 1311              	.LVL145:
 710:Core/Src/oled_display.c **** 
 711:Core/Src/oled_display.c ****     SSD1327_UpdateArea(0, 100, 127, 127, NULL);
 1312              		.loc 1 711 5 view .LVU288
 1313 002e 0020     		movs	r0, #0
 1314 0030 0090     		str	r0, [sp]
 1315 0032 7F23     		movs	r3, #127
 1316 0034 1A46     		mov	r2, r3
 1317 0036 6421     		movs	r1, #100
 1318 0038 FFF7FEFF 		bl	SSD1327_UpdateArea
 1319              	.LVL146:
 712:Core/Src/oled_display.c **** }
 1320              		.loc 1 712 1 is_stmt 0 view .LVU289
 1321 003c 02B0     		add	sp, sp, #8
 1322              	.LCFI29:
 1323              		.cfi_def_cfa_offset 8
 1324              		@ sp needed
 1325 003e 10BD     		pop	{r4, pc}
 1326              	.L79:
 1327              		.align	2
 1328              	.L78:
 1329 0040 00000000 		.word	myGpsData
 1330              		.cfi_endproc
 1331              	.LFE1428:
 1333              		.section	.text.Oled_drawColon,"ax",%progbits
 1334              		.align	1
 1335              		.global	Oled_drawColon
 1336              		.syntax unified
 1337              		.thumb
 1338              		.thumb_func
 1340              	Oled_drawColon:
 1341              	.LVL147:
 1342              	.LFB1429:
 713:Core/Src/oled_display.c **** 
 714:Core/Src/oled_display.c **** void Oled_drawColon(int x, int y, uint8_t color)
 715:Core/Src/oled_display.c **** {
 1343              		.loc 1 715 1 is_stmt 1 view -0
 1344              		.cfi_startproc
 1345              		@ args = 0, pretend = 0, frame = 0
 1346              		@ frame_needed = 0, uses_anonymous_args = 0
 1347              		.loc 1 715 1 is_stmt 0 view .LVU291
 1348 0000 70B5     		push	{r4, r5, r6, lr}
 1349              	.LCFI30:
 1350              		.cfi_def_cfa_offset 16
 1351              		.cfi_offset 4, -16
 1352              		.cfi_offset 5, -12
 1353              		.cfi_offset 6, -8
ARM GAS  C:\Users\bku598\AppData\Local\Temp\ccny8rTm.s 			page 38


 1354              		.cfi_offset 14, -4
 1355 0002 1646     		mov	r6, r2
 716:Core/Src/oled_display.c ****     Oled_DrawPixel(x, y+7, color);
 1356              		.loc 1 716 5 is_stmt 1 view .LVU292
 1357 0004 05B2     		sxth	r5, r0
 1358              		.loc 1 716 24 is_stmt 0 view .LVU293
 1359 0006 8CB2     		uxth	r4, r1
 1360 0008 E11D     		adds	r1, r4, #7
 1361              	.LVL148:
 1362              		.loc 1 716 5 view .LVU294
 1363 000a 09B2     		sxth	r1, r1
 1364 000c 2846     		mov	r0, r5
 1365              	.LVL149:
 1366              		.loc 1 716 5 view .LVU295
 1367 000e FFF7FEFF 		bl	Oled_DrawPixel
 1368              	.LVL150:
 717:Core/Src/oled_display.c ****     Oled_DrawPixel(x, y+11, color);
 1369              		.loc 1 717 5 is_stmt 1 view .LVU296
 1370              		.loc 1 717 24 is_stmt 0 view .LVU297
 1371 0012 04F10B01 		add	r1, r4, #11
 1372              		.loc 1 717 5 view .LVU298
 1373 0016 3246     		mov	r2, r6
 1374 0018 09B2     		sxth	r1, r1
 1375 001a 2846     		mov	r0, r5
 1376 001c FFF7FEFF 		bl	Oled_DrawPixel
 1377              	.LVL151:
 718:Core/Src/oled_display.c **** }
 1378              		.loc 1 718 1 view .LVU299
 1379 0020 70BD     		pop	{r4, r5, r6, pc}
 1380              		.loc 1 718 1 view .LVU300
 1381              		.cfi_endproc
 1382              	.LFE1429:
 1384              		.section	.text.Oled_introScreen,"ax",%progbits
 1385              		.align	1
 1386              		.global	Oled_introScreen
 1387              		.syntax unified
 1388              		.thumb
 1389              		.thumb_func
 1391              	Oled_introScreen:
 1392              	.LFB1430:
 719:Core/Src/oled_display.c **** 
 720:Core/Src/oled_display.c **** void Oled_introScreen(void)
 721:Core/Src/oled_display.c **** {
 1393              		.loc 1 721 1 is_stmt 1 view -0
 1394              		.cfi_startproc
 1395              		@ args = 0, pretend = 0, frame = 0
 1396              		@ frame_needed = 0, uses_anonymous_args = 0
 1397 0000 70B5     		push	{r4, r5, r6, lr}
 1398              	.LCFI31:
 1399              		.cfi_def_cfa_offset 16
 1400              		.cfi_offset 4, -16
 1401              		.cfi_offset 5, -12
 1402              		.cfi_offset 6, -8
 1403              		.cfi_offset 14, -4
 1404 0002 82B0     		sub	sp, sp, #8
 1405              	.LCFI32:
 1406              		.cfi_def_cfa_offset 24
ARM GAS  C:\Users\bku598\AppData\Local\Temp\ccny8rTm.s 			page 39


 722:Core/Src/oled_display.c ****     Oled_Clear(0x00);
 1407              		.loc 1 722 5 view .LVU302
 1408 0004 0020     		movs	r0, #0
 1409 0006 FFF7FEFF 		bl	Oled_Clear
 1410              	.LVL152:
 723:Core/Src/oled_display.c **** 
 724:Core/Src/oled_display.c ****     Oled_Draw1BitImage(0,0, Afry_logo, 128, 128, 0x0F);
 1411              		.loc 1 724 5 view .LVU303
 1412 000a 0F24     		movs	r4, #15
 1413 000c 0194     		str	r4, [sp, #4]
 1414 000e 8025     		movs	r5, #128
 1415 0010 0095     		str	r5, [sp]
 1416 0012 2B46     		mov	r3, r5
 1417 0014 1E4A     		ldr	r2, .L84
 1418 0016 0021     		movs	r1, #0
 1419 0018 0846     		mov	r0, r1
 1420 001a FFF7FEFF 		bl	Oled_Draw1BitImage
 1421              	.LVL153:
 725:Core/Src/oled_display.c ****     Oled_Update();
 1422              		.loc 1 725 5 view .LVU304
 1423 001e FFF7FEFF 		bl	Oled_Update
 1424              	.LVL154:
 726:Core/Src/oled_display.c ****     HAL_Delay(1000);
 1425              		.loc 1 726 5 view .LVU305
 1426 0022 4FF47A70 		mov	r0, #1000
 1427 0026 FFF7FEFF 		bl	HAL_Delay
 1428              	.LVL155:
 727:Core/Src/oled_display.c ****     Oled_Clear(0x00);
 1429              		.loc 1 727 5 view .LVU306
 1430 002a 0020     		movs	r0, #0
 1431 002c FFF7FEFF 		bl	Oled_Clear
 1432              	.LVL156:
 728:Core/Src/oled_display.c ****     Oled_Draw1BitImage(0,0, KG_logo, 128, 128, 0x0F);
 1433              		.loc 1 728 5 view .LVU307
 1434 0030 0194     		str	r4, [sp, #4]
 1435 0032 0095     		str	r5, [sp]
 1436 0034 2B46     		mov	r3, r5
 1437 0036 174A     		ldr	r2, .L84+4
 1438 0038 0021     		movs	r1, #0
 1439 003a 0846     		mov	r0, r1
 1440 003c FFF7FEFF 		bl	Oled_Draw1BitImage
 1441              	.LVL157:
 729:Core/Src/oled_display.c ****     Oled_Update();
 1442              		.loc 1 729 5 view .LVU308
 1443 0040 FFF7FEFF 		bl	Oled_Update
 1444              	.LVL158:
 730:Core/Src/oled_display.c ****     HAL_Delay(1000);
 1445              		.loc 1 730 5 view .LVU309
 1446 0044 4FF47A70 		mov	r0, #1000
 1447 0048 FFF7FEFF 		bl	HAL_Delay
 1448              	.LVL159:
 731:Core/Src/oled_display.c **** 
 732:Core/Src/oled_display.c ****     Oled_Clear(0x00);
 1449              		.loc 1 732 5 view .LVU310
 1450 004c 0020     		movs	r0, #0
 1451 004e FFF7FEFF 		bl	Oled_Clear
 1452              	.LVL160:
ARM GAS  C:\Users\bku598\AppData\Local\Temp\ccny8rTm.s 			page 40


 733:Core/Src/oled_display.c **** 
 734:Core/Src/oled_display.c ****     Oled_Draw1BitImage(107,0, icon_gps_20x20, ICON_GPS_W, ICON_GPS_H, 0x05);
 1453              		.loc 1 734 5 view .LVU311
 1454 0052 0526     		movs	r6, #5
 1455 0054 0196     		str	r6, [sp, #4]
 1456 0056 1425     		movs	r5, #20
 1457 0058 0095     		str	r5, [sp]
 1458 005a 2B46     		mov	r3, r5
 1459 005c 0E4A     		ldr	r2, .L84+8
 1460 005e 0021     		movs	r1, #0
 1461 0060 6B20     		movs	r0, #107
 1462 0062 FFF7FEFF 		bl	Oled_Draw1BitImage
 1463              	.LVL161:
 735:Core/Src/oled_display.c ****     Oled_Draw1BitImage(0,0, icon_bt_20x20, ICON_GPS_W, ICON_GPS_H, 0x05);
 1464              		.loc 1 735 5 view .LVU312
 1465 0066 0196     		str	r6, [sp, #4]
 1466 0068 0095     		str	r5, [sp]
 1467 006a 2B46     		mov	r3, r5
 1468 006c 0B4A     		ldr	r2, .L84+12
 1469 006e 0021     		movs	r1, #0
 1470 0070 0846     		mov	r0, r1
 1471 0072 FFF7FEFF 		bl	Oled_Draw1BitImage
 1472              	.LVL162:
 736:Core/Src/oled_display.c **** 
 737:Core/Src/oled_display.c ****     Oled_Draw1BitImage(0,100, numSV,75,15,0x0F);
 1473              		.loc 1 737 5 view .LVU313
 1474 0076 0194     		str	r4, [sp, #4]
 1475 0078 0094     		str	r4, [sp]
 1476 007a 4B23     		movs	r3, #75
 1477 007c 084A     		ldr	r2, .L84+16
 1478 007e 6421     		movs	r1, #100
 1479 0080 0020     		movs	r0, #0
 1480 0082 FFF7FEFF 		bl	Oled_Draw1BitImage
 1481              	.LVL163:
 738:Core/Src/oled_display.c **** 
 739:Core/Src/oled_display.c **** 
 740:Core/Src/oled_display.c ****     Oled_Update();
 1482              		.loc 1 740 5 view .LVU314
 1483 0086 FFF7FEFF 		bl	Oled_Update
 1484              	.LVL164:
 741:Core/Src/oled_display.c **** }
 1485              		.loc 1 741 1 is_stmt 0 view .LVU315
 1486 008a 02B0     		add	sp, sp, #8
 1487              	.LCFI33:
 1488              		.cfi_def_cfa_offset 16
 1489              		@ sp needed
 1490 008c 70BD     		pop	{r4, r5, r6, pc}
 1491              	.L85:
 1492 008e 00BF     		.align	2
 1493              	.L84:
 1494 0090 00000000 		.word	Afry_logo
 1495 0094 00000000 		.word	KG_logo
 1496 0098 00000000 		.word	icon_gps_20x20
 1497 009c 00000000 		.word	icon_bt_20x20
 1498 00a0 00000000 		.word	numSV
 1499              		.cfi_endproc
 1500              	.LFE1430:
ARM GAS  C:\Users\bku598\AppData\Local\Temp\ccny8rTm.s 			page 41


 1502              		.section	.text.mainMenu,"ax",%progbits
 1503              		.align	1
 1504              		.global	mainMenu
 1505              		.syntax unified
 1506              		.thumb
 1507              		.thumb_func
 1509              	mainMenu:
 1510              	.LFB1431:
 742:Core/Src/oled_display.c **** 
 743:Core/Src/oled_display.c **** void mainMenu(void)
 744:Core/Src/oled_display.c **** {
 1511              		.loc 1 744 1 is_stmt 1 view -0
 1512              		.cfi_startproc
 1513              		@ args = 0, pretend = 0, frame = 0
 1514              		@ frame_needed = 0, uses_anonymous_args = 0
 1515 0000 10B5     		push	{r4, lr}
 1516              	.LCFI34:
 1517              		.cfi_def_cfa_offset 8
 1518              		.cfi_offset 4, -8
 1519              		.cfi_offset 14, -4
 1520 0002 82B0     		sub	sp, sp, #8
 1521              	.LCFI35:
 1522              		.cfi_def_cfa_offset 16
 745:Core/Src/oled_display.c ****     Oled_Clear(0x00);
 1523              		.loc 1 745 5 view .LVU317
 1524 0004 0020     		movs	r0, #0
 1525 0006 FFF7FEFF 		bl	Oled_Clear
 1526              	.LVL165:
 746:Core/Src/oled_display.c ****     Oled_Draw1BitImage(20, 10, startMeasure, 100, 15, 0x0F);
 1527              		.loc 1 746 5 view .LVU318
 1528 000a 0F24     		movs	r4, #15
 1529 000c 0194     		str	r4, [sp, #4]
 1530 000e 0094     		str	r4, [sp]
 1531 0010 6423     		movs	r3, #100
 1532 0012 0D4A     		ldr	r2, .L88
 1533 0014 0A21     		movs	r1, #10
 1534 0016 1420     		movs	r0, #20
 1535 0018 FFF7FEFF 		bl	Oled_Draw1BitImage
 1536              	.LVL166:
 747:Core/Src/oled_display.c ****     Oled_Draw1BitImage(20, 30, sendData_Logo, 100, 15, 0x0F);
 1537              		.loc 1 747 5 view .LVU319
 1538 001c 0194     		str	r4, [sp, #4]
 1539 001e 0094     		str	r4, [sp]
 1540 0020 6423     		movs	r3, #100
 1541 0022 0A4A     		ldr	r2, .L88+4
 1542 0024 1E21     		movs	r1, #30
 1543 0026 1420     		movs	r0, #20
 1544 0028 FFF7FEFF 		bl	Oled_Draw1BitImage
 1545              	.LVL167:
 748:Core/Src/oled_display.c **** 
 749:Core/Src/oled_display.c ****     Oled_Draw1BitImage(110, 100, batFram, 15, 20, 0x08);
 1546              		.loc 1 749 5 view .LVU320
 1547 002c 0823     		movs	r3, #8
 1548 002e 0193     		str	r3, [sp, #4]
 1549 0030 1423     		movs	r3, #20
 1550 0032 0093     		str	r3, [sp]
 1551 0034 2346     		mov	r3, r4
ARM GAS  C:\Users\bku598\AppData\Local\Temp\ccny8rTm.s 			page 42


 1552 0036 064A     		ldr	r2, .L88+8
 1553 0038 6421     		movs	r1, #100
 1554 003a 6E20     		movs	r0, #110
 1555 003c FFF7FEFF 		bl	Oled_Draw1BitImage
 1556              	.LVL168:
 750:Core/Src/oled_display.c **** 
 751:Core/Src/oled_display.c ****     Oled_Update();
 1557              		.loc 1 751 5 view .LVU321
 1558 0040 FFF7FEFF 		bl	Oled_Update
 1559              	.LVL169:
 752:Core/Src/oled_display.c **** }
 1560              		.loc 1 752 1 is_stmt 0 view .LVU322
 1561 0044 02B0     		add	sp, sp, #8
 1562              	.LCFI36:
 1563              		.cfi_def_cfa_offset 8
 1564              		@ sp needed
 1565 0046 10BD     		pop	{r4, pc}
 1566              	.L89:
 1567              		.align	2
 1568              	.L88:
 1569 0048 00000000 		.word	startMeasure
 1570 004c 00000000 		.word	sendData_Logo
 1571 0050 00000000 		.word	batFram
 1572              		.cfi_endproc
 1573              	.LFE1431:
 1575              		.section	.text.oled_numSV,"ax",%progbits
 1576              		.align	1
 1577              		.global	oled_numSV
 1578              		.syntax unified
 1579              		.thumb
 1580              		.thumb_func
 1582              	oled_numSV:
 1583              	.LFB1432:
 753:Core/Src/oled_display.c **** 
 754:Core/Src/oled_display.c **** void oled_numSV(void)
 755:Core/Src/oled_display.c **** {
 1584              		.loc 1 755 1 is_stmt 1 view -0
 1585              		.cfi_startproc
 1586              		@ args = 0, pretend = 0, frame = 0
 1587              		@ frame_needed = 0, uses_anonymous_args = 0
 1588 0000 00B5     		push	{lr}
 1589              	.LCFI37:
 1590              		.cfi_def_cfa_offset 4
 1591              		.cfi_offset 14, -4
 1592 0002 83B0     		sub	sp, sp, #12
 1593              	.LCFI38:
 1594              		.cfi_def_cfa_offset 16
 756:Core/Src/oled_display.c ****     Oled_Draw1BitImage(0, 100, numSV, 75, 15, 0x0F);
 1595              		.loc 1 756 5 view .LVU324
 1596 0004 0F23     		movs	r3, #15
 1597 0006 0193     		str	r3, [sp, #4]
 1598 0008 0093     		str	r3, [sp]
 1599 000a 4B23     		movs	r3, #75
 1600 000c 034A     		ldr	r2, .L92
 1601 000e 6421     		movs	r1, #100
 1602 0010 0020     		movs	r0, #0
 1603 0012 FFF7FEFF 		bl	Oled_Draw1BitImage
ARM GAS  C:\Users\bku598\AppData\Local\Temp\ccny8rTm.s 			page 43


 1604              	.LVL170:
 757:Core/Src/oled_display.c **** }...
 1605              		.loc 1 757 1 is_stmt 0 view .LVU325
 1606 0016 03B0     		add	sp, sp, #12
 1607              	.LCFI39:
 1608              		.cfi_def_cfa_offset 4
 1609              		@ sp needed
 1610 0018 5DF804FB 		ldr	pc, [sp], #4
 1611              	.L93:
 1612              		.align	2
 1613              	.L92:
 1614 001c 00000000 		.word	numSV
 1615              		.cfi_endproc
 1616              	.LFE1432:
 1618              		.global	KG_logo
 1619              		.section	.rodata.KG_logo,"a"
 1620              		.align	2
 1623              	KG_logo:
 1624 0000 00000000 		.ascii	"\000\000\000\000\000\000\000\000\000\000\000\000\000"
 1624      00000000 
 1624      00000000 
 1624      00
 1625 000d 00000000 		.ascii	"\000\000\000\000\000\000\000\000\000\000\177\376\000"
 1625      00000000 
 1625      00007FFE 
 1625      00
 1626 001a 00000000 		.ascii	"\000\000\000\000\000\000\000\000\000\000\000\000?\377"
 1626      00000000 
 1626      00000000 
 1626      3FFF
 1627 0028 FFF80000 		.ascii	"\377\370\000\000\000\000\000\000\000\000\000\000\000"
 1627      00000000 
 1627      00000000 
 1627      00
 1628 0035 03FFFFFF 		.ascii	"\003\377\377\377\377\300\000\000\000\000\000\000\000"
 1628      FFC00000 
 1628      00000000 
 1628      00
 1629 0042 0000001F 		.ascii	"\000\000\000\037\377\377\377\377\370\000\000\000\000"
 1629      FFFFFFFF 
 1629      F8000000 
 1629      00
 1630 004f 00000000 		.ascii	"\000\000\000\000\000\000\377\377\377\377\377\376\000"
 1630      0000FFFF 
 1630      FFFFFFFE 
 1630      00
 1631 005c 00000000 		.ascii	"\000\000\000\000\000\000\000\000\003\377\377\377\377"
 1631      00000000 
 1631      03FFFFFF 
 1631      FF
 1632 0069 FFFFC000 		.ascii	"\377\377\300\000\000\000\000\000\000\000\000\017\377"
 1632      00000000 
 1632      0000000F 
 1632      FF
 1633 0076 FFC003FF 		.ascii	"\377\300\003\377\377\360\000\000\000\000\000\000\000"
 1633      FFF00000 
 1633      00000000 
ARM GAS  C:\Users\bku598\AppData\Local\Temp\ccny8rTm.s 			page 44


 1633      00
 1634 0083 003FFFF0 		.ascii	"\000?\377\360\000\000\017\377\374\000\000\000\000\000"
 1634      00000FFF 
 1634      FC000000 
 1634      0000
 1635 0091 000000FF 		.ascii	"\000\000\000\377\376\000\000\000\000\177\377\000\000"
 1635      FE000000 
 1635      007FFF00 
 1635      00
 1636 009e 00000000 		.ascii	"\000\000\000\000\000\001\377\370\000\000\000\000\037"
 1636      0001FFF8 
 1636      00000000 
 1636      1F
 1637 00ab FF800000 		.ascii	"\377\200\000\000\000\000\000\000\007\377\300\000\000"
 1637      00000000 
 1637      07FFC000 
 1637      00
 1638 00b8 000003FF 		.ascii	"\000\000\003\377\340\000\000\000\000\000\000\037\376"
 1638      E0000000 
 1638      0000001F 
 1638      FE
 1639 00c5 00000000 		.ascii	"\000\000\000\000\000\000\377\370\000\000\000\000\000"
 1639      0000FFF8 
 1639      00000000 
 1639      00
 1640 00d2 003FFC00 		.ascii	"\000?\374\000\000\000\000\000\000?\374\000\000\000\000"
 1640      00000000 
 1640      003FFC00 
 1640      000000
 1641 00e1 00007FF0 		.ascii	"\000\000\177\360\000\000\000\000\000\000\017\376\000"
 1641      00000000 
 1641      00000FFE 
 1641      00
 1642 00ee 00000000 		.ascii	"\000\000\000\000\001\377\300\000\000\000\000\000\000"
 1642      01FFC000 
 1642      00000000 
 1642      00
 1643 00fb 03FF0000 		.ascii	"\003\377\000\000\000\000\000\003\377\200\000\000\000"
 1643      00000003 
 1643      FF800000 
 1643      00
 1644 0108 00000001 		.ascii	"\000\000\000\001\377\200\000\000\000\000\007\376\000"
 1644      FF800000 
 1644      000007FE 
 1644      00
 1645 0115 00000000 		.ascii	"\000\000\000\000\000\000\000\177\340\000\000\000\000"
 1645      0000007F 
 1645      E0000000 
 1645      00
 1646 0122 0FF80000 		.ascii	"\017\370\000\000\000\000\000\000\000\000?\360\000\000"
 1646      00000000 
 1646      00003FF0 
 1646      0000
 1647 0130 00001FF0 		.ascii	"\000\000\037\360\000\000\000\000\000\000\000\000\037"
 1647      00000000 
 1647      00000000 
 1647      1F
ARM GAS  C:\Users\bku598\AppData\Local\Temp\ccny8rTm.s 			page 45


 1648 013d F8000000 		.ascii	"\370\000\000\000\000?\340\000\000\000\000\000\000\000"
 1648      003FE000 
 1648      00000000 
 1648      0000
 1649 014b 000FFC00 		.ascii	"\000\017\374\000\000\000\000\177\300\000\000\000\000"
 1649      0000007F 
 1649      C0000000 
 1649      00
 1650 0158 00000000 		.ascii	"\000\000\000\000\007\376\000\000\000\000\377\200\000"
 1650      07FE0000 
 1650      0000FF80 
 1650      00
 1651 0165 00000000 		.ascii	"\000\000\000\000\000\000\000\003\376\000\000\000\001"
 1651      00000003 
 1651      FE000000 
 1651      01
 1652 0172 FF000000 		.ascii	"\377\000\000\000\000\000\000\000\000\000\001\377\000"
 1652      00000000 
 1652      000001FF 
 1652      00
 1653 017f 000001FE 		.ascii	"\000\000\001\376\000\000\000\000\000\000\000\000\000"
 1653      00000000 
 1653      00000000 
 1653      00
 1654 018c 00FF8000 		.ascii	"\000\377\200\000\000\003\374\000\000\000\000\000\000"
 1654      0003FC00 
 1654      00000000 
 1654      00
 1655 0199 00000000 		.ascii	"\000\000\000\000\177\300\000\000\007\370\000\000\000"
 1655      7FC00000 
 1655      07F80000 
 1655      00
 1656 01a6 00000000 		.ascii	"\000\000\000\000\000\000\000?\340\000\000\017\360\000"
 1656      0000003F 
 1656      E000000F 
 1656      F000
 1657 01b4 00000000 		.ascii	"\000\000\000\000\000\000\000\000\000\037\360\000\000"
 1657      00000000 
 1657      001FF000 
 1657      00
 1658 01c1 0FE00000 		.ascii	"\017\340\000\000\000\000\000\000\000\000\000\000\017"
 1658      00000000 
 1658      00000000 
 1658      0F
 1659 01ce F000001F 		.ascii	"\360\000\000\037\300\000\000\000\000\000\000\000\000"
 1659      C0000000 
 1659      00000000 
 1659      00
 1660 01db 000007F8 		.ascii	"\000\000\007\370\000\000?\300\000\000\000\000\000\000"
 1660      00003FC0 
 1660      00000000 
 1660      0000
 1661 01e9 00000000 		.ascii	"\000\000\000\000\007\370\000\000\177\200\000\000\000"
 1661      07F80000 
 1661      7F800000 
 1661      00
 1662 01f6 00000000 		.ascii	"\000\000\000\000\000\000\000\003\374\000\000\177\000"
ARM GAS  C:\Users\bku598\AppData\Local\Temp\ccny8rTm.s 			page 46


 1662      00000003 
 1662      FC00007F 
 1662      00
 1663 0203 00000000 		.ascii	"\000\000\000\000\000\000\000\000\000\000\001\376\000"
 1663      00000000 
 1663      000001FE 
 1663      00
 1664 0210 007E0000 		.ascii	"\000~\000\000\000\000\000\000\000\000\000\000\000\001"
 1664      00000000 
 1664      00000000 
 1664      0001
 1665 021e FE0000FE 		.ascii	"\376\000\000\376\000\000\000\000\000\000\000\000\000"
 1665      00000000 
 1665      00000000 
 1665      00
 1666 022b 000000FF 		.ascii	"\000\000\000\377\000\001\376\000\000\000\000\000\000"
 1666      0001FE00 
 1666      00000000 
 1666      00
 1667 0238 00000000 		.ascii	"\000\000\000\000\000\000\177\000\001\374\000\000\000"
 1667      00007F00 
 1667      01FC0000 
 1667      00
 1668 0245 00000000 		.ascii	"\000\000\000\000\000\000\000\000\000?\200\003\370\000"
 1668      00000000 
 1668      003F8003 
 1668      F800
 1669 0253 00000000 		.ascii	"\000\000\000\000\000\000\000\000\000\000\000?\200\003"
 1669      00000000 
 1669      0000003F 
 1669      8003
 1670 0261 F8000000 		.ascii	"\370\000\000\000\000\000\000\000\000\000\000\000\000"
 1670      00000000 
 1670      00000000 
 1670      00
 1671 026e 1FC003F0 		.ascii	"\037\300\003\360\000\000\000\000\000\000\000\000\000"
 1671      00000000 
 1671      00000000 
 1671      00
 1672 027b 0000000F 		.ascii	"\000\000\000\017\300\007\360\000\000\000\000\000\000"
 1672      C007F000 
 1672      00000000 
 1672      00
 1673 0288 00000000 		.ascii	"\000\000\000\000\000\000\017\340\007\340\000\000\000"
 1673      00000FE0 
 1673      07E00000 
 1673      00
 1674 0295 00000000 		.ascii	"\000\000\000\000\000\000\000\000\000\017\340\017\340"
 1674      00000000 
 1674      000FE00F 
 1674      E0
 1675 02a2 00000000 		.ascii	"\000\000\000\000\000\000\000\000\000\000\000\000\007"
 1675      00000000 
 1675      00000000 
 1675      07
 1676 02af E00FE000 		.ascii	"\340\017\340\000\000\000\006\030\000\000`\000\000\300"
 1676      00000618 
ARM GAS  C:\Users\bku598\AppData\Local\Temp\ccny8rTm.s 			page 47


 1676      00006000 
 1676      00C0
 1677 02bd 0007F01F 		.ascii	"\000\007\360\037\301\300p\000\006\030\000\000`\001\200"
 1677      C1C07000 
 1677      06180000 
 1677      600180
 1678 02cc C00003F0 		.ascii	"\300\000\003\360\037\301\300\300\000\006\030\000\000"
 1678      1FC1C0C0 
 1678      00061800 
 1678      00
 1679 02d9 60018000 		.ascii	"`\001\200\000\000\003\360\037\301\303\200\000\006\030"
 1679      0003F01F 
 1679      C1C38000 
 1679      0618
 1680 02e7 00006001 		.ascii	"\000\000`\001\200\000\000\003\370\037\301\307\000\000"
 1680      80000003 
 1680      F81FC1C7 
 1680      0000
 1681 02f5 06180000 		.ascii	"\006\030\000\000`\001\200\000\000\001\370\037\201\316"
 1681      60018000 
 1681      0001F81F 
 1681      81CE
 1682 0303 00FC0618 		.ascii	"\000\374\006\030\017\340`s\374\303\000\301\370?\201"
 1682      0FE06073 
 1682      FCC300C1 
 1682      F83F81
 1683 0312 DC01FF06 		.ascii	"\334\001\377\006\030\037\360`\341\300\303\200\301\370"
 1683      181FF060 
 1683      E1C0C380 
 1683      C1F8
 1684 0320 3F81F803 		.ascii	"?\201\370\003\203\006\030\0308a\301\200\301\201\301"
 1684      83061818 
 1684      3861C180 
 1684      C181C1
 1685 032f FC3F81F0 		.ascii	"\374?\201\360\003\003\206\0300\030c\001\200\301\201"
 1685      03038618 
 1685      30186301 
 1685      80C181
 1686 033e 80FC3F01 		.ascii	"\200\374?\001\370\003\001\206\0300\030f\001\200\301"
 1686      F8030186 
 1686      18301866 
 1686      0180C1
 1687 034d C180FC3F 		.ascii	"\301\200\374?\001\334\007\001\206\030\177\370|\001\200"
 1687      01DC0701 
 1687      86187FF8 
 1687      7C0180
 1688 035c C0C300FC 		.ascii	"\300\303\000\374\177\001\316\007\001\206\030\177\370"
 1688      7F01CE07 
 1688      0186187F 
 1688      F8
 1689 0369 7C0180C0 		.ascii	"|\001\200\300\303\000\374\177\001\307\007\001\206\030"
 1689      C300FC7F 
 1689      01C70701 
 1689      8618
 1690 0377 30006E01 		.ascii	"0\000n\001\200\300g\000\376\177\001\303\203\001\206"
 1690      80C06700 
 1690      FE7F01C3 
ARM GAS  C:\Users\bku598\AppData\Local\Temp\ccny8rTm.s 			page 48


 1690      830186
 1691 0386 18300067 		.ascii	"\0300\000g\001\200\300f\000~~\001\301\303\001\206\030"
 1691      0180C066 
 1691      007E7E01 
 1691      C1C30186 
 1691      18
 1692 0397 30006381 		.ascii	"0\000c\201\200\300f\000~~\001\300\343\203\006\030\030"
 1692      80C06600 
 1692      7E7E01C0 
 1692      E3830618 
 1692      18
 1693 03a8 0861C1C0 		.ascii	"\010a\301\300\300<\000~~\001\300q\377\006\030\0378`"
 1693      C03C007E 
 1693      7E01C071 
 1693      FF06181F 
 1693      3860
 1694 03ba E0FCC03C 		.ascii	"\340\374\300<\000~\376\001\3008|\006\030\007\360`0|"
 1694      007EFE01 
 1694      C0387C06 
 1694      1807F060 
 1694      307C
 1695 03cc C03C007E 		.ascii	"\300<\000~\376\000\000\000\000\000\000\000\000\000\000"
 1695      FE000000 
 1695      00000000 
 1695      000000
 1696 03db 00000000 		.ascii	"\000\000\000\000~\376\000\000\000\000\000\000\000\000"
 1696      7EFE0000 
 1696      00000000 
 1696      0000
 1697 03e9 00000000 		.ascii	"\000\000\000\000\000\000~\376\000\000\000\000\000\000"
 1697      00007EFE 
 1697      00000000 
 1697      0000
 1698 03f7 00000000 		.ascii	"\000\000\000\000\000\000\000\000~\376\000\000\000\000"
 1698      00000000 
 1698      7EFE0000 
 1698      0000
 1699 0405 00000000 		.ascii	"\000\000\000\000\000\000\000\000\000\000~\376\000\000"
 1699      00000000 
 1699      00007EFE 
 1699      0000
 1700 0413 00000000 		.ascii	"\000\000\000\000\000\000\000\000\000\000\000\000~\376"
 1700      00000000 
 1700      00000000 
 1700      7EFE
 1701 0421 00000000 		.ascii	"\000\000\000\000\000\000\000\000\000\000\000\000\000"
 1701      00000000 
 1701      00000000 
 1701      00
 1702 042e 007EFE00 		.ascii	"\000~\376\000\000\000\000\000\000\000\000\000\000\000"
 1702      00000000 
 1702      00000000 
 1702      0000
 1703 043c 0000007E 		.ascii	"\000\000\000~~\000\000\000\000\000\000\000\000\000\000"
 1703      7E000000 
 1703      00000000 
 1703      000000
ARM GAS  C:\Users\bku598\AppData\Local\Temp\ccny8rTm.s 			page 49


 1704 044b 00000000 		.ascii	"\000\000\000\000~~\000\000\000\000\000\000\000\000\000"
 1704      7E7E0000 
 1704      00000000 
 1704      000000
 1705 045a 00000000 		.ascii	"\000\000\000\000\000~~\000\000\000\000\000\000\000\000"
 1705      007E7E00 
 1705      00000000 
 1705      000000
 1706 0469 00000000 		.ascii	"\000\000\000\000\000\000~~\000\000\000\000\000\000?"
 1706      00007E7E 
 1706      00000000 
 1706      00003F
 1707 0478 FC000000 		.ascii	"\374\000\000\000\000\000\000~~\000\000\000\000\000\001"
 1707      0000007E 
 1707      7E000000 
 1707      000001
 1708 0487 FFFF8000 		.ascii	"\377\377\200\000\000\000\000\000~~\000\000\000\000\000"
 1708      00000000 
 1708      7E7E0000 
 1708      000000
 1709 0496 03FFFFE0 		.ascii	"\003\377\377\340\000\000\000\000\000\374~\000\000\000"
 1709      00000000 
 1709      00FC7E00 
 1709      0000
 1710 04a4 00000FF8 		.ascii	"\000\000\017\370\037\340\000\000\000\000\000\374?\000"
 1710      1FE00000 
 1710      000000FC 
 1710      3F00
 1711 04b2 00000000 		.ascii	"\000\000\000\000\017\300\001\340\000\000\000\000\000"
 1711      0FC001E0 
 1711      00000000 
 1711      00
 1712 04bf FC3F0000 		.ascii	"\374?\000\000\000\000\000\037\200\000`\000\000\000\000"
 1712      0000001F 
 1712      80006000 
 1712      000000
 1713 04ce 00FC3F00 		.ascii	"\000\374?\000\000\000\000\000>\000\000 \000\000\000"
 1713      00000000 
 1713      3E000020 
 1713      000000
 1714 04dd 0000FC3F 		.ascii	"\000\000\374?\000\000\000\000\000>\000\000\000\000\000"
 1714      00000000 
 1714      003E0000 
 1714      000000
 1715 04ec 000000FC 		.ascii	"\000\000\000\374?\200\000\000\000\000|\000\000\000\000"
 1715      3F800000 
 1715      00007C00 
 1715      000000
 1716 04fb 00000001 		.ascii	"\000\000\000\001\370\037\200\000\000\000\000x\000\000"
 1716      F81F8000 
 1716      00000078 
 1716      0000
 1717 0509 00000000 		.ascii	"\000\000\000\000\000\001\370\037\200\000\000\000\000"
 1717      0001F81F 
 1717      80000000 
 1717      00
 1718 0516 F8000000 		.ascii	"\370\000\000\000\000\000\000\000\001\370\037\200\000"
ARM GAS  C:\Users\bku598\AppData\Local\Temp\ccny8rTm.s 			page 50


 1718      00000000 
 1718      01F81F80 
 1718      00
 1719 0523 000000F8 		.ascii	"\000\000\000\370\000\000\000\000\000\000\000\003\370"
 1719      00000000 
 1719      00000003 
 1719      F8
 1720 0530 1FC00000 		.ascii	"\037\300\000\000\000\000\370\000\000\000\000\000\000"
 1720      0000F800 
 1720      00000000 
 1720      00
 1721 053d 0003F00F 		.ascii	"\000\003\360\017\300\000\000\000\000\360\000\000\000"
 1721      C0000000 
 1721      00F00000 
 1721      00
 1722 054a 00000000 		.ascii	"\000\000\000\000\003\360\017\340\000\000\000\000\360"
 1722      03F00FE0 
 1722      00000000 
 1722      F0
 1723 0557 00000000 		.ascii	"\000\000\000\000\000\000\000\007\340\007\340\000\000"
 1723      00000007 
 1723      E007E000 
 1723      00
 1724 0564 0000F000 		.ascii	"\000\000\360\000\000\000\000\000\000\000\007\340\007"
 1724      00000000 
 1724      000007E0 
 1724      07
 1725 0571 E0000000 		.ascii	"\340\000\000\000\000\360\000\177\360\000\000\000\000"
 1725      00F0007F 
 1725      F0000000 
 1725      00
 1726 057e 07E007F0 		.ascii	"\007\340\007\360\000\000\000\000\360\000\177\360\000"
 1726      00000000 
 1726      F0007FF0 
 1726      00
 1727 058b 0000000F 		.ascii	"\000\000\000\017\300\003\360\000\000\000\000\360\000"
 1727      C003F000 
 1727      000000F0 
 1727      00
 1728 0598 7FF00000 		.ascii	"\177\360\000\000\000\000\017\300\003\370\000\000\000"
 1728      00000FC0 
 1728      03F80000 
 1728      00
 1729 05a5 00F00001 		.ascii	"\000\360\000\001\360\000\000\000\000\037\300\003\370"
 1729      F0000000 
 1729      001FC003 
 1729      F8
 1730 05b2 00000000 		.ascii	"\000\000\000\000\360\000\000\360\000\000\000\000\037"
 1730      F00000F0 
 1730      00000000 
 1730      1F
 1731 05bf 8001FC00 		.ascii	"\200\001\374\000\000\000\000\370\000\000\360\000\000"
 1731      000000F8 
 1731      0000F000 
 1731      00
 1732 05cc 00003F80 		.ascii	"\000\000?\200\000\374\000\000\000\000\370\000\000\360"
 1732      00FC0000 
ARM GAS  C:\Users\bku598\AppData\Local\Temp\ccny8rTm.s 			page 51


 1732      0000F800 
 1732      00F0
 1733 05da 00000000 		.ascii	"\000\000\000\000\177\000\000\376\000\000\000\000x\000"
 1733      7F0000FE 
 1733      00000000 
 1733      7800
 1734 05e8 00F00000 		.ascii	"\000\360\000\000\000\000\177\000\000\177\000\000\000"
 1734      00007F00 
 1734      007F0000 
 1734      00
 1735 05f5 007C0000 		.ascii	"\000|\000\000\360\000\000\000\000\376\000\000\177\000"
 1735      F0000000 
 1735      00FE0000 
 1735      7F00
 1736 0603 0000007C 		.ascii	"\000\000\000|\000\000\360\000\000\000\000\376\000\000"
 1736      0000F000 
 1736      000000FE 
 1736      0000
 1737 0611 3F800000 		.ascii	"?\200\000\000\000>\000\000\360\000\000\000\001\374\000"
 1737      003E0000 
 1737      F0000000 
 1737      01FC00
 1738 0620 001FC000 		.ascii	"\000\037\300\000\000\000?\000\000\360\000\000\000\003"
 1738      00003F00 
 1738      00F00000 
 1738      0003
 1739 062e F800001F 		.ascii	"\370\000\000\037\300\000\000\000\037\200\001\360\000"
 1739      C0000000 
 1739      1F8001F0 
 1739      00
 1740 063b 000003F0 		.ascii	"\000\000\003\360\000\000\017\340\000\000\000\017\360"
 1740      00000FE0 
 1740      0000000F 
 1740      F0
 1741 0648 07F00000 		.ascii	"\007\360\000\000\000\007\360\000\000\017\360\000\000"
 1741      0007F000 
 1741      000FF000 
 1741      00
 1742 0655 0007FFFF 		.ascii	"\000\007\377\377\340\000\000\000\017\340\000\000\007"
 1742      E0000000 
 1742      0FE00000 
 1742      07
 1743 0662 F8000000 		.ascii	"\370\000\000\000\001\377\377\200\000\000\000\037\300"
 1743      01FFFF80 
 1743      0000001F 
 1743      C0
 1744 066f 000003FC 		.ascii	"\000\000\003\374\000\000\000\000\177\376\000\000\000"
 1744      00000000 
 1744      7FFE0000 
 1744      00
 1745 067c 003FC000 		.ascii	"\000?\300\000\000\001\376\000\000\000\000\007\340\000"
 1745      0001FE00 
 1745      00000007 
 1745      E000
 1746 068a 0000007F 		.ascii	"\000\000\000\177\200\000\000\000\377\000\000\000\000"
 1746      80000000 
 1746      FF000000 
ARM GAS  C:\Users\bku598\AppData\Local\Temp\ccny8rTm.s 			page 52


 1746      00
 1747 0697 00000000 		.ascii	"\000\000\000\000\000\000\377\000\000\000\000\177\200"
 1747      0000FF00 
 1747      0000007F 
 1747      80
 1748 06a4 00000000 		.ascii	"\000\000\000\000\000\000\000\000\001\376\000\000\000"
 1748      00000000 
 1748      01FE0000 
 1748      00
 1749 06b1 003FC000 		.ascii	"\000?\300\000\000\000\000\000\000\000\000\003\374\000"
 1749      00000000 
 1749      00000003 
 1749      FC00
 1750 06bf 0000003F 		.ascii	"\000\000\000?\340\000\000\000\000\000\000\000\000\007"
 1750      E0000000 
 1750      00000000 
 1750      0007
 1751 06cd F8000000 		.ascii	"\370\000\000\000\000\037\360\000\000\000\000\000\000"
 1751      001FF000 
 1751      00000000 
 1751      00
 1752 06da 00000FF0 		.ascii	"\000\000\017\360\000\000\000\000\007\370\000\000\000"
 1752      00000000 
 1752      07F80000 
 1752      00
 1753 06e7 00000000 		.ascii	"\000\000\000\000\000?\340\000\000\000\000\003\376\000"
 1753      003FE000 
 1753      00000003 
 1753      FE00
 1754 06f5 00000000 		.ascii	"\000\000\000\000\000\000\000\177\300\000\000\000\000"
 1754      0000007F 
 1754      C0000000 
 1754      00
 1755 0702 03FF0000 		.ascii	"\003\377\000\000\000\000\000\000\000\000\377\200\000"
 1755      00000000 
 1755      0000FF80 
 1755      00
 1756 070f 00000000 		.ascii	"\000\000\000\000\377\300\000\000\000\000\000\000\003"
 1756      FFC00000 
 1756      00000000 
 1756      03
 1757 071c FF000000 		.ascii	"\377\000\000\000\000\000\000\177\360\000\000\000\000"
 1757      0000007F 
 1757      F0000000 
 1757      00
 1758 0729 00000FFC 		.ascii	"\000\000\017\374\000\000\000\000\000\000?\370\000\000"
 1758      00000000 
 1758      00003FF8 
 1758      0000
 1759 0737 00000000 		.ascii	"\000\000\000\000\037\370\000\000\000\000\000\000\017"
 1759      1FF80000 
 1759      00000000 
 1759      0F
 1760 0744 FF000000 		.ascii	"\377\000\000\000\000\000\000\377\360\000\000\000\000"
 1760      000000FF 
 1760      F0000000 
 1760      00
ARM GAS  C:\Users\bku598\AppData\Local\Temp\ccny8rTm.s 			page 53


 1761 0751 000003FF 		.ascii	"\000\000\003\377\300\000\000\000\000\003\377\300\000"
 1761      C0000000 
 1761      0003FFC0 
 1761      00
 1762 075e 00000000 		.ascii	"\000\000\000\000\000\001\377\360\000\000\000\000\017"
 1762      0001FFF0 
 1762      00000000 
 1762      0F
 1763 076b FF800000 		.ascii	"\377\200\000\000\000\000\000\000\000\177\376\000\000"
 1763      00000000 
 1763      007FFE00 
 1763      00
 1764 0778 00007FFE 		.ascii	"\000\000\177\376\000\000\000\000\000\000\000\000\037"
 1764      00000000 
 1764      00000000 
 1764      1F
 1765 0785 FFE00000 		.ascii	"\377\340\000\000\007\377\370\000\000\000\000\000\000"
 1765      07FFF800 
 1765      00000000 
 1765      00
 1766 0792 00000FFF 		.ascii	"\000\000\017\377\377\000\001\377\377\340\000\000\000"
 1766      FF0001FF 
 1766      FFE00000 
 1766      00
 1767 079f 00000000 		.ascii	"\000\000\000\000\000\001\377\377\377\377\377\377\200"
 1767      0001FFFF 
 1767      FFFFFFFF 
 1767      80
 1768 07ac 00000000 		.ascii	"\000\000\000\000\000\000\000\000\000?\377\377\377\377"
 1768      00000000 
 1768      003FFFFF 
 1768      FFFF
 1769 07ba FC000000 		.ascii	"\374\000\000\000\000\000\000\000\000\000\000\017\377"
 1769      00000000 
 1769      0000000F 
 1769      FF
 1770 07c7 FFFFFFF0 		.ascii	"\377\377\377\360\000\000\000\000\000"
 1770      00000000 
 1770      00
 1771 07d0 00000000 		.ascii	"\000\000\000\000\000\000\377\377\377\377\000\000\000"
 1771      0000FFFF 
 1771      FFFF0000 
 1771      00
 1772 07dd 00000000 		.ascii	"\000\000\000\000\000\000\000\000\000\017\377\377\340"
 1772      00000000 
 1772      000FFFFF 
 1772      E0
 1773 07ea 00000000 		.ascii	"\000\000\000\000\000\000\000\000\000\000\000\000\000"
 1773      00000000 
 1773      00000000 
 1773      00
 1774 07f7 3FFC0000 		.ascii	"?\374\000\000\000\000\000\000\000"
 1774      00000000 
 1774      00
 1775              		.global	Afry_logo
 1776              		.section	.rodata.Afry_logo,"a"
 1777              		.align	2
ARM GAS  C:\Users\bku598\AppData\Local\Temp\ccny8rTm.s 			page 54


 1780              	Afry_logo:
 1781 0000 00000000 		.ascii	"\000\000\000\000\000\000\000\000\000\000\000\000\000"
 1781      00000000 
 1781      00000000 
 1781      00
 1782 000d 00000000 		.ascii	"\000\000\000\000\000\000\000\000\000\000\177\376\000"
 1782      00000000 
 1782      00007FFE 
 1782      00
 1783 001a 00000000 		.ascii	"\000\000\000\000\000\000\000\000\000\000\000\000?\377"
 1783      00000000 
 1783      00000000 
 1783      3FFF
 1784 0028 FFF80000 		.ascii	"\377\370\000\000\000\000\000\000\000\000\000\000\000"
 1784      00000000 
 1784      00000000 
 1784      00
 1785 0035 03FFFFFF 		.ascii	"\003\377\377\377\377\300\000\000\000\000\000\000\000"
 1785      FFC00000 
 1785      00000000 
 1785      00
 1786 0042 0000001F 		.ascii	"\000\000\000\037\377\377\377\377\370\000\000\000\000"
 1786      FFFFFFFF 
 1786      F8000000 
 1786      00
 1787 004f 00000000 		.ascii	"\000\000\000\000\000\000\377\377\377\377\377\376\000"
 1787      0000FFFF 
 1787      FFFFFFFE 
 1787      00
 1788 005c 00000000 		.ascii	"\000\000\000\000\000\000\000\000\003\377\377\377\377"
 1788      00000000 
 1788      03FFFFFF 
 1788      FF
 1789 0069 FFFFC000 		.ascii	"\377\377\300\000\000\000\000\000\000\000\000\017\377"
 1789      00000000 
 1789      0000000F 
 1789      FF
 1790 0076 FFC003FF 		.ascii	"\377\300\003\377\377\360\000\000\000\000\000\000\000"
 1790      FFF00000 
 1790      00000000 
 1790      00
 1791 0083 003FFFF0 		.ascii	"\000?\377\360\000\000\017\377\374\000\000\000\000\000"
 1791      00000FFF 
 1791      FC000000 
 1791      0000
 1792 0091 000000FF 		.ascii	"\000\000\000\377\376\000\000\000\000\177\377\000\000"
 1792      FE000000 
 1792      007FFF00 
 1792      00
 1793 009e 00000000 		.ascii	"\000\000\000\000\000\001\377\370\000\000\000\000\037"
 1793      0001FFF8 
 1793      00000000 
 1793      1F
 1794 00ab FF800000 		.ascii	"\377\200\000\000\000\000\000\000\007\377\300\000\000"
 1794      00000000 
 1794      07FFC000 
 1794      00
ARM GAS  C:\Users\bku598\AppData\Local\Temp\ccny8rTm.s 			page 55


 1795 00b8 000003FF 		.ascii	"\000\000\003\377\340\000\000\000\000\000\000\037\376"
 1795      E0000000 
 1795      0000001F 
 1795      FE
 1796 00c5 00000000 		.ascii	"\000\000\000\000\000\000\377\370\000\000\000\000\000"
 1796      0000FFF8 
 1796      00000000 
 1796      00
 1797 00d2 003FFC00 		.ascii	"\000?\374\000\000\000\000\000\000?\374\000\000\000\000"
 1797      00000000 
 1797      003FFC00 
 1797      000000
 1798 00e1 00007FF0 		.ascii	"\000\000\177\360\000\000\000\000\000\000\017\376\000"
 1798      00000000 
 1798      00000FFE 
 1798      00
 1799 00ee 00000000 		.ascii	"\000\000\000\000\001\377\300\000\000\000\000\000\000"
 1799      01FFC000 
 1799      00000000 
 1799      00
 1800 00fb 03FF0000 		.ascii	"\003\377\000\000\000\000\000\003\377\200\000\000\000"
 1800      00000003 
 1800      FF800000 
 1800      00
 1801 0108 00000001 		.ascii	"\000\000\000\001\377\200\000\000\000\000\007\376\000"
 1801      FF800000 
 1801      000007FE 
 1801      00
 1802 0115 00000000 		.ascii	"\000\000\000\000\000\000\000\177\340\000\000\000\000"
 1802      0000007F 
 1802      E0000000 
 1802      00
 1803 0122 0FF80000 		.ascii	"\017\370\000\000\000\000\000\000\000\000?\360\000\000"
 1803      00000000 
 1803      00003FF0 
 1803      0000
 1804 0130 00001FF0 		.ascii	"\000\000\037\360\000\000\000\000\000\000\000\000\037"
 1804      00000000 
 1804      00000000 
 1804      1F
 1805 013d F8000000 		.ascii	"\370\000\000\000\000?\340\000\000\000\000\000\000\000"
 1805      003FE000 
 1805      00000000 
 1805      0000
 1806 014b 000FFC00 		.ascii	"\000\017\374\000\000\000\000\177\300\000\000\000\000"
 1806      0000007F 
 1806      C0000000 
 1806      00
 1807 0158 00000000 		.ascii	"\000\000\000\000\017\376\000\000\000\000\377\200\000"
 1807      0FFE0000 
 1807      0000FF80 
 1807      00
 1808 0165 00000000 		.ascii	"\000\000\000\000\000\000\000\377\376\000\000\000\001"
 1808      000000FF 
 1808      FE000000 
 1808      01
 1809 0172 FF000000 		.ascii	"\377\000\000\000\000\000\000\000\000\017\377\377\000"
ARM GAS  C:\Users\bku598\AppData\Local\Temp\ccny8rTm.s 			page 56


 1809      00000000 
 1809      000FFFFF 
 1809      00
 1810 017f 000001FE 		.ascii	"\000\000\001\376\000\000\000\000\000\000\000\000\177"
 1810      00000000 
 1810      00000000 
 1810      7F
 1811 018c FFFF8000 		.ascii	"\377\377\200\000\000\003\374\000\000\000\000\000\000"
 1811      0003FC00 
 1811      00000000 
 1811      00
 1812 0199 0007FFFF 		.ascii	"\000\007\377\377\377\300\000\000\007\370\000\000\000"
 1812      FFC00000 
 1812      07F80000 
 1812      00
 1813 01a6 00000000 		.ascii	"\000\000\000\000\177\377\377\377\340\000\000\017\360"
 1813      7FFFFFFF 
 1813      E000000F 
 1813      F0
 1814 01b3 00000000 		.ascii	"\000\000\000\000\000\000\003\377\377\377\377\360\000"
 1814      000003FF 
 1814      FFFFFFF0 
 1814      00
 1815 01c0 000FE000 		.ascii	"\000\017\340\000\000\000\000\000\000?\377\377\307\377"
 1815      00000000 
 1815      003FFFFF 
 1815      C7FF
 1816 01ce F000001F 		.ascii	"\360\000\000\037\300\000\000\000\000\000\003\377\377"
 1816      C0000000 
 1816      000003FF 
 1816      FF
 1817 01db FC0FFFF8 		.ascii	"\374\017\377\370\000\000?\300\000\000\000\000\000\037"
 1817      00003FC0 
 1817      00000000 
 1817      001F
 1818 01e9 FFFFC01F 		.ascii	"\377\377\300\037\377\370\000\000\177\200\000\000\000"
 1818      FFF80000 
 1818      7F800000 
 1818      00
 1819 01f6 0000FFFF 		.ascii	"\000\000\377\377\376\000?\377\374\000\000\177\000\000"
 1819      FE003FFF 
 1819      FC00007F 
 1819      0000
 1820 0204 0000001F 		.ascii	"\000\000\000\037\377\377\340\000\377\377\376\000\000"
 1820      FFFFE000 
 1820      FFFFFE00 
 1820      00
 1821 0211 7E000000 		.ascii	"~\000\000\000\000\000\377\377\376\000\001\377\377\376"
 1821      0000FFFF 
 1821      FE0001FF 
 1821      FFFE
 1822 021f 0000FE00 		.ascii	"\000\000\376\000\000\000\000\017\377\377\360\000\003"
 1822      0000000F 
 1822      FFFFF000 
 1822      03
 1823 022c FF3FFF00 		.ascii	"\377?\377\000\001\376\000\000\000\000\177\377\377\000"
 1823      01FE0000 
ARM GAS  C:\Users\bku598\AppData\Local\Temp\ccny8rTm.s 			page 57


 1823      00007FFF 
 1823      FF00
 1824 023a 0007FC7F 		.ascii	"\000\007\374\177\177\000\001\374\000\000\000\007\377"
 1824      7F0001FC 
 1824      00000007 
 1824      FF
 1825 0247 FFF80000 		.ascii	"\377\370\000\000\017\370\177?\200\003\370\000\000\000"
 1825      0FF87F3F 
 1825      8003F800 
 1825      0000
 1826 0255 3FFFFF80 		.ascii	"?\377\377\200\000\000\037\360\376?\200\003\370\000\000"
 1826      00001FF0 
 1826      FE3F8003 
 1826      F80000
 1827 0264 03FFFFF8 		.ascii	"\003\377\377\370\000\000\000\177\340\376\037\300\003"
 1827      0000007F 
 1827      E0FE1FC0 
 1827      03
 1828 0271 F000003F 		.ascii	"\360\000\000?\377\377\300\000\000\000\377\301\374\017"
 1828      FFFFC000 
 1828      0000FFC1 
 1828      FC0F
 1829 027f C007F000 		.ascii	"\300\007\360\000\001\377\377\374\000\000\000\001\377"
 1829      01FFFFFC 
 1829      00000001 
 1829      FF
 1830 028c 81FC0FE0 		.ascii	"\201\374\017\340\007\340\000\037\377\377\300\000\000"
 1830      07E0001F 
 1830      FFFFC000 
 1830      00
 1831 0299 0003FE03 		.ascii	"\000\003\376\003\374\017\340\017\340\001\377\377\374"
 1831      FC0FE00F 
 1831      E001FFFF 
 1831      FC
 1832 02a6 00000000 		.ascii	"\000\000\000\000\007\374\003\370\007\340\017\340\017"
 1832      07FC03F8 
 1832      07E00FE0 
 1832      0F
 1833 02b3 FFFFE000 		.ascii	"\377\377\340\000\000\000\000\017\370\003\360\007\360"
 1833      0000000F 
 1833      F803F007 
 1833      F0
 1834 02c0 1FC0FFFF 		.ascii	"\037\300\377\377\376\000\000\000\000\000?\360\007\360"
 1834      FE000000 
 1834      00003FF0 
 1834      07F0
 1835 02ce 07F01FC7 		.ascii	"\007\360\037\307\377\377\370\000\000\000\000\000\177"
 1835      FFFFF800 
 1835      00000000 
 1835      7F
 1836 02db E007F003 		.ascii	"\340\007\360\003\360\037\377\377\377\000\000\000\000"
 1836      F01FFFFF 
 1836      FF000000 
 1836      00
 1837 02e8 0000FFC0 		.ascii	"\000\000\377\300\017\340\003\370\037\377\377\360\000"
 1837      0FE003F8 
 1837      1FFFFFF0 
ARM GAS  C:\Users\bku598\AppData\Local\Temp\ccny8rTm.s 			page 58


 1837      00
 1838 02f5 00000000 		.ascii	"\000\000\000\000\001\377\000\017\340\001\370\037\377"
 1838      01FF000F 
 1838      E001F81F 
 1838      FF
 1839 0302 FFC00000 		.ascii	"\377\300\000\000\000\000\000\003\376\000\037\300\001"
 1839      00000003 
 1839      FE001FC0 
 1839      01
 1840 030f F83FFFF8 		.ascii	"\370?\377\370\000\000\000\000\000\000\017\374\000\037"
 1840      00000000 
 1840      00000FFC 
 1840      001F
 1841 031d C001F83F 		.ascii	"\300\001\370?\377\300\000\000\000\000\000\000\037\370"
 1841      FFC00000 
 1841      00000000 
 1841      1FF8
 1842 032b 003F8001 		.ascii	"\000?\200\001\374?\376\000\000\000\000\000\000\000?"
 1842      FC3FFE00 
 1842      00000000 
 1842      00003F
 1843 033a F0003F80 		.ascii	"\360\000?\200\001\374?\360\000\000\000\000\000\000\000"
 1843      01FC3FF0 
 1843      00000000 
 1843      000000
 1844 0349 7FC0007F 		.ascii	"\177\300\000\177\000\000\374?\360\000\000\000\000\000"
 1844      0000FC3F 
 1844      F0000000 
 1844      0000
 1845 0357 0000FF80 		.ascii	"\000\000\377\200\000\177\000\000\374\177\374\000\000"
 1845      007F0000 
 1845      FC7FFC00 
 1845      00
 1846 0364 00000000 		.ascii	"\000\000\000\000\001\377\000\000~\000\000\374\177\377"
 1846      01FF0000 
 1846      7E0000FC 
 1846      7FFF
 1847 0372 00000000 		.ascii	"\000\000\000\000\000\000\007\376\000\000\376\000\000"
 1847      000007FE 
 1847      0000FE00 
 1847      00
 1848 037f FE7FFFC0 		.ascii	"\376\177\377\300\000\000\000\000\000\017\374\000\000"
 1848      00000000 
 1848      000FFC00 
 1848      00
 1849 038c FC0000FE 		.ascii	"\374\000\000\376\177\377\360\000\000\000\000\000\037"
 1849      7FFFF000 
 1849      00000000 
 1849      1F
 1850 0399 F80001FC 		.ascii	"\370\000\001\374\000\000\376~\177\374\000\000\000\000"
 1850      0000FE7E 
 1850      7FFC0000 
 1850      0000
 1851 03a7 003FF000 		.ascii	"\000?\360\000\001\370\000\000~~\037\377\000\000\000"
 1851      01F80000 
 1851      7E7E1FFF 
 1851      000000
ARM GAS  C:\Users\bku598\AppData\Local\Temp\ccny8rTm.s 			page 59


 1852 03b6 0000FFC0 		.ascii	"\000\000\377\300\000\003\370\000\000~\376\017\377\300"
 1852      0003F800 
 1852      007EFE0F 
 1852      FFC0
 1853 03c4 00000000 		.ascii	"\000\000\000\000\377\200\000\003\370\000\000~\376\001"
 1853      FF800003 
 1853      F800007E 
 1853      FE01
 1854 03d2 FFF00000 		.ascii	"\377\360\000\000\000\003\377\000\000\007\360\000\000"
 1854      0003FF00 
 1854      0007F000 
 1854      00
 1855 03df 7EFE007F 		.ascii	"~\376\000\177\374\000\000\000\007\374\000\000\007\360"
 1855      FC000000 
 1855      07FC0000 
 1855      07F0
 1856 03ed 00007EFE 		.ascii	"\000\000~\376\000?\376\000\000\000\017\374\000\000\017"
 1856      003FFE00 
 1856      00000FFC 
 1856      00000F
 1857 03fc E000007E 		.ascii	"\340\000\000~\376\000\007\377\300\000\000\037\360\000"
 1857      FE0007FF 
 1857      C000001F 
 1857      F000
 1858 040a 000FE000 		.ascii	"\000\017\340\000\000~\376\000\003\377\340\000\000?\340"
 1858      007EFE00 
 1858      03FFE000 
 1858      003FE0
 1859 0419 00000FC0 		.ascii	"\000\000\017\300\000\000~\376\000\000\377\370\000\000"
 1859      00007EFE 
 1859      0000FFF8 
 1859      0000
 1860 0427 FFC00000 		.ascii	"\377\300\000\000\037\300\000\000~\376\000\000\037\377"
 1860      1FC00000 
 1860      7EFE0000 
 1860      1FFF
 1861 0435 0001FF80 		.ascii	"\000\001\377\200\000\000?\200\000\000~~\000\000\017"
 1861      00003F80 
 1861      00007E7E 
 1861      00000F
 1862 0444 FF8003FF 		.ascii	"\377\200\003\377\000\000\000?\200\000\000~~\000\000"
 1862      0000003F 
 1862      8000007E 
 1862      7E0000
 1863 0453 03FFC007 		.ascii	"\003\377\300\007\376\000\000\000?\000\000\000~~\000"
 1863      FE000000 
 1863      3F000000 
 1863      7E7E00
 1864 0462 0000FF80 		.ascii	"\000\000\377\200\017\370\000\000\000\177\000\000\000"
 1864      0FF80000 
 1864      007F0000 
 1864      00
 1865 046f 7E7E0000 		.ascii	"~~\000\000\000?\000\037\360\000\000\000\177\000\000"
 1865      003F001F 
 1865      F0000000 
 1865      7F0000
 1866 047e 00FE7E00 		.ascii	"\000\376~\000\000\000\016\000\177\340\000\000\000\376"
ARM GAS  C:\Users\bku598\AppData\Local\Temp\ccny8rTm.s 			page 60


 1866      00000E00 
 1866      7FE00000 
 1866      00FE
 1867 048c 000000FE 		.ascii	"\000\000\000\376\177\000\000\000\000\000\377\300\000"
 1867      7F000000 
 1867      0000FFC0 
 1867      00
 1868 0499 0000FE00 		.ascii	"\000\000\376\000\000\000\374\177\000\000\000\000\001"
 1868      0000FC7F 
 1868      00000000 
 1868      01
 1869 04a6 FF800000 		.ascii	"\377\200\000\000\001\374\000\000\000\374?\000\000\000"
 1869      01FC0000 
 1869      00FC3F00 
 1869      0000
 1870 04b4 0003FE00 		.ascii	"\000\003\376\000\000\000\001\374\000\000\000\374?\000"
 1870      000001FC 
 1870      000000FC 
 1870      3F00
 1871 04c2 00000007 		.ascii	"\000\000\000\007\374\000\000\000\003\370\000\000\000"
 1871      FC000000 
 1871      03F80000 
 1871      00
 1872 04cf FC3F0000 		.ascii	"\374?\000\000\000\000\007\370\000\000\000\003\370\000"
 1872      000007F8 
 1872      00000003 
 1872      F800
 1873 04dd 0001FC3F 		.ascii	"\000\001\374?\200\000\000\000\007\360\000\000\000\003"
 1873      80000000 
 1873      07F00000 
 1873      0003
 1874 04eb F0000001 		.ascii	"\360\000\000\001\374?\200\000\000\000\003\360\000\000"
 1874      FC3F8000 
 1874      000003F0 
 1874      0000
 1875 04f9 0007F000 		.ascii	"\000\007\360\000\000\001\370\037\200\000\000\000\003"
 1875      0001F81F 
 1875      80000000 
 1875      03
 1876 0506 F0000000 		.ascii	"\360\000\000\000\007\340\000\000\001\370\037\200\000"
 1876      07E00000 
 1876      01F81F80 
 1876      00
 1877 0513 000003F8 		.ascii	"\000\000\003\370\000\000\000\017\340\000\000\001\370"
 1877      0000000F 
 1877      E0000001 
 1877      F8
 1878 0520 1FC00000 		.ascii	"\037\300\000\000\000\001\370\000\000\000\017\300\000"
 1878      0001F800 
 1878      00000FC0 
 1878      00
 1879 052d 0003F81F 		.ascii	"\000\003\370\037\300\000\000\000\001\370\000\000\000"
 1879      C0000000 
 1879      01F80000 
 1879      00
 1880 053a 1FC00000 		.ascii	"\037\300\000\000\003\360\017\300\000\000\000\001\374"
 1880      03F00FC0 
ARM GAS  C:\Users\bku598\AppData\Local\Temp\ccny8rTm.s 			page 61


 1880      00000001 
 1880      FC
 1881 0547 0000001F 		.ascii	"\000\000\000\037\300\000\000\007\360\017\340\000\000"
 1881      C0000007 
 1881      F00FE000 
 1881      00
 1882 0554 0000FC00 		.ascii	"\000\000\374\000\000\000?\200\000\000\007\340\007\340"
 1882      00003F80 
 1882      000007E0 
 1882      07E0
 1883 0562 00000000 		.ascii	"\000\000\000\000\376\000\000\000?\200\000\000\017\340"
 1883      FE000000 
 1883      3F800000 
 1883      0FE0
 1884 0570 07F00000 		.ascii	"\007\360\000\000\000\000~\000\000\000\177\000\000\000"
 1884      00007E00 
 1884      00007F00 
 1884      0000
 1885 057e 0FE007F0 		.ascii	"\017\340\007\360\000\000\000\000~\000\000\000\177\000"
 1885      00000000 
 1885      7E000000 
 1885      7F00
 1886 058c 00000FC0 		.ascii	"\000\000\017\300\003\360\000\000\000\000\177\000\000"
 1886      03F00000 
 1886      00007F00 
 1886      00
 1887 0599 00FE0000 		.ascii	"\000\376\000\000\000\037\300\003\370\000\000\000\000"
 1887      001FC003 
 1887      F8000000 
 1887      00
 1888 05a6 7F000000 		.ascii	"\177\000\000\000\376\000\000\000\037\300\003\374\000"
 1888      FE000000 
 1888      1FC003FC 
 1888      00
 1889 05b3 0000003F 		.ascii	"\000\000\000?\000\000\001\374\000\000\000?\200\001\374"
 1889      000001FC 
 1889      0000003F 
 1889      8001FC
 1890 05c2 00000000 		.ascii	"\000\000\000\000?\200\000\001\374\000\000\000?\200\000"
 1890      3F800001 
 1890      FC000000 
 1890      3F8000
 1891 05d1 FE000000 		.ascii	"\376\000\000\000\000\037\200\000\001\370\000\000\000"
 1891      001F8000 
 1891      01F80000 
 1891      00
 1892 05de 7F0000FE 		.ascii	"\177\000\000\376\000\000\000\000\037\300\000\003\370"
 1892      00000000 
 1892      1FC00003 
 1892      F8
 1893 05eb 0000007F 		.ascii	"\000\000\000\177\000\000\177\000\000\000\000\017\300"
 1893      00007F00 
 1893      0000000F 
 1893      C0
 1894 05f8 0003F000 		.ascii	"\000\003\360\000\000\000\376\000\000\177\200\000\000"
 1894      0000FE00 
 1894      007F8000 
ARM GAS  C:\Users\bku598\AppData\Local\Temp\ccny8rTm.s 			page 62


 1894      00
 1895 0605 000FC000 		.ascii	"\000\017\300\000\007\360\000\000\001\376\000\000?\200"
 1895      07F00000 
 1895      01FE0000 
 1895      3F80
 1896 0613 0000000F 		.ascii	"\000\000\000\017\340\000\007\360\000\000\003\374\000"
 1896      E00007F0 
 1896      000003FC 
 1896      00
 1897 0620 001FC000 		.ascii	"\000\037\300\000\000\000\007\340\000\017\340\000\000"
 1897      000007E0 
 1897      000FE000 
 1897      00
 1898 062d 03F80000 		.ascii	"\003\370\000\000\037\340\000\000\000\007\340\000\017"
 1898      1FE00000 
 1898      0007E000 
 1898      0F
 1899 063a C0000007 		.ascii	"\300\000\000\007\360\000\000\017\360\000\000\000\007"
 1899      F000000F 
 1899      F0000000 
 1899      07
 1900 0647 F0001FC0 		.ascii	"\360\000\037\300\000\000\017\360\000\000\017\360\000"
 1900      00000FF0 
 1900      00000FF0 
 1900      00
 1901 0654 000003F0 		.ascii	"\000\000\003\360\000\037\300\000\000\037\340\000\000"
 1901      001FC000 
 1901      001FE000 
 1901      00
 1902 0661 07F80000 		.ascii	"\007\370\000\000\000\003\370\000?\200\000\000?\300\000"
 1902      0003F800 
 1902      3F800000 
 1902      3FC000
 1903 0670 0003FC00 		.ascii	"\000\003\374\000\000\000\001\370\000?\200\000\000\177"
 1903      000001F8 
 1903      003F8000 
 1903      007F
 1904 067e C0000001 		.ascii	"\300\000\000\001\376\000\000\000\001\370\000\177\000"
 1904      FE000000 
 1904      01F8007F 
 1904      00
 1905 068b 00007F80 		.ascii	"\000\000\177\200\000\000\000\377\000\000\000\001\374"
 1905      000000FF 
 1905      00000001 
 1905      FC
 1906 0698 007F0000 		.ascii	"\000\177\000\000\001\377\000\000\000\000\177\200\000"
 1906      01FF0000 
 1906      00007F80 
 1906      00
 1907 06a5 0000FC00 		.ascii	"\000\000\374\000~\000\000\003\376\000\000\000\000?\300"
 1907      7E000003 
 1907      FE000000 
 1907      003FC0
 1908 06b4 000000FC 		.ascii	"\000\000\000\374\000\376\000\000\007\374\000\000\000"
 1908      00FE0000 
 1908      07FC0000 
 1908      00
ARM GAS  C:\Users\bku598\AppData\Local\Temp\ccny8rTm.s 			page 63


 1909 06c1 003FF000 		.ascii	"\000?\360\000\000\000\376\000\374\000\000\017\370\000"
 1909      0000FE00 
 1909      FC00000F 
 1909      F800
 1910 06cf 0000001F 		.ascii	"\000\000\000\037\370\000\000\000~\001\374\000\000\037"
 1910      F8000000 
 1910      7E01FC00 
 1910      001F
 1911 06dd F0000000 		.ascii	"\360\000\000\000\000\007\374\000\000\000\177\001\374"
 1911      0007FC00 
 1911      00007F01 
 1911      FC
 1912 06ea 00007FE0 		.ascii	"\000\000\177\340\000\000\000\000\003\377\000\000\000"
 1912      00000000 
 1912      03FF0000 
 1912      00
 1913 06f7 3F03F800 		.ascii	"?\003\370\000\000\377\300\000\000\000\000\003\377\200"
 1913      00FFC000 
 1913      00000003 
 1913      FF80
 1914 0705 00003F03 		.ascii	"\000\000?\003\370\000\001\377\200\000\000\000\000\000"
 1914      F80001FF 
 1914      80000000 
 1914      0000
 1915 0713 FFE00000 		.ascii	"\377\340\000\000?\207\360\000\007\377\000\000\000\000"
 1915      3F87F000 
 1915      07FF0000 
 1915      0000
 1916 0721 00007FF8 		.ascii	"\000\000\177\370\000\000\037\207\360\000\037\374\000"
 1916      00001F87 
 1916      F0001FFC 
 1916      00
 1917 072e 00000000 		.ascii	"\000\000\000\000\000?\374\000\000\037\307\340\000?\370"
 1917      003FFC00 
 1917      001FC7E0 
 1917      003FF8
 1918 073d 00000000 		.ascii	"\000\000\000\000\000\000\017\377\200\000\037\317\340"
 1918      00000FFF 
 1918      80001FCF 
 1918      E0
 1919 074a 01FFF000 		.ascii	"\001\377\360\000\000\000\000\000\000\003\377\340\000"
 1919      00000000 
 1919      0003FFE0 
 1919      00
 1920 0757 0FFFC007 		.ascii	"\017\377\300\007\377\300\000\000\000\000\000\000\001"
 1920      FFC00000 
 1920      00000000 
 1920      01
 1921 0764 FFF8000F 		.ascii	"\377\370\000\017\377\300?\377\200\000\000\000\000\000"
 1921      FFC03FFF 
 1921      80000000 
 1921      0000
 1922 0772 00007FFF 		.ascii	"\000\000\177\377\200\007\377\203\377\376\000\000\000"
 1922      8007FF83 
 1922      FFFE0000 
 1922      00
 1923 077f 00000000 		.ascii	"\000\000\000\000\000\037\377\374\007\377\377\377\370"
ARM GAS  C:\Users\bku598\AppData\Local\Temp\ccny8rTm.s 			page 64


 1923      001FFFFC 
 1923      07FFFFFF 
 1923      F8
 1924 078c 00000000 		.ascii	"\000\000\000\000\000\000\000\000\017\377\377\377\377"
 1924      00000000 
 1924      0FFFFFFF 
 1924      FF
 1925 0799 FFFFE000 		.ascii	"\377\377\340\000\000\000\000\000\000\000\000\001\377"
 1925      00000000 
 1925      00000001 
 1925      FF
 1926 07a6 FFFFFFFF 		.ascii	"\377\377\377\377\377\200\000\000\000\000\000\000\000"
 1926      FF800000 
 1926      00000000 
 1926      00
 1927 07b3 00003FFF 		.ascii	"\000\000?\377\377\377\377\374\000\000\000\000\000\000"
 1927      FFFFFFFC 
 1927      00000000 
 1927      0000
 1928 07c1 00000000 		.ascii	"\000\000\000\000\017\377\377\377\377\360\000\000\000"
 1928      0FFFFFFF 
 1928      FFF00000 
 1928      00
 1929 07ce 0000     		.ascii	"\000\000"
 1930 07d0 00000000 		.ascii	"\000\000\000\000\000\000\377\377\377\377\000\000\000"
 1930      0000FFFF 
 1930      FFFF0000 
 1930      00
 1931 07dd 00000000 		.ascii	"\000\000\000\000\000\000\000\000\000\017\377\377\340"
 1931      00000000 
 1931      000FFFFF 
 1931      E0
 1932 07ea 00000000 		.ascii	"\000\000\000\000\000\000\000\000\000\000\000\000\000"
 1932      00000000 
 1932      00000000 
 1932      00
 1933 07f7 3FFC0000 		.ascii	"?\374\000\000\000\000\000\000\000"
 1933      00000000 
 1933      00
 1934              		.global	numSV
 1935              		.section	.rodata.numSV,"a"
 1936              		.align	2
 1939              	numSV:
 1940 0000 00000000 		.ascii	"\000\000\000\000\000\000\000\000\000\000\000\000\000"
 1940      00000000 
 1940      00000000 
 1940      00
 1941 000d 00000000 		.ascii	"\000\000\000\000\000\000\000\000\000\000\000\000\000"
 1941      00000000 
 1941      00000000 
 1941      00
 1942 001a 00000000 		.ascii	"\000\000\000\000\000\000\000\000\000\000\000\000\000"
 1942      00000000 
 1942      00000000 
 1942      00
 1943 0027 00000000 		.ascii	"\000\000\000\000\003\310\020\000\000\000\000\000\000"
 1943      03C81000 
ARM GAS  C:\Users\bku598\AppData\Local\Temp\ccny8rTm.s 			page 65


 1943      00000000 
 1943      00
 1944 0034 00042810 		.ascii	"\000\004(\020\000\000\000\000\\B{\204\004 \000\000\000"
 1944      00000000 
 1944      5C427B84 
 1944      04200000 
 1944      00
 1945 0045 00624244 		.ascii	"\000bBDD\004 \000\000\000\000BBDC\304 \000\000\000\000"
 1945      44042000 
 1945      00000042 
 1945      424443C4 
 1945      20000000 
 1946 005a 42424440 		.ascii	"BBD@\"@\000\000\000\000BBD@\"@\000\000\000\000BFDD!"
 1946      22400000 
 1946      00004242 
 1946      44402240 
 1946      00000000 
 1947 0073 80000000 		.ascii	"\200\000\000\000\000B:DC\301\200\000\000\000\000\000"
 1947      00423A44 
 1947      43C18000 
 1947      00000000 
 1948 0083 00000000 		.ascii	"\000\000\000\000\000\000\000\000\000\000\000\000\000"
 1948      00000000 
 1948      00000000 
 1948      00
 1949 0090 00000000 		.ascii	"\000\000\000\000\000\000"
 1949      0000
 1950              		.global	digit_9
 1951              		.section	.rodata.digit_9,"a"
 1952              		.align	2
 1955              	digit_9:
 1956 0000 00000000 		.ascii	"\000\000\000\000\000\000\000\000\000\000\036\000!\000"
 1956      00000000 
 1956      00001E00 
 1956      2100
 1957 000e 21002100 		.ascii	"!\000!\000!\000\037\000\001\000\002\000\034\000\000"
 1957      21001F00 
 1957      01000200 
 1957      1C0000
 1958 001d 00       		.ascii	"\000"
 1959              		.global	digit_8
 1960              		.section	.rodata.digit_8,"a"
 1961              		.align	2
 1964              	digit_8:
 1965 0000 00000000 		.ascii	"\000\000\000\000\000\000\000\000\000\000\036\000!\000"
 1965      00000000 
 1965      00001E00 
 1965      2100
 1966 000e 21002100 		.ascii	"!\000!\000\036\000!\000!\000!\000\036\000\000\000"
 1966      1E002100 
 1966      21002100 
 1966      1E000000 
 1967              		.global	digit_7
 1968              		.section	.rodata.digit_7,"a"
 1969              		.align	2
 1972              	digit_7:
 1973 0000 00000000 		.ascii	"\000\000\000\000\000\000\000\000\000\000?\000\001\000"
ARM GAS  C:\Users\bku598\AppData\Local\Temp\ccny8rTm.s 			page 66


 1973      00000000 
 1973      00003F00 
 1973      0100
 1974 000e 02000200 		.ascii	"\002\000\002\000\004\000\004\000\010\000\010\000\020"
 1974      04000400 
 1974      08000800 
 1974      10
 1975 001b 000000   		.ascii	"\000\000\000"
 1976              		.global	digit_6
 1977              		.section	.rodata.digit_6,"a"
 1978              		.align	2
 1981              	digit_6:
 1982 0000 00000000 		.ascii	"\000\000\000\000\000\000\000\000\000\000\016\000\020"
 1982      00000000 
 1982      00000E00 
 1982      10
 1983 000d 0020003E 		.ascii	"\000 \000>\000!\000!\000!\000!\000\036\000\000\000"
 1983      00210021 
 1983      00210021 
 1983      001E0000 
 1983      00
 1984              		.global	digit_5
 1985              		.section	.rodata.digit_5,"a"
 1986              		.align	2
 1989              	digit_5:
 1990 0000 00000000 		.ascii	"\000\000\000\000\000\000\000\000\000\000?\000 \000 "
 1990      00000000 
 1990      00003F00 
 1990      200020
 1991 000f 003E0001 		.ascii	"\000>\000\001\000\001\000\001\000!\000\036\000\000\000"
 1991      00010001 
 1991      0021001E 
 1991      000000
 1992              		.global	digit_4
 1993              		.section	.rodata.digit_4,"a"
 1994              		.align	2
 1997              	digit_4:
 1998 0000 00000000 		.ascii	"\000\000\000\000\000\000\000\000\000\000\002\000\006"
 1998      00000000 
 1998      00000200 
 1998      06
 1999 000d 000A0012 		.ascii	"\000\012\000\022\000\"\000?\200\002\000\002\000\002"
 1999      0022003F 
 1999      80020002 
 1999      0002
 2000 001b 000000   		.ascii	"\000\000\000"
 2001              		.global	digit_3
 2002              		.section	.rodata.digit_3,"a"
 2003              		.align	2
 2006              	digit_3:
 2007 0000 00000000 		.ascii	"\000\000\000\000\000\000\000\000\000\000\036\000!\000"
 2007      00000000 
 2007      00001E00 
 2007      2100
 2008 000e 01000100 		.ascii	"\001\000\001\000\016\000\001\000\001\000!\000\036\000"
 2008      0E000100 
 2008      01002100 
ARM GAS  C:\Users\bku598\AppData\Local\Temp\ccny8rTm.s 			page 67


 2008      1E00
 2009 001c 0000     		.ascii	"\000\000"
 2010              		.global	digit_2
 2011              		.section	.rodata.digit_2,"a"
 2012              		.align	2
 2015              	digit_2:
 2016 0000 00000000 		.ascii	"\000\000\000\000\000\000\000\000\000\000\036\000!\000"
 2016      00000000 
 2016      00001E00 
 2016      2100
 2017 000e 21000100 		.ascii	"!\000\001\000\002\000\014\000\020\000 \000?\000\000"
 2017      02000C00 
 2017      10002000 
 2017      3F0000
 2018 001d 00       		.ascii	"\000"
 2019              		.global	digit_1
 2020              		.section	.rodata.digit_1,"a"
 2021              		.align	2
 2024              	digit_1:
 2025 0000 00000000 		.ascii	"\000\000\000\000\000\000\000\000\000\000\004\000\034"
 2025      00000000 
 2025      00000400 
 2025      1C
 2026 000d 00040004 		.ascii	"\000\004\000\004\000\004\000\004\000\004\000\004\000"
 2026      00040004 
 2026      00040004 
 2026      00
 2027 001a 1F000000 		.ascii	"\037\000\000\000"
 2028              		.global	digit_0
 2029              		.section	.rodata.digit_0,"a"
 2030              		.align	2
 2033              	digit_0:
 2034 0000 00000000 		.ascii	"\000\000\000\000\000\000\000\000\000\000\036\000!\000"
 2034      00000000 
 2034      00001E00 
 2034      2100
 2035 000e 21002100 		.ascii	"!\000!\000!\000!\000!\000!\000\036\000\000\000"
 2035      21002100 
 2035      21002100 
 2035      1E000000 
 2036              		.global	icon_bt_20x20
 2037              		.section	.rodata.icon_bt_20x20,"a"
 2038              		.align	2
 2041              	icon_bt_20x20:
 2042 0000 00600000 		.ascii	"\000`\000\000x\000\000|\000\000n\000\000g\200\034c\200"
 2042      7800007C 
 2042      00006E00 
 2042      0067801C 
 2042      6380
 2043 0012 1E678007 		.ascii	"\036g\200\007\376\000\003\374\000\001\360\000\000\360"
 2043      FE0003FC 
 2043      0001F000 
 2043      00F0
 2044 0020 0003FC00 		.ascii	"\000\003\374\000\007\376\000\016g\200\034c\200\000g"
 2044      07FE000E 
 2044      67801C63 
 2044      800067
ARM GAS  C:\Users\bku598\AppData\Local\Temp\ccny8rTm.s 			page 68


 2045 002f 80006E00 		.ascii	"\200\000n\000\000|\000\000x\000\000`\000"
 2045      007C0000 
 2045      78000060 
 2045      00
 2046              		.global	sendData_Logo
 2047              		.section	.rodata.sendData_Logo,"a"
 2048              		.align	2
 2051              	sendData_Logo:
 2052 0000 00000000 		.ascii	"\000\000\000\000\000\000\000\000\000\000\000\000\000"
 2052      00000000 
 2052      00000000 
 2052      00
 2053 000d 00000000 		.ascii	"\000\000\000\000\000\000\000\000\000\000\000\000\000"
 2053      00000000 
 2053      00000000 
 2053      00
 2054 001a 00000000 		.ascii	"\000\000\000\000\000\000\000\000\000\000\000\000\000"
 2054      00000000 
 2054      00000000 
 2054      00
 2055 0027 00000010 		.ascii	"\000\000\000\020\002\000\000\000\000\000\000\000\000"
 2055      02000000 
 2055      00000000 
 2055      00
 2056 0034 00000010 		.ascii	"\000\000\000\020\002\001\000\000\000\000\000\000\000"
 2056      02010000 
 2056      00000000 
 2056      00
 2057 0041 00000010 		.ascii	"\000\000\000\020\002\001\000\000\000\000\000\000\000"
 2057      02010000 
 2057      00000000 
 2057      00
 2058 004e 3CF2E1F0 		.ascii	"<\362\341\360>{\347\200\000\000\000\000\000A\013\022"
 2058      3E7BE780 
 2058      00000000 
 2058      00410B12 
 2059 005e 10420500 		.ascii	"\020B\005\000@\000\000\000\000\000A\012\022\020B\005"
 2059      40000000 
 2059      0000410A 
 2059      12104205 
 2060 006e 00400000 		.ascii	"\000@\000\000\000\000\0009\372\022\020B}\007\300\000"
 2060      00000039 
 2060      FA121042 
 2060      7D07C000 
 2061 007e 00000000 		.ascii	"\000\000\000\000\005\002\022\020B\205\010@\000\000\000"
 2061      05021210 
 2061      42850840 
 2061      000000
 2062 008d 0000050A 		.ascii	"\000\000\005\012\0220F\205\010@\000\000\000\000\000"
 2062      12304685 
 2062      08400000 
 2062      000000
 2063 009c 78F211D0 		.ascii	"x\362\021\320:|\347\300\000\000\000\000\000\000\000"
 2063      3A7CE7C0 
 2063      00000000 
 2063      000000
 2064 00ab 00000000 		.ascii	"\000\000\000\000\000\000\000\000\000\000\000\000\000"
ARM GAS  C:\Users\bku598\AppData\Local\Temp\ccny8rTm.s 			page 69


 2064      00000000 
 2064      00000000 
 2064      00
 2065 00b8 00000000 		.ascii	"\000\000\000\000\000\000\000\000\000\000\000"
 2065      00000000 
 2065      000000
 2066              		.global	startMeasure
 2067              		.section	.rodata.startMeasure,"a"
 2068              		.align	2
 2071              	startMeasure:
 2072 0000 00000000 		.ascii	"\000\000\000\000\000\000\000\000\000\000\000\000\000"
 2072      00000000 
 2072      00000000 
 2072      00
 2073 000d 00000000 		.ascii	"\000\000\000\000\000\000\000\000\000\000\000\000\000"
 2073      00000000 
 2073      00000000 
 2073      00
 2074 001a 00000000 		.ascii	"\000\000\000\000\000\000\000\000\000\000\000\000\000"
 2074      00000000 
 2074      00000000 
 2074      00
 2075 0027 00000000 		.ascii	"\000\000\000\000\000\000\000\000\000\000\000\000\000"
 2075      00000000 
 2075      00000000 
 2075      00
 2076 0034 01000080 		.ascii	"\001\000\000\200\000\000\000\000\000\000\000\000\000"
 2076      00000000 
 2076      00000000 
 2076      00
 2077 0041 01000080 		.ascii	"\001\000\000\200\000\000\000\000\000\000\000\000\000"
 2077      00000000 
 2077      00000000 
 2077      00
 2078 004e 3FE797F0 		.ascii	"?\347\227\360{\203\307\217BY\340\000\000A\000X\200D"
 2078      7B83C78F 
 2078      4259E000 
 2078      00410058 
 2078      8044
 2079 0060 44205042 		.ascii	"D PBb\020\000\000A\000P\200DD PBB\020\000\0009\007\320"
 2079      62100000 
 2079      41005080 
 2079      44442050 
 2079      42421000 
 2080 0078 804447E7 		.ascii	"\200DG\347\316BC\360\000\000\005\010P\200DD\010ABB\000"
 2080      CE4243F0 
 2080      00000508 
 2080      50804444 
 2080      08414242 
 2081 008d 00000508 		.ascii	"\000\000\005\010P\200DD(AFB\020\000\000x\347\320pDC"
 2081      50804444 
 2081      28414642 
 2081      10000078 
 2081      E7D07044 
 2082 00a2 C7DE3A41 		.ascii	"\307\336:A\340\000\000\000\000\000\000\000\000\000\000"
 2082      E0000000 
 2082      00000000 
ARM GAS  C:\Users\bku598\AppData\Local\Temp\ccny8rTm.s 			page 70


 2082      000000
 2083 00b1 00000000 		.ascii	"\000\000\000\000\000\000\000\000\000\000\000\000\000"
 2083      00000000 
 2083      00000000 
 2083      00
 2084 00be 00000000 		.ascii	"\000\000\000\000\000"
 2084      00
 2085              		.global	connecttoUSB
 2086              		.section	.rodata.connecttoUSB,"a"
 2087              		.align	2
 2090              	connecttoUSB:
 2091 0000 00000000 		.ascii	"\000\000\000\000\000\000\000\000\000\000\000\000\000"
 2091      00000000 
 2091      00000000 
 2091      00
 2092 000d 00000000 		.ascii	"\000\000\000\000\000\000\000\000\000\000\000\000\000"
 2092      00000000 
 2092      00000000 
 2092      00
 2093 001a 00000000 		.ascii	"\000\000\000\000\000\000\000\000\000\000\000\000\000"
 2093      00000000 
 2093      00000000 
 2093      00
 2094 0027 00000000 		.ascii	"\000\000\000\000\000\000\000\000\000\000\000\000\000"
 2094      00000000 
 2094      00000000 
 2094      00
 2095 0034 00000000 		.ascii	"\000\000\000\000\000\020\010\000\010#\307\200\000\000"
 2095      00100800 
 2095      0823C780 
 2095      0000
 2096 0042 00000000 		.ascii	"\000\000\000\000\020\010\000\010$$@\0008\362\342\341"
 2096      10080008 
 2096      24244000 
 2096      38F2E2E1 
 2097 0052 E3BE1F3C 		.ascii	"\343\276\037<\010$\004@\000E\013\023\022\024P\010B\010"
 2097      08240440 
 2097      00450B13 
 2097      12145008 
 2097      4208
 2098 0064 24044000 		.ascii	"$\004@\000A\012\022\022\024\020\010B\010#\307\300\000"
 2098      410A1212 
 2098      14100842 
 2098      0823C7C0 
 2098      00
 2099 0075 410A1213 		.ascii	"A\012\022\023\364\020\010B\010 $ \000A\012\022\022\004"
 2099      F4100842 
 2099      08202420 
 2099      00410A12 
 2099      1204
 2100 0087 10084208 		.ascii	"\020\010B\010 $ \000E\012\022\022\024P\010B\004D$ \000"
 2100      20242000 
 2100      450A1212 
 2100      14500842 
 2100      04442420 
 2101 009c 38F21211 		.ascii	"8\362\022\021\343\216\007<\003\203\307\300\000\000\000"
 2101      E38E073C 
ARM GAS  C:\Users\bku598\AppData\Local\Temp\ccny8rTm.s 			page 71


 2101      0383C7C0 
 2101      000000
 2102 00ab 00000000 		.ascii	"\000\000\000\000\000\000\000\000\000\000\000\000\000"
 2102      00000000 
 2102      00000000 
 2102      00
 2103 00b8 00000000 		.ascii	"\000\000\000\000\000\000\000\000\000\000\000"
 2103      00000000 
 2103      000000
 2104              		.global	icon_gps_20x20
 2105              		.section	.rodata.icon_gps_20x20,"a"
 2106              		.align	2
 2109              	icon_gps_20x20:
 2110 0000 06000007 		.ascii	"\006\000\000\007\000\000\007\200\000\003\300\000\001"
 2110      00000780 
 2110      0003C000 
 2110      01
 2111 000d C40000FC 		.ascii	"\304\000\000\374\000\000>\000\000\177\000\003?\000\005"
 2111      00003E00 
 2111      007F0003 
 2111      3F0005
 2112 001c FE0000FF 		.ascii	"\376\000\000\377\000\000#\200\2441\300\264\020\340\323"
 2112      00002380 
 2112      A431C0B4 
 2112      10E0D3
 2113 002b 20704800 		.ascii	" pH\000 &\000\0003\000\000\034\000\000\007\000\000"
 2113      20260000 
 2113      3300001C 
 2113      00000700 
 2113      00
 2114              		.global	batFram
 2115              		.section	.rodata.batFram,"a"
 2116              		.align	2
 2119              	batFram:
 2120 0000 3FF8FFFE 		.ascii	"?\370\377\376\377\376\200\002\200\002\200\002\200\002"
 2120      FFFE8002 
 2120      80028002 
 2120      8002
 2121 000e 80028002 		.ascii	"\200\002\200\002\200\002\200\002\200\002\200\002\200"
 2121      80028002 
 2121      80028002 
 2121      80
 2122 001b 02800280 		.ascii	"\002\200\002\200\002\200\002\200\002\200\002\377\376"
 2122      02800280 
 2122      028002FF 
 2122      FE
 2123              		.global	digits
 2124              		.section	.data.digits,"aw"
 2125              		.align	2
 2128              	digits:
 2129 0000 00000000 		.word	digit_0
 2130 0004 00000000 		.word	digit_1
 2131 0008 00000000 		.word	digit_2
 2132 000c 00000000 		.word	digit_3
 2133 0010 00000000 		.word	digit_4
 2134 0014 00000000 		.word	digit_5
 2135 0018 00000000 		.word	digit_6
ARM GAS  C:\Users\bku598\AppData\Local\Temp\ccny8rTm.s 			page 72


 2136 001c 00000000 		.word	digit_7
 2137 0020 00000000 		.word	digit_8
 2138 0024 00000000 		.word	digit_9
 2139              		.global	display_busy
 2140              		.section	.bss.display_busy,"aw",%nobits
 2143              	display_busy:
 2144 0000 00       		.space	1
 2145              		.section	.bss.buffer,"aw",%nobits
 2146              		.align	2
 2149              	buffer:
 2150 0000 00000000 		.space	8192
 2150      00000000 
 2150      00000000 
 2150      00000000 
 2150      00000000 
 2151              		.text
 2152              	.Letext0:
 2153              		.file 2 "C:\\dev\\tools\\gcc-arm-none-eabi-13.3\\bin\\../lib/gcc/arm-none-eabi/13.3.1/../../../../
 2154              		.file 3 "C:\\dev\\tools\\gcc-arm-none-eabi-13.3\\bin\\../lib/gcc/arm-none-eabi/13.3.1/../../../../
 2155              		.file 4 "Drivers/CMSIS/Device/ST/STM32WBxx/Include/stm32wb55xx.h"
 2156              		.file 5 "C:\\dev\\tools\\gcc-arm-none-eabi-13.3\\bin\\../lib/gcc/arm-none-eabi/13.3.1/include/stdd
 2157              		.file 6 "Drivers/STM32WBxx_HAL_Driver/Inc/stm32wbxx_hal_def.h"
 2158              		.file 7 "Drivers/STM32WBxx_HAL_Driver/Inc/stm32wbxx_hal_dma.h"
 2159              		.file 8 "Drivers/STM32WBxx_HAL_Driver/Inc/stm32wbxx_hal_i2c.h"
 2160              		.file 9 "Core/Inc/app_conf.h"
 2161              		.file 10 "Core/Inc/gps.h"
 2162              		.file 11 "Core/Inc/bmi270.h"
 2163              		.file 12 "Core/Inc/oled_display.h"
 2164              		.file 13 "C:\\dev\\tools\\gcc-arm-none-eabi-13.3\\bin\\../lib/gcc/arm-none-eabi/13.3.1/../../../..
 2165              		.file 14 "Drivers/STM32WBxx_HAL_Driver/Inc/stm32wbxx_hal.h"
ARM GAS  C:\Users\bku598\AppData\Local\Temp\ccny8rTm.s 			page 73


DEFINED SYMBOLS
                            *ABS*:00000000 oled_display.c
C:\Users\bku598\AppData\Local\Temp\ccny8rTm.s:21     .text.Oled_SendCommand:00000000 $t
C:\Users\bku598\AppData\Local\Temp\ccny8rTm.s:27     .text.Oled_SendCommand:00000000 Oled_SendCommand
C:\Users\bku598\AppData\Local\Temp\ccny8rTm.s:68     .text.Oled_SendCommand:00000028 $d
C:\Users\bku598\AppData\Local\Temp\ccny8rTm.s:73     .text.Oled_SendData:00000000 $t
C:\Users\bku598\AppData\Local\Temp\ccny8rTm.s:79     .text.Oled_SendData:00000000 Oled_SendData
C:\Users\bku598\AppData\Local\Temp\ccny8rTm.s:118    .text.Oled_SendData:00000028 $d
C:\Users\bku598\AppData\Local\Temp\ccny8rTm.s:123    .text.Oled_init:00000000 $t
C:\Users\bku598\AppData\Local\Temp\ccny8rTm.s:129    .text.Oled_init:00000000 Oled_init
C:\Users\bku598\AppData\Local\Temp\ccny8rTm.s:274    .text.Oled_DrawPixel:00000000 $t
C:\Users\bku598\AppData\Local\Temp\ccny8rTm.s:280    .text.Oled_DrawPixel:00000000 Oled_DrawPixel
C:\Users\bku598\AppData\Local\Temp\ccny8rTm.s:353    .text.Oled_DrawPixel:00000044 $d
C:\Users\bku598\AppData\Local\Temp\ccny8rTm.s:2149   .bss.buffer:00000000 buffer
C:\Users\bku598\AppData\Local\Temp\ccny8rTm.s:358    .text.Oled_Update:00000000 $t
C:\Users\bku598\AppData\Local\Temp\ccny8rTm.s:364    .text.Oled_Update:00000000 Oled_Update
C:\Users\bku598\AppData\Local\Temp\ccny8rTm.s:423    .text.Oled_Update:0000004c $d
C:\Users\bku598\AppData\Local\Temp\ccny8rTm.s:429    .text.Oled_Clear:00000000 $t
C:\Users\bku598\AppData\Local\Temp\ccny8rTm.s:435    .text.Oled_Clear:00000000 Oled_Clear
C:\Users\bku598\AppData\Local\Temp\ccny8rTm.s:467    .text.Oled_Clear:00000018 $d
C:\Users\bku598\AppData\Local\Temp\ccny8rTm.s:472    .text.SSD1327_UpdateArea:00000000 $t
C:\Users\bku598\AppData\Local\Temp\ccny8rTm.s:478    .text.SSD1327_UpdateArea:00000000 SSD1327_UpdateArea
C:\Users\bku598\AppData\Local\Temp\ccny8rTm.s:601    .text.SSD1327_UpdateArea:0000007c $d
C:\Users\bku598\AppData\Local\Temp\ccny8rTm.s:607    .text.DrawSquare:00000000 $t
C:\Users\bku598\AppData\Local\Temp\ccny8rTm.s:613    .text.DrawSquare:00000000 DrawSquare
C:\Users\bku598\AppData\Local\Temp\ccny8rTm.s:695    .text.DrawLine:00000000 $t
C:\Users\bku598\AppData\Local\Temp\ccny8rTm.s:701    .text.DrawLine:00000000 DrawLine
C:\Users\bku598\AppData\Local\Temp\ccny8rTm.s:851    .text.DrawCircle:00000000 $t
C:\Users\bku598\AppData\Local\Temp\ccny8rTm.s:857    .text.DrawCircle:00000000 DrawCircle
C:\Users\bku598\AppData\Local\Temp\ccny8rTm.s:1044   .text.Oled_Draw1BitImage:00000000 $t
C:\Users\bku598\AppData\Local\Temp\ccny8rTm.s:1050   .text.Oled_Draw1BitImage:00000000 Oled_Draw1BitImage
C:\Users\bku598\AppData\Local\Temp\ccny8rTm.s:1166   .text.Oled_drawDigit:00000000 $t
C:\Users\bku598\AppData\Local\Temp\ccny8rTm.s:1172   .text.Oled_drawDigit:00000000 Oled_drawDigit
C:\Users\bku598\AppData\Local\Temp\ccny8rTm.s:1260   .text.Oled_drawDigit:00000070 $d
C:\Users\bku598\AppData\Local\Temp\ccny8rTm.s:2128   .data.digits:00000000 digits
C:\Users\bku598\AppData\Local\Temp\ccny8rTm.s:1266   .text.UpdateClockDisplay:00000000 $t
C:\Users\bku598\AppData\Local\Temp\ccny8rTm.s:1272   .text.UpdateClockDisplay:00000000 UpdateClockDisplay
C:\Users\bku598\AppData\Local\Temp\ccny8rTm.s:1329   .text.UpdateClockDisplay:00000040 $d
C:\Users\bku598\AppData\Local\Temp\ccny8rTm.s:1334   .text.Oled_drawColon:00000000 $t
C:\Users\bku598\AppData\Local\Temp\ccny8rTm.s:1340   .text.Oled_drawColon:00000000 Oled_drawColon
C:\Users\bku598\AppData\Local\Temp\ccny8rTm.s:1385   .text.Oled_introScreen:00000000 $t
C:\Users\bku598\AppData\Local\Temp\ccny8rTm.s:1391   .text.Oled_introScreen:00000000 Oled_introScreen
C:\Users\bku598\AppData\Local\Temp\ccny8rTm.s:1494   .text.Oled_introScreen:00000090 $d
C:\Users\bku598\AppData\Local\Temp\ccny8rTm.s:1780   .rodata.Afry_logo:00000000 Afry_logo
C:\Users\bku598\AppData\Local\Temp\ccny8rTm.s:1623   .rodata.KG_logo:00000000 KG_logo
C:\Users\bku598\AppData\Local\Temp\ccny8rTm.s:2109   .rodata.icon_gps_20x20:00000000 icon_gps_20x20
C:\Users\bku598\AppData\Local\Temp\ccny8rTm.s:2041   .rodata.icon_bt_20x20:00000000 icon_bt_20x20
C:\Users\bku598\AppData\Local\Temp\ccny8rTm.s:1939   .rodata.numSV:00000000 numSV
C:\Users\bku598\AppData\Local\Temp\ccny8rTm.s:1503   .text.mainMenu:00000000 $t
C:\Users\bku598\AppData\Local\Temp\ccny8rTm.s:1509   .text.mainMenu:00000000 mainMenu
C:\Users\bku598\AppData\Local\Temp\ccny8rTm.s:1569   .text.mainMenu:00000048 $d
C:\Users\bku598\AppData\Local\Temp\ccny8rTm.s:2071   .rodata.startMeasure:00000000 startMeasure
C:\Users\bku598\AppData\Local\Temp\ccny8rTm.s:2051   .rodata.sendData_Logo:00000000 sendData_Logo
C:\Users\bku598\AppData\Local\Temp\ccny8rTm.s:2119   .rodata.batFram:00000000 batFram
C:\Users\bku598\AppData\Local\Temp\ccny8rTm.s:1576   .text.oled_numSV:00000000 $t
C:\Users\bku598\AppData\Local\Temp\ccny8rTm.s:1582   .text.oled_numSV:00000000 oled_numSV
C:\Users\bku598\AppData\Local\Temp\ccny8rTm.s:1614   .text.oled_numSV:0000001c $d
ARM GAS  C:\Users\bku598\AppData\Local\Temp\ccny8rTm.s 			page 74


C:\Users\bku598\AppData\Local\Temp\ccny8rTm.s:1620   .rodata.KG_logo:00000000 $d
C:\Users\bku598\AppData\Local\Temp\ccny8rTm.s:1777   .rodata.Afry_logo:00000000 $d
C:\Users\bku598\AppData\Local\Temp\ccny8rTm.s:1936   .rodata.numSV:00000000 $d
C:\Users\bku598\AppData\Local\Temp\ccny8rTm.s:1955   .rodata.digit_9:00000000 digit_9
C:\Users\bku598\AppData\Local\Temp\ccny8rTm.s:1952   .rodata.digit_9:00000000 $d
C:\Users\bku598\AppData\Local\Temp\ccny8rTm.s:1964   .rodata.digit_8:00000000 digit_8
C:\Users\bku598\AppData\Local\Temp\ccny8rTm.s:1961   .rodata.digit_8:00000000 $d
C:\Users\bku598\AppData\Local\Temp\ccny8rTm.s:1972   .rodata.digit_7:00000000 digit_7
C:\Users\bku598\AppData\Local\Temp\ccny8rTm.s:1969   .rodata.digit_7:00000000 $d
C:\Users\bku598\AppData\Local\Temp\ccny8rTm.s:1981   .rodata.digit_6:00000000 digit_6
C:\Users\bku598\AppData\Local\Temp\ccny8rTm.s:1978   .rodata.digit_6:00000000 $d
C:\Users\bku598\AppData\Local\Temp\ccny8rTm.s:1989   .rodata.digit_5:00000000 digit_5
C:\Users\bku598\AppData\Local\Temp\ccny8rTm.s:1986   .rodata.digit_5:00000000 $d
C:\Users\bku598\AppData\Local\Temp\ccny8rTm.s:1997   .rodata.digit_4:00000000 digit_4
C:\Users\bku598\AppData\Local\Temp\ccny8rTm.s:1994   .rodata.digit_4:00000000 $d
C:\Users\bku598\AppData\Local\Temp\ccny8rTm.s:2006   .rodata.digit_3:00000000 digit_3
C:\Users\bku598\AppData\Local\Temp\ccny8rTm.s:2003   .rodata.digit_3:00000000 $d
C:\Users\bku598\AppData\Local\Temp\ccny8rTm.s:2015   .rodata.digit_2:00000000 digit_2
C:\Users\bku598\AppData\Local\Temp\ccny8rTm.s:2012   .rodata.digit_2:00000000 $d
C:\Users\bku598\AppData\Local\Temp\ccny8rTm.s:2024   .rodata.digit_1:00000000 digit_1
C:\Users\bku598\AppData\Local\Temp\ccny8rTm.s:2021   .rodata.digit_1:00000000 $d
C:\Users\bku598\AppData\Local\Temp\ccny8rTm.s:2033   .rodata.digit_0:00000000 digit_0
C:\Users\bku598\AppData\Local\Temp\ccny8rTm.s:2030   .rodata.digit_0:00000000 $d
C:\Users\bku598\AppData\Local\Temp\ccny8rTm.s:2038   .rodata.icon_bt_20x20:00000000 $d
C:\Users\bku598\AppData\Local\Temp\ccny8rTm.s:2048   .rodata.sendData_Logo:00000000 $d
C:\Users\bku598\AppData\Local\Temp\ccny8rTm.s:2068   .rodata.startMeasure:00000000 $d
C:\Users\bku598\AppData\Local\Temp\ccny8rTm.s:2090   .rodata.connecttoUSB:00000000 connecttoUSB
C:\Users\bku598\AppData\Local\Temp\ccny8rTm.s:2087   .rodata.connecttoUSB:00000000 $d
C:\Users\bku598\AppData\Local\Temp\ccny8rTm.s:2106   .rodata.icon_gps_20x20:00000000 $d
C:\Users\bku598\AppData\Local\Temp\ccny8rTm.s:2116   .rodata.batFram:00000000 $d
C:\Users\bku598\AppData\Local\Temp\ccny8rTm.s:2125   .data.digits:00000000 $d
C:\Users\bku598\AppData\Local\Temp\ccny8rTm.s:2143   .bss.display_busy:00000000 display_busy
C:\Users\bku598\AppData\Local\Temp\ccny8rTm.s:2144   .bss.display_busy:00000000 $d
C:\Users\bku598\AppData\Local\Temp\ccny8rTm.s:2146   .bss.buffer:00000000 $d

UNDEFINED SYMBOLS
HAL_I2C_Mem_Write
hi2c1
memset
myGpsData
HAL_Delay
